"Componente_ID","Fila_Alcance_Origen","Bloque","Frente","Metadata_Tipo","Objeto","Componente_API","Componente_Label","Estado_Git","Estado_Partial","Coincide_Git_Partial","Estado_Activo","Asignacion_Actual","RecordType_Relacionado","Referencia_Empresa_Marca","Aplica_PEKING","Exclusivo_Usados","Comportamiento_Actual","Accion_Potencial","Clasificacion","Dependencia","Bloqueo","Responsable_Definicion","Evidencia_Encontrada","Evidencia_Requerida","Prueba_Positiva_Requerida","Prueba_Negativa_Requerida","Nivel_Confianza","Notas"
"S3-0-B7-LAY-001","S3C-B07-01","7","Layouts","Layout","Opportunity","Opportunity-BMW Opportunity Layout","BMW Opportunity Layout","NO_EXISTE","EXISTE","NO_COMPARABLE","SIN_ESTADO_PROPIO","Pendiente de evidencia; el Layout no contiene su asignación","Pendiente de matriz de asignaciones","Campos relevantes: empresaQueFactura__c, Pricebook2Id, RecordTypeId","Sí","No","Expone 80 campos; contenido recuperado individualmente","Validar contenido y asignación antes de proponer cambio","PENDIENTE_EVIDENCIA","Record Types y asignaciones de página/layout","Asignación exacta no versionada","Equipo técnico","List Metadata y retrieve temporal de Partial 2026-08-06","Asignación por Record Type/perfil y captura QA","Abrir registro aplicable y verificar campos/acciones","Verificar que otra Empresa o VU no reciba exposición indebida","ALTO","Existencia no demuestra asignación activa. Referencia matriz anterior: MATRIZ_NOMINAL_S3_0_20260806.csv"
"S3-0-B7-LAY-002","S3C-B07-02","7","Layouts","Layout","Account","Account-BMW Cuenta Empresarial  V2","BMW Cuenta Empresarial V2","NO_EXISTE","EXISTE","NO_COMPARABLE","SIN_ESTADO_PROPIO","Pendiente de evidencia; el Layout no contiene su asignación","Pendiente de matriz de asignaciones","Campos relevantes: CorreoElectronicoEmpresarial__c, RecordTypeId, CorreoElectronicoEmpresarial__c, RecordTypeId","Por determinar","No","Expone 64 campos; contenido recuperado individualmente","Validar contenido y asignación antes de proponer cambio","BLOQUEADO_NEGOCIO","Modelo Account por Empresa","No se confirmó variante PEKING ni asignación","Negocio","List Metadata y retrieve temporal de Partial 2026-08-06","Asignación por Record Type/perfil y captura QA","Abrir registro aplicable y verificar campos/acciones","Verificar que otra Empresa o VU no reciba exposición indebida","ALTO","Existencia no demuestra asignación activa. Referencia matriz anterior: MATRIZ_NOMINAL_S3_0_20260806.csv"
"S3-0-B7-LAY-003","S3C-B07-03","7","Layouts","Layout","Product2","Product2-VehiculosParaV2","VehiculosParaV2","NO_EXISTE","EXISTE","NO_COMPARABLE","SIN_ESTADO_PROPIO","Pendiente de evidencia; el Layout no contiene su asignación","Pendiente de matriz de asignaciones","Campos relevantes: Marca__c, Empresa__c, RecordTypeId, cantidadInventario__c, cantidadDisponible__c","Sí","No","Expone 47 campos; contenido recuperado individualmente","Validar contenido y asignación antes de proponer cambio","SOLO_VALIDACION","Campos Product2 y Record Types","QA positivo sin datos oficiales","QA","List Metadata y retrieve temporal de Partial 2026-08-06","Asignación por Record Type/perfil y captura QA","Abrir registro aplicable y verificar campos/acciones","Verificar que otra Empresa o VU no reciba exposición indebida","ALTO","Existencia no demuestra asignación activa. Referencia matriz anterior: MATRIZ_NOMINAL_S3_0_20260806.csv"
"S3-0-B7-LAY-004","S3C-B07-03","7","Layouts","Layout","Product2","Product2-Product Layout V1.1","Product Layout V1.1","NO_EXISTE","EXISTE","NO_COMPARABLE","SIN_ESTADO_PROPIO","Pendiente de evidencia; el Layout no contiene su asignación","Pendiente de matriz de asignaciones","Campos relevantes: RecordTypeId, Marca__c","Por determinar","No","Expone 27 campos; contenido recuperado individualmente","Validar contenido y asignación antes de proponer cambio","PENDIENTE_EVIDENCIA","Asignación de Record Type Product2","Asignación exacta pendiente","Equipo técnico","List Metadata y retrieve temporal de Partial 2026-08-06","Asignación por Record Type/perfil y captura QA","Abrir registro aplicable y verificar campos/acciones","Verificar que otra Empresa o VU no reciba exposición indebida","ALTO","Existencia no demuestra asignación activa. Referencia matriz anterior: MATRIZ_NOMINAL_S3_0_20260806.csv"
"S3-0-B7-FLX-001","S3C-B07-04","7","FlexiPages","FlexiPage","Opportunity","Opportunity_Record_Page_VN","Opportunity Record Page VN","EXISTE","EXISTE","NO","ASIGNACION_ACTIVA_NO_DEMOSTRADA","RecordPage/AppPage recuperada; asignación por app/perfil no disponible en el artefacto","BMW, Jaecoo, Kawasaki, MINI, Motorrad, Omoda, Polaris","Reglas de visibilidad y componentes: cT_oppChangeData_lwc, expedienteFacturacionPanel, flexipage:column, flexipage:fieldSection, flexipage:tab, flexipage:tabset, flowruntime:interview, force:highlightsPanel, force:recordDetailPanelMobile, force:relatedListContainer, force:relatedListSingleContainer, runtime_sales_activities:activityPanel, runtime_sales_pathassistant:pathAssistant","Sí","No","Partial contiene una Quick Action adicional frente a Git.","Conciliar drift y asignaciones; no modificar en S3-0","DRIFT_GIT_PARTIAL","Asignaciones Lightning y criterio funcional","Asignación activa o decisión funcional pendiente","Equipo técnico / negocio","Tooling API, List Metadata, retrieve temporal y comparación semántica 2026-08-06","Activación por aplicación, Record Type y perfil; QA visual","Abrir la página con Record Type aplicable","Comprobar separación VN/VU y no cruce entre Empresas","ALTO","Partial contiene una Quick Action adicional frente a Git. Referencia matriz anterior: MATRIZ_NOMINAL_S3_0_20260806.csv"
"S3-0-B7-FLX-002","S3C-B07-05","7","FlexiPages","FlexiPage","Quote","Quote_Record_Page_VN","Quote Record Page VN","NO_EXISTE","EXISTE","NO_COMPARABLE","ASIGNACION_ACTIVA_NO_DEMOSTRADA","RecordPage/AppPage recuperada; asignación por app/perfil no disponible en el artefacto","Kawasaki, Motorrad, Otobai, Polaris","Reglas de visibilidad y componentes: addExtraProduct, flexipage:tab, flexipage:tabset, flowruntime:interview, force:detailPanel, force:highlightsPanel, force:relatedListContainer, rm_vn_sync_quote, runtime_sales_activities:activityPanel, runtime_sales_pathassistant:pathAssistant","Sí","No","Visibilidad existente contempla segmentos legacy; modelo Quote PEKING no confirmado.","Conciliar drift y asignaciones; no modificar en S3-0","BLOQUEADO_NEGOCIO","Asignaciones Lightning y criterio funcional","Asignación activa o decisión funcional pendiente","Equipo técnico / negocio","Tooling API, List Metadata, retrieve temporal y comparación semántica 2026-08-06","Activación por aplicación, Record Type y perfil; QA visual","Abrir la página con Record Type aplicable","Comprobar separación VN/VU y no cruce entre Empresas","ALTO","Visibilidad existente contempla segmentos legacy; modelo Quote PEKING no confirmado. Referencia matriz anterior: MATRIZ_NOMINAL_S3_0_20260806.csv"
"S3-0-B7-FLX-003","S3C-B07-05","7","FlexiPages","FlexiPage","Quote","Quote_Record_Page_VU","Quote Record Page VU","NO_EXISTE","EXISTE","NO_COMPARABLE","ASIGNACION_ACTIVA_NO_DEMOSTRADA","RecordPage/AppPage recuperada; asignación por app/perfil no disponible en el artefacto","Sin referencia nominal en visibilidad","Reglas de visibilidad y componentes: addExtraProduct, flexipage:tab, flexipage:tabset, flowruntime:interview, force:detailPanel, force:highlightsPanel, force:relatedListContainer, rm_vn_sync_quote, runtime_sales_activities:activityPanel, runtime_sales_pathassistant:pathAssistant","No","Sí","Página VU separada; PEKING no aplica a usados.","Conciliar drift y asignaciones; no modificar en S3-0","NO_APLICA","Asignaciones Lightning y criterio funcional","Ninguno","Equipo técnico / negocio","Tooling API, List Metadata, retrieve temporal y comparación semántica 2026-08-06","Activación por aplicación, Record Type y perfil; QA visual","Abrir la página con Record Type aplicable","Comprobar separación VN/VU y no cruce entre Empresas","ALTO","Página VU separada; PEKING no aplica a usados. Referencia matriz anterior: MATRIZ_NOMINAL_S3_0_20260806.csv"
"S3-0-B7-FLX-004","S3C-B07-06","7","FlexiPages","FlexiPage","","Estadisticas_Inventario_Usados","Estadísticas Inventario Usados","NO_EXISTE","EXISTE","NO_COMPARABLE","ASIGNACION_ACTIVA_NO_DEMOSTRADA","RecordPage/AppPage recuperada; asignación por app/perfil no disponible en el artefacto","Sin referencia nominal en visibilidad","Reglas de visibilidad y componentes: cT_Estadisticas_Inventario_lwc","No","Sí","App Page exclusiva de usados.","Conciliar drift y asignaciones; no modificar en S3-0","NO_APLICA","Asignaciones Lightning y criterio funcional","Ninguno","Equipo técnico / negocio","Tooling API, List Metadata, retrieve temporal y comparación semántica 2026-08-06","Activación por aplicación, Record Type y perfil; QA visual","Abrir la página con Record Type aplicable","Comprobar separación VN/VU y no cruce entre Empresas","ALTO","App Page exclusiva de usados. Referencia matriz anterior: MATRIZ_NOMINAL_S3_0_20260806.csv"
"S3-0-B7-FLX-005","S3C-B07-06","7","FlexiPages","FlexiPage","","Ver_Inventario_Vehiculos_Usados","Ver Inventario de Vehículos Usados","NO_EXISTE","EXISTE","NO_COMPARABLE","ASIGNACION_ACTIVA_NO_DEMOSTRADA","RecordPage/AppPage recuperada; asignación por app/perfil no disponible en el artefacto","Sin referencia nominal en visibilidad","Reglas de visibilidad y componentes: rm_vu_crear_opp","No","Sí","App Page exclusiva de usados.","Conciliar drift y asignaciones; no modificar en S3-0","NO_APLICA","Asignaciones Lightning y criterio funcional","Ninguno","Equipo técnico / negocio","Tooling API, List Metadata, retrieve temporal y comparación semántica 2026-08-06","Activación por aplicación, Record Type y perfil; QA visual","Abrir la página con Record Type aplicable","Comprobar separación VN/VU y no cruce entre Empresas","ALTO","App Page exclusiva de usados. Referencia matriz anterior: MATRIZ_NOMINAL_S3_0_20260806.csv"
"S3-0-B7-QA-001","S3C-B07-07","7","Quick Actions","QuickAction","","BMW_EnviarCorreoPresupuesto","Enviar correo presupuesto","NO_EXISTE","EXISTE","NO_COMPARABLE","EXPOSICION_NO_DEMOSTRADA","Objetivo VisualforcePage: BMW_QuotePDFEmail","Pendiente de exposición en layout/página","Prefijo legacy BMW; dependencia Identidad, plantilla, remitente y datos legales","Sí","No","Invoca VisualforcePage BMW_QuotePDFEmail","Validar reutilización o variante sin duplicar automáticamente","BLOQUEADO_NEGOCIO","Identidad, plantilla, remitente y datos legales","Definición o evidencia pendiente","Negocio","List Metadata y retrieve temporal individual 2026-08-06","Exposición, ejecución con datos oficiales y evidencia visual","Ejecutar acción con Empresa explícita y configuración válida","Bloquear configuración ausente y evitar fallback a otra Empresa","ALTO","No se modificó la acción ni su Flow/Visualforce. Referencia matriz anterior: MATRIZ_NOMINAL_S3_0_20260806.csv"
"S3-0-B7-QA-002","S3C-B07-08","7","Quick Actions","QuickAction","Quote","Quote.BMW_Duplicar_Partidas_de_Presupuesto","Duplicar partidas de presupuesto","NO_EXISTE","EXISTE","NO_COMPARABLE","EXPOSICION_NO_DEMOSTRADA","Objetivo Flow: BMW_DuplicaPartidasDePresupuesto","Pendiente de exposición en layout/página","Prefijo legacy BMW; dependencia Comportamiento del Flow con Empresa","Por determinar","No","Invoca Flow BMW_DuplicaPartidasDePresupuesto","Validar reutilización o variante sin duplicar automáticamente","PENDIENTE_EVIDENCIA","Comportamiento del Flow con Empresa","Definición o evidencia pendiente","Equipo técnico","List Metadata y retrieve temporal individual 2026-08-06","Exposición, ejecución con datos oficiales y evidencia visual","Ejecutar acción con Empresa explícita y configuración válida","Bloquear configuración ausente y evitar fallback a otra Empresa","ALTO","No se modificó la acción ni su Flow/Visualforce. Referencia matriz anterior: MATRIZ_NOMINAL_S3_0_20260806.csv"
"S3-0-B7-QA-003","S3C-B07-09","7","Quick Actions","QuickAction","Quote","Quote.BMW_ImportarPlantilla","Importar plantilla presupuesto","NO_EXISTE","EXISTE","NO_COMPARABLE","EXPOSICION_NO_DEMOSTRADA","Objetivo Flow: BMW_ImportarPlantilla","Pendiente de exposición en layout/página","Prefijo legacy BMW; dependencia Plantillas oficiales y Flow de Sprint 2","Sí","No","Invoca Flow BMW_ImportarPlantilla","Validar reutilización o variante sin duplicar automáticamente","DEPENDENCIA_OTRO_SPRINT","Plantillas oficiales y Flow de Sprint 2","Depende de plantillas oficiales y del Flow BMW_ImportarPlantilla bloqueado en Sprint 2","Negocio / QA","List Metadata y retrieve temporal individual 2026-08-06","Exposición, ejecución con datos oficiales y evidencia visual","Ejecutar acción con Empresa explícita y configuración válida","Bloquear configuración ausente y evitar fallback a otra Empresa","ALTO","No se modificó la acción ni su Flow/Visualforce. Referencia matriz anterior: MATRIZ_NOMINAL_S3_0_20260806.csv"
"S3-0-B7-QA-004","S3C-B07-10","7","Quick Actions","QuickAction","WorkOrder","WorkOrder.BMW_CambiarMoneda","Cambiar moneda - BETA","NO_EXISTE","EXISTE","NO_COMPARABLE","EXPOSICION_NO_DEMOSTRADA","Objetivo VisualforcePage: BMW_ChangeCurrency","Pendiente de exposición en layout/página","Prefijo legacy BMW; dependencia Monedas y Pricebooks oficiales","Sí","No","Invoca VisualforcePage BMW_ChangeCurrency","Validar reutilización o variante sin duplicar automáticamente","BLOQUEADO_NEGOCIO","Monedas y Pricebooks oficiales","Definición o evidencia pendiente","Negocio","List Metadata y retrieve temporal individual 2026-08-06","Exposición, ejecución con datos oficiales y evidencia visual","Ejecutar acción con Empresa explícita y configuración válida","Bloquear configuración ausente y evitar fallback a otra Empresa","ALTO","No se modificó la acción ni su Flow/Visualforce. Referencia matriz anterior: MATRIZ_NOMINAL_S3_0_20260806.csv"
"S3-0-B7-QA-005","S3C-B07-11","7","Quick Actions","QuickAction","WorkOrder","WorkOrder.BMW_ImportarPlantilla","Importar plantilla de OT","NO_EXISTE","EXISTE","NO_COMPARABLE","EXPOSICION_NO_DEMOSTRADA","Objetivo Flow: BMW_Importar_Plantilla_Orden_de_Trabajo","Pendiente de exposición en layout/página","Prefijo legacy BMW; dependencia Catálogos, servicios y taller","Sí","No","Invoca Flow BMW_Importar_Plantilla_Orden_de_Trabajo","Validar reutilización o variante sin duplicar automáticamente","BLOQUEADO_NEGOCIO","Catálogos, servicios y taller","Definición o evidencia pendiente","Negocio","List Metadata y retrieve temporal individual 2026-08-06","Exposición, ejecución con datos oficiales y evidencia visual","Ejecutar acción con Empresa explícita y configuración válida","Bloquear configuración ausente y evitar fallback a otra Empresa","ALTO","No se modificó la acción ni su Flow/Visualforce. Referencia matriz anterior: MATRIZ_NOMINAL_S3_0_20260806.csv"
"S3-0-B9-VR-001","S3C-B09-01","9","Validation Rules","ValidationRule","Opportunity","Opportunity.AprobadorModificaDescuento","AprobadorModificaDescuento","NO_EXISTE","EXISTE","NO_COMPARABLE","INACTIVA","Regla del objeto Opportunity","Según fórmula: sin RT explícito","DescuentoAprobado__c","Por determinar","No","Fórmula inspeccionada: AND(ISCHANGED(DescuentoAprobado__c),\nDescuentoAprobado__c,\nAprobador_Usuario__c != 'Todos',\nAprobador_Usuario__c !=  $User.Id \n)","Definir aplicabilidad y probar; no activar ni modificar en S3-0","BLOQUEADO_NEGOCIO","Política de descuentos/centros de costo y Record Types","QA y aplicabilidad pendientes","Negocio / QA","Tooling API y retrieve temporal individual 2026-08-06","Criterio aprobado, estado esperado y evidencia QA","Caso que debe guardar o avanzar sin disparar la regla","Caso que debe bloquearse con mensaje esperado","ALTO","Una regla inactiva no se clasificó automáticamente como NO_APLICA. Referencia matriz anterior: MATRIZ_NOMINAL_S3_0_20260806.csv"
"S3-0-B9-VR-002","S3C-B09-01","9","Validation Rules","ValidationRule","Opportunity","Opportunity.BMW_OportunidadCerradaGanada","BMW_OportunidadCerradaGanada","NO_EXISTE","EXISTE","NO_COMPARABLE","INACTIVA","Regla del objeto Opportunity","Según fórmula: BMW, Kawasaki, MINI, Motorrad, Polaris","Descuento_Total_Moneda__c, Descuento_Total__c, Descuentos__c, descuento_Regalias__c, descuento_extras__c, descuento_vehiculos_total__c","Por determinar","No","Fórmula inspeccionada: AND(\nNOT(OR(\n        $Profile.Name = 'System Administrator',\n        $Profile.Name = 'Administrador del sistema'\n    )),\n $User.Email<> '[referencia fija omitida]',\nNOT(ISCHANGED(isLocked__c)),\nNOT(ISCHANGED(alertEmail__c)),\nNOT(ISCHANGED(creadaOTReserva__c)),\nNOT(ISCHANGED(modificadaDeQuote__c)),\nNOT(ISCHANGED(FechaUltimoCambioEtapa__c)),\nNOT(ISCHANGED(Costo_Total_de_la_Oportunidad__c)),\nNOT(ISCHANGED(Descuento_Total_Moneda__c)),\nNOT(ISCHANGED(Descuento_Total__c)),\nNOT(ISCHANGED(Monto_en_Mano_de_Obra__c)),\nNOT(ISCHANGED(Monto_en_materiales__c)),\nNOT(ISCHANGED(Monto_en_Subcontrato__c)),\nNOT(ISCHANGED(Montorecibototal__c)),\nNOT(ISCHANGED(Precio_total_de_listas__c)),\nNOT(ISCHANGED(Regal_as__c)),\nNOT(ISCHANGED(SumaCostoTotal__c)),\nNOT(ISCHANGED(SumaPrecioFacturacion__c)),\nNOT(ISCHANGED(SumaListaPrecio__c)),\nNOT(ISCHANGED(Sumatoria_de_Descuentos__c)),\nNOT(ISCHANGED(Total_Costo_Fijo_Softland__c)),\nNOT(ISCHANGED(MontodeExtras__c)),\nNOT(ISCHANGED(MontodeRegalias__c)),\nNOT(ISCHANGED(Valor_descuento_vehiculos_total__c)),\nNOT(ISCHANGED(ValorTotal__c)),\nNOT(ISCHANGED(Valor_total_descuento_extras__c)),\nNOT(ISCHANGED(Valor_total_descuento_Regalias__c)),\nNOT(ISCHANGED(JefeSucursal__c)),\nNOT(ISCHANGED(GerenteSucursal__c)),\nNOT(ISCHANGED(NombreProducto__c)),\nNOT(ISCHANGED(Plazo_Maximo__c)),\nisLocked__c,\nOR(RecordType.Name = 'BMW',\nRecordType.Name = 'Kawasaki',\nRecordType.Name = 'MINI',\nRecordType.Name = 'Polaris',\nRecordType.Name = 'Motorrad'\n)\n)","Definir aplicabilidad y probar; no activar ni modificar en S3-0","BLOQUEADO_NEGOCIO","Política de descuentos/centros de costo y Record Types","QA y aplicabilidad pendientes","Negocio / QA","Tooling API y retrieve temporal individual 2026-08-06","Criterio aprobado, estado esperado y evidencia QA","Caso que debe guardar o avanzar sin disparar la regla","Caso que debe bloquearse con mensaje esperado","ALTO","Una regla inactiva no se clasificó automáticamente como NO_APLICA. Referencia matriz anterior: MATRIZ_NOMINAL_S3_0_20260806.csv"
"S3-0-B9-VR-003","S3C-B09-01","9","Validation Rules","ValidationRule","Opportunity","Opportunity.Cambiar_a_Finalizado_Descuento","Cambiar_a_Finalizado_Descuento","NO_EXISTE","EXISTE","NO_COMPARABLE","ACTIVA","Regla del objeto Opportunity","Según fórmula: BMW, MINI","DescuentoAprobado__c, Descuento_rechazado__c","Sí","No","Fórmula inspeccionada: AND(\n  NOT(CONTAINS($Profile.Name, ""Admin"")),\n  ISPICKVAL(StageName, ""Finalizado""),\n  OR(\n    $RecordType.DeveloperName = ""BMW"",\n    $RecordType.DeveloperName = ""MINI""\n  ),\n  NOT(ISBLANK(Aprobador__c)),\n  Aprobador__c <> ""Vendedor"",\n  OR(\n    NOT(DescuentoAprobado__c),\n    Descuento_rechazado__c\n  )\n)","Definir aplicabilidad y probar; no activar ni modificar en S3-0","BLOQUEADO_NEGOCIO","Política de descuentos/centros de costo y Record Types","Criterio PEKING no confirmado","Negocio","Tooling API y retrieve temporal individual 2026-08-06","Criterio aprobado, estado esperado y evidencia QA","Caso que debe guardar o avanzar sin disparar la regla","Caso que debe bloquearse con mensaje esperado","ALTO","Una regla inactiva no se clasificó automáticamente como NO_APLICA. Referencia matriz anterior: MATRIZ_NOMINAL_S3_0_20260806.csv"
"S3-0-B9-VR-004","S3C-B09-01","9","Validation Rules","ValidationRule","Opportunity","Opportunity.NoModificaAprobador","NoModificaAprobador","NO_EXISTE","EXISTE","NO_COMPARABLE","INACTIVA","Regla del objeto Opportunity","Según fórmula: sin RT explícito","Sin referencia nominal explícita","Por determinar","No","Fórmula inspeccionada: AND(ISCHANGED(Aprobador__c),NOT(ISCHANGED(Aprobador_Flujo__c)))","Definir aplicabilidad y probar; no activar ni modificar en S3-0","BLOQUEADO_NEGOCIO","Política de descuentos/centros de costo y Record Types","QA y aplicabilidad pendientes","Negocio / QA","Tooling API y retrieve temporal individual 2026-08-06","Criterio aprobado, estado esperado y evidencia QA","Caso que debe guardar o avanzar sin disparar la regla","Caso que debe bloquearse con mensaje esperado","ALTO","Una regla inactiva no se clasificó automáticamente como NO_APLICA. Referencia matriz anterior: MATRIZ_NOMINAL_S3_0_20260806.csv"
"S3-0-B9-VR-005","S3C-B09-01","9","Validation Rules","ValidationRule","Opportunity","Opportunity.OfertaDescuentoNoAprobado","OfertaDescuentoNoAprobado","NO_EXISTE","EXISTE","NO_COMPARABLE","INACTIVA","Regla del objeto Opportunity","Según fórmula: sin RT explícito","DescuentoAprobado__c","Por determinar","No","Fórmula inspeccionada: AND( RecordType.Name != 'Taller',\nISPICKVAL ( StageName , ""Oferta"" ), DescuentoAprobado__c = False)","Definir aplicabilidad y probar; no activar ni modificar en S3-0","BLOQUEADO_NEGOCIO","Política de descuentos/centros de costo y Record Types","QA y aplicabilidad pendientes","Negocio / QA","Tooling API y retrieve temporal individual 2026-08-06","Criterio aprobado, estado esperado y evidencia QA","Caso que debe guardar o avanzar sin disparar la regla","Caso que debe bloquearse con mensaje esperado","ALTO","Una regla inactiva no se clasificó automáticamente como NO_APLICA. Referencia matriz anterior: MATRIZ_NOMINAL_S3_0_20260806.csv"
"S3-0-B9-VR-006","S3C-B09-04","9","Validation Rules","ValidationRule","Product2","Product2.No_permita_mas_del_descuento_maximo","No_permita_mas_del_descuento_maximo","NO_EXISTE","EXISTE","NO_COMPARABLE","INACTIVA","Regla del objeto Product2","Según fórmula: sin RT explícito","Descuento__c","Por determinar","No","Fórmula inspeccionada: procentajeMargenMaximo__c <  porcentajeDescuento__c","Definir aplicabilidad y probar; no activar ni modificar en S3-0","BLOQUEADO_NEGOCIO","Política de descuentos/centros de costo y Record Types","QA y aplicabilidad pendientes","Negocio / QA","Tooling API y retrieve temporal individual 2026-08-06","Criterio aprobado, estado esperado y evidencia QA","Caso que debe guardar o avanzar sin disparar la regla","Caso que debe bloquearse con mensaje esperado","ALTO","Una regla inactiva no se clasificó automáticamente como NO_APLICA. Referencia matriz anterior: MATRIZ_NOMINAL_S3_0_20260806.csv"
"S3-0-B9-VR-007","S3C-B09-02","9","Validation Rules","ValidationRule","Quote","Quote.CentrodeCostoLlenoCuandoCostoFijo","CentrodeCostoLlenoCuandoCostoFijo","NO_EXISTE","EXISTE","NO_COMPARABLE","ACTIVA","Regla del objeto Quote","Según fórmula: sin RT explícito","Centro_de_Costo__r","Por determinar","No","Fórmula inspeccionada: AND(\n    BMW_CostoFijo__c = TRUE,\n    ISBLANK(Centro_de_Costo__r.Id) \n)","Definir aplicabilidad y probar; no activar ni modificar en S3-0","BLOQUEADO_NEGOCIO","Política de descuentos/centros de costo y Record Types","QA y aplicabilidad pendientes","Negocio / QA","Tooling API y retrieve temporal individual 2026-08-06","Criterio aprobado, estado esperado y evidencia QA","Caso que debe guardar o avanzar sin disparar la regla","Caso que debe bloquearse con mensaje esperado","ALTO","Una regla inactiva no se clasificó automáticamente como NO_APLICA. Referencia matriz anterior: MATRIZ_NOMINAL_S3_0_20260806.csv"
"S3-0-B9-VR-008","S3C-B09-02","9","Validation Rules","ValidationRule","Quote","Quote.PresupuestoCostoFijoEmpleado","PresupuestoCostoFijoEmpleado","NO_EXISTE","EXISTE","NO_COMPARABLE","ACTIVA","Regla del objeto Quote","Según fórmula: sin RT explícito","Sin referencia nominal explícita","Por determinar","No","Fórmula inspeccionada: AND(BMW_CostoFijo__c = TRUE, Precio_empleado__c = TRUE)","Definir aplicabilidad y probar; no activar ni modificar en S3-0","BLOQUEADO_NEGOCIO","Política de descuentos/centros de costo y Record Types","QA y aplicabilidad pendientes","Negocio / QA","Tooling API y retrieve temporal individual 2026-08-06","Criterio aprobado, estado esperado y evidencia QA","Caso que debe guardar o avanzar sin disparar la regla","Caso que debe bloquearse con mensaje esperado","ALTO","Una regla inactiva no se clasificó automáticamente como NO_APLICA. Referencia matriz anterior: MATRIZ_NOMINAL_S3_0_20260806.csv"
"S3-0-B9-VR-009","S3C-B09-03","9","Validation Rules","ValidationRule","WorkOrder","WorkOrder.BMW_Centro_de_Costos_Obligatorio","BMW_Centro_de_Costos_Obligatorio","NO_EXISTE","EXISTE","NO_COMPARABLE","ACTIVA","Regla del objeto WorkOrder","Según fórmula: sin RT explícito","CentroDeCosto__c","Por determinar","No","Fórmula inspeccionada: AND( ISPICKVAL(tipoDeGasto__c , 'Interno'),\nBMW_CentroDeCosto__c == NULL,\nISCHANGED(tipoDeGasto__c)\n)","Definir aplicabilidad y probar; no activar ni modificar en S3-0","BLOQUEADO_NEGOCIO","Política de descuentos/centros de costo y Record Types","Criterio PEKING no confirmado","Negocio","Tooling API y retrieve temporal individual 2026-08-06","Criterio aprobado, estado esperado y evidencia QA","Caso que debe guardar o avanzar sin disparar la regla","Caso que debe bloquearse con mensaje esperado","ALTO","Una regla inactiva no se clasificó automáticamente como NO_APLICA. Referencia matriz anterior: MATRIZ_NOMINAL_S3_0_20260806.csv"
"S3-0-B9-VR-010","S3C-B09-03","9","Validation Rules","ValidationRule","WorkOrder","WorkOrder.reglaaprobacioncentroDeCosto","reglaaprobacioncentroDeCosto","NO_EXISTE","EXISTE","NO_COMPARABLE","INACTIVA","Regla del objeto WorkOrder","Según fórmula: sin RT explícito","Centro_de_Costos__c","Por determinar","No","Fórmula inspeccionada: AND(\n    ISCHANGED(controlField__c),\n    $User.Id <> Aprobador_Centro_de_Costos__c\n)","Definir aplicabilidad y probar; no activar ni modificar en S3-0","BLOQUEADO_NEGOCIO","Política de descuentos/centros de costo y Record Types","Criterio PEKING no confirmado","Negocio","Tooling API y retrieve temporal individual 2026-08-06","Criterio aprobado, estado esperado y evidencia QA","Caso que debe guardar o avanzar sin disparar la regla","Caso que debe bloquearse con mensaje esperado","ALTO","Una regla inactiva no se clasificó automáticamente como NO_APLICA. Referencia matriz anterior: MATRIZ_NOMINAL_S3_0_20260806.csv"
"S3-0-B9-ROL-013","S3C-B09-08","9","Roles","Role","UserRole","Vendedores_Autos","Vendedores Autos","NO_EXISTE","EXISTE","NO_COMPARABLE","N/A","Parent: Jefe_de_Ventas_Autos; usuarios activos observados: 24","No aplica","Jerarquía Autos/Motos; no existe rol nominal PEKING/Omoda/Jaecoo","Por determinar","No demostrado","Rol vigente en jerarquía; conteo agregado sin identidades personales","Definir jerarquía PEKING antes de crear o alterar roles","BLOQUEADO_NEGOCIO","Modelo de seguridad, sucursales y responsables","Jerarquía PEKING no confirmada","Negocio / Luis","List Metadata, retrieve temporal y conteo agregado de usuarios activos 2026-08-06","Jerarquía aprobada y matriz de acceso","Perfil QA autorizado ve registros de su Empresa","Perfil QA no ve registros de otra Empresa","ALTO","Filtros de interfaz no equivalen a seguridad. Referencia matriz anterior: MATRIZ_NOMINAL_S3_0_20260806.csv"
"S3-0-B9-ROL-014","S3C-B09-08","9","Roles","Role","UserRole","Vendedores_Motos","Vendedores Motos","NO_EXISTE","EXISTE","NO_COMPARABLE","N/A","Parent: Jefe_de_Ventas_Motos; usuarios activos observados: 10","No aplica","Jerarquía Autos/Motos; no existe rol nominal PEKING/Omoda/Jaecoo","Por determinar","No demostrado","Rol vigente en jerarquía; conteo agregado sin identidades personales","Definir jerarquía PEKING antes de crear o alterar roles","BLOQUEADO_NEGOCIO","Modelo de seguridad, sucursales y responsables","Jerarquía PEKING no confirmada","Negocio / Luis","List Metadata, retrieve temporal y conteo agregado de usuarios activos 2026-08-06","Jerarquía aprobada y matriz de acceso","Perfil QA autorizado ve registros de su Empresa","Perfil QA no ve registros de otra Empresa","ALTO","Filtros de interfaz no equivalen a seguridad. Referencia matriz anterior: MATRIZ_NOMINAL_S3_0_20260806.csv"
"S3-0-B9-ROL-015","S3C-B09-08","9","Roles","Role","UserRole","View_All","Admin - View All","NO_EXISTE","EXISTE","NO_COMPARABLE","N/A","Parent: raíz; usuarios activos observados: 12","No aplica","Jerarquía Autos/Motos; no existe rol nominal PEKING/Omoda/Jaecoo","Por determinar","No demostrado","Rol vigente en jerarquía; conteo agregado sin identidades personales","Definir jerarquía PEKING antes de crear o alterar roles","BLOQUEADO_NEGOCIO","Modelo de seguridad, sucursales y responsables","Jerarquía PEKING no confirmada","Negocio / Luis","List Metadata, retrieve temporal y conteo agregado de usuarios activos 2026-08-06","Jerarquía aprobada y matriz de acceso","Perfil QA autorizado ve registros de su Empresa","Perfil QA no ve registros de otra Empresa","ALTO","Filtros de interfaz no equivalen a seguridad. Referencia matriz anterior: MATRIZ_NOMINAL_S3_0_20260806.csv"
"S3-0-B11-CMDT-001","S3C-B11-01","11","Custom Metadata","CustomMetadata","RM_Config__mdt","RM_Config.Default_Price_List_VN","Default Price List VN","NO_EXISTE","EXISTE","NO_COMPARABLE","SIN_ESTADO_PROPIO","Consumidor: RM_VN_CambiarVehiculo_Ctrl; RM_VN_Service","","Descripcion__c=; Description__c=Nombre de la lsiatde precios default para vehiculos nuevos, se utiliza en los componentes al seleccionar inventario; Perfiles__c=; Value__c=Bavarian Dólar","Sí","No","Valores funcionales no sensibles recuperados; RM_VN_CambiarVehiculo_Ctrl; RM_VN_Service","Validar funcionalmente; no modificar en S3-0","BLOQUEADO_NEGOCIO","Pricebook VN oficial y estrategia por Empresa","Decisión o QA pendiente","Negocio / QA","List Metadata, retrieve temporal y búsqueda de consumidores 2026-08-06","Prueba funcional por consumidor","Consumidor resuelve el registro esperado","Configuración ausente o desconocida produce error controlado","ALTO","Referencia matriz anterior: MATRIZ_NOMINAL_S3_0_20260806.csv"
"S3-0-B11-CMDT-002","S3C-B11-02","11","Custom Metadata","CustomMetadata","RM_Config__mdt","RM_Config.Default_Price_List_VU","Default Price List VU","NO_EXISTE","EXISTE","NO_COMPARABLE","SIN_ESTADO_PROPIO","Consumidor: Consumidor no identificado en alcance","","Descripcion__c=; Description__c=; Perfiles__c=; Value__c=Bavarian Dólar","No","Sí","Valores funcionales no sensibles recuperados; Consumidor no identificado en alcance","Validar funcionalmente; no modificar en S3-0","NO_APLICA","Confirmación de exclusión de usados","Ninguno","Negocio / QA","List Metadata, retrieve temporal y búsqueda de consumidores 2026-08-06","Prueba funcional por consumidor","Consumidor resuelve el registro esperado","Configuración ausente o desconocida produce error controlado","ALTO","Referencia matriz anterior: MATRIZ_NOMINAL_S3_0_20260806.csv"
"S3-0-B11-CMDT-003","S3C-B11-02","11","Custom Metadata","CustomMetadata","RM_Config__mdt","RM_Config.Default_Price_List_VU_Currency_Code","Default Price List VU Currency Code","NO_EXISTE","EXISTE","NO_COMPARABLE","SIN_ESTADO_PROPIO","Consumidor: Consumidor no identificado en alcance","","Descripcion__c=; Description__c=; Perfiles__c=; Value__c=USD","No","Sí","Valores funcionales no sensibles recuperados; Consumidor no identificado en alcance","Validar funcionalmente; no modificar en S3-0","NO_APLICA","Confirmación de exclusión de usados","Ninguno","Negocio / QA","List Metadata, retrieve temporal y búsqueda de consumidores 2026-08-06","Prueba funcional por consumidor","Consumidor resuelve el registro esperado","Configuración ausente o desconocida produce error controlado","ALTO","Referencia matriz anterior: MATRIZ_NOMINAL_S3_0_20260806.csv"
"S3-0-B11-CMDT-004","S3C-B11-01","11","Custom Metadata","CustomMetadata","RM_Config__mdt","RM_Config.Flag_OPI","Flag OPI","NO_EXISTE","EXISTE","NO_COMPARABLE","SIN_ESTADO_PROPIO","Consumidor: Consumidor no identificado en alcance","","Descripcion__c=; Description__c=; Perfiles__c=System Administrator,Administrador del sistema; Value__c=true","No demostrado","No","Valores funcionales no sensibles recuperados; Consumidor no identificado en alcance","Validar funcionalmente; no modificar en S3-0","NO_APLICA","Sin relación demostrada con Empresa/PEKING","Ninguno","Negocio / QA","List Metadata, retrieve temporal y búsqueda de consumidores 2026-08-06","Prueba funcional por consumidor","Consumidor resuelve el registro esperado","Configuración ausente o desconocida produce error controlado","ALTO","Referencia matriz anterior: MATRIZ_NOMINAL_S3_0_20260806.csv"
"S3-0-B11-CMDT-005","S3C-B11-01","11","Custom Metadata","CustomMetadata","RM_Config__mdt","RM_Config.PAGE_SIZE_VN","PAGE_SIZE_VN","NO_EXISTE","EXISTE","NO_COMPARABLE","SIN_ESTADO_PROPIO","Consumidor: Consumidor no identificado en alcance","","Descripcion__c=; Description__c=; Perfiles__c=; Value__c=20","No demostrado","No","Valores funcionales no sensibles recuperados; Consumidor no identificado en alcance","Validar funcionalmente; no modificar en S3-0","NO_APLICA","Sin relación demostrada con Empresa/PEKING","Ninguno","Negocio / QA","List Metadata, retrieve temporal y búsqueda de consumidores 2026-08-06","Prueba funcional por consumidor","Consumidor resuelve el registro esperado","Configuración ausente o desconocida produce error controlado","ALTO","Referencia matriz anterior: MATRIZ_NOMINAL_S3_0_20260806.csv"
"S3-0-B11-CMDT-006","S3C-B11-03","11","Custom Metadata","CustomMetadata","RM_RecordTypeMapping__mdt","RM_RecordTypeMapping.Lead_Autos_Usados_Oportunidad","Lead Autos Usados - Oportunidad","NO_EXISTE","EXISTE","NO_COMPARABLE","ACTIVO","Consumidor: RM_Lead_Trigger_Helper","Autos_Usados → Autos_Usados","RM_IsActive__c=true; RM_SourceObject__c=Lead; RM_SourceRecordTypeName__c=Autos_Usados; RM_TargetObject__c=Opportunity; RM_TargetRecordTypeName__c=Autos_Usados","No","Sí","Valores funcionales no sensibles recuperados; RM_Lead_Trigger_Helper","Validar funcionalmente; no modificar en S3-0","NO_APLICA","Exclusión de usados","Ninguno","Negocio / QA","List Metadata, retrieve temporal y búsqueda de consumidores 2026-08-06","Prueba funcional por consumidor","Consumidor resuelve el registro esperado","Configuración ausente o desconocida produce error controlado","ALTO","Referencia matriz anterior: MATRIZ_NOMINAL_S3_0_20260806.csv"
"S3-0-B11-CMDT-007","S3C-B11-03","11","Custom Metadata","CustomMetadata","RM_RecordTypeMapping__mdt","RM_RecordTypeMapping.Lead_BMW_to_Opp","Lead BMW to Opp","NO_EXISTE","EXISTE","NO_COMPARABLE","ACTIVO","Consumidor: RM_Lead_Trigger_Helper","BMW → Polaris","RM_IsActive__c=true; RM_SourceObject__c=Lead; RM_SourceRecordTypeName__c=BMW; RM_TargetObject__c=Opportunity; RM_TargetRecordTypeName__c=Polaris","No","No","Valores funcionales no sensibles recuperados; RM_Lead_Trigger_Helper","Validar funcionalmente; no modificar en S3-0","REQUIERE_REGRESION","Mapping legacy conservado para regresión","Ninguno","Negocio / QA","List Metadata, retrieve temporal y búsqueda de consumidores 2026-08-06","Prueba funcional por consumidor","Consumidor resuelve el registro esperado","Configuración ausente o desconocida produce error controlado","ALTO","Referencia matriz anterior: MATRIZ_NOMINAL_S3_0_20260806.csv"
"S3-0-B11-CMDT-008","S3C-B11-03","11","Custom Metadata","CustomMetadata","RM_RecordTypeMapping__mdt","RM_RecordTypeMapping.Lead_Cartera_Madura_to_Opp","Lead Cartera_Madura to Opp","NO_EXISTE","EXISTE","NO_COMPARABLE","ACTIVO","Consumidor: RM_Lead_Trigger_Helper","Cartera_Madura → Cartera_Madura","RM_IsActive__c=true; RM_SourceObject__c=Lead; RM_SourceRecordTypeName__c=Cartera_Madura; RM_TargetObject__c=Opportunity; RM_TargetRecordTypeName__c=Cartera_Madura","No","No","Valores funcionales no sensibles recuperados; RM_Lead_Trigger_Helper","Validar funcionalmente; no modificar en S3-0","REQUIERE_REGRESION","Mapping legacy conservado para regresión","Ninguno","Negocio / QA","List Metadata, retrieve temporal y búsqueda de consumidores 2026-08-06","Prueba funcional por consumidor","Consumidor resuelve el registro esperado","Configuración ausente o desconocida produce error controlado","ALTO","Referencia matriz anterior: MATRIZ_NOMINAL_S3_0_20260806.csv"
"S3-0-B11-CMDT-009","S3C-B11-03","11","Custom Metadata","CustomMetadata","RM_RecordTypeMapping__mdt","RM_RecordTypeMapping.Lead_Harley_Davidson_to_Opp","Lead Harley_Davidson to Opp","NO_EXISTE","EXISTE","NO_COMPARABLE","ACTIVO","Consumidor: RM_Lead_Trigger_Helper","Harley_Davidson → Harley_Davidson","RM_IsActive__c=true; RM_SourceObject__c=Lead; RM_SourceRecordTypeName__c=Harley_Davidson; RM_TargetObject__c=Opportunity; RM_TargetRecordTypeName__c=Harley_Davidson","No","No","Valores funcionales no sensibles recuperados; RM_Lead_Trigger_Helper","Validar funcionalmente; no modificar en S3-0","REQUIERE_REGRESION","Mapping legacy conservado para regresión","Ninguno","Negocio / QA","List Metadata, retrieve temporal y búsqueda de consumidores 2026-08-06","Prueba funcional por consumidor","Consumidor resuelve el registro esperado","Configuración ausente o desconocida produce error controlado","ALTO","Referencia matriz anterior: MATRIZ_NOMINAL_S3_0_20260806.csv"
"S3-0-B11-CMDT-010","S3C-B11-03","11","Custom Metadata","CustomMetadata","RM_RecordTypeMapping__mdt","RM_RecordTypeMapping.Lead_Indian_Oportunidad","Lead Indian - Oportunidad","NO_EXISTE","EXISTE","NO_COMPARABLE","ACTIVO","Consumidor: RM_Lead_Trigger_Helper","Indian → Indian","RM_IsActive__c=true; RM_SourceObject__c=Lead; RM_SourceRecordTypeName__c=Indian; RM_TargetObject__c=Opportunity; RM_TargetRecordTypeName__c=Indian","No","No","Valores funcionales no sensibles recuperados; RM_Lead_Trigger_Helper","Validar funcionalmente; no modificar en S3-0","REQUIERE_REGRESION","Mapping legacy conservado para regresión","Ninguno","Negocio / QA","List Metadata, retrieve temporal y búsqueda de consumidores 2026-08-06","Prueba funcional por consumidor","Consumidor resuelve el registro esperado","Configuración ausente o desconocida produce error controlado","ALTO","Referencia matriz anterior: MATRIZ_NOMINAL_S3_0_20260806.csv"
"S3-0-B11-CMDT-011","S3C-B11-03","11","Custom Metadata","CustomMetadata","RM_RecordTypeMapping__mdt","RM_RecordTypeMapping.Lead_Jaecoo_to_Opp","Lead Jaecoo to Opp","EXISTE","EXISTE","SI","ACTIVO","Consumidor: RM_Lead_Trigger_Helper","Jaecoo → Jaecoo","RM_IsActive__c=true; RM_SourceObject__c=Lead; RM_SourceRecordTypeName__c=Jaecoo; RM_TargetObject__c=Opportunity; RM_TargetRecordTypeName__c=Jaecoo","Sí","No","Valores funcionales no sensibles recuperados; RM_Lead_Trigger_Helper","Validar funcionalmente; no modificar en S3-0","REQUIERE_REGRESION","Record Types Lead/Opportunity y conversión funcional","Decisión o QA pendiente","Negocio / QA","List Metadata, retrieve temporal y búsqueda de consumidores 2026-08-06","Prueba funcional por consumidor","Consumidor resuelve el registro esperado","Configuración ausente o desconocida produce error controlado","ALTO","Los mappings Omoda/Jaecoo coinciden semánticamente entre Git y Partial. Referencia matriz anterior: MATRIZ_NOMINAL_S3_0_20260806.csv"
"S3-0-B11-CMDT-012","S3C-B11-03","11","Custom Metadata","CustomMetadata","RM_RecordTypeMapping__mdt","RM_RecordTypeMapping.Lead_Kawasaki_Oportunidad","Lead Kawasaki - Oportunidad","NO_EXISTE","EXISTE","NO_COMPARABLE","ACTIVO","Consumidor: RM_Lead_Trigger_Helper","Kawasaki → Kawasaki","RM_IsActive__c=true; RM_SourceObject__c=Lead; RM_SourceRecordTypeName__c=Kawasaki; RM_TargetObject__c=Opportunity; RM_TargetRecordTypeName__c=Kawasaki","No","No","Valores funcionales no sensibles recuperados; RM_Lead_Trigger_Helper","Validar funcionalmente; no modificar en S3-0","REQUIERE_REGRESION","Mapping legacy conservado para regresión","Ninguno","Negocio / QA","List Metadata, retrieve temporal y búsqueda de consumidores 2026-08-06","Prueba funcional por consumidor","Consumidor resuelve el registro esperado","Configuración ausente o desconocida produce error controlado","ALTO","Referencia matriz anterior: MATRIZ_NOMINAL_S3_0_20260806.csv"
"S3-0-B11-CMDT-013","S3C-B11-03","11","Custom Metadata","CustomMetadata","RM_RecordTypeMapping__mdt","RM_RecordTypeMapping.Lead_MINI_to_Opp","Lead MINI to Opp","NO_EXISTE","EXISTE","NO_COMPARABLE","ACTIVO","Consumidor: RM_Lead_Trigger_Helper","MINI → MINI","RM_IsActive__c=true; RM_SourceObject__c=Lead; RM_SourceRecordTypeName__c=MINI; RM_TargetObject__c=Opportunity; RM_TargetRecordTypeName__c=MINI","No","No","Valores funcionales no sensibles recuperados; RM_Lead_Trigger_Helper","Validar funcionalmente; no modificar en S3-0","REQUIERE_REGRESION","Mapping legacy conservado para regresión","Ninguno","Negocio / QA","List Metadata, retrieve temporal y búsqueda de consumidores 2026-08-06","Prueba funcional por consumidor","Consumidor resuelve el registro esperado","Configuración ausente o desconocida produce error controlado","ALTO","Referencia matriz anterior: MATRIZ_NOMINAL_S3_0_20260806.csv"
"S3-0-B11-CMDT-014","S3C-B11-03","11","Custom Metadata","CustomMetadata","RM_RecordTypeMapping__mdt","RM_RecordTypeMapping.Lead_Motorrad_to_Opp","Lead Motorrad to Opp","NO_EXISTE","EXISTE","NO_COMPARABLE","ACTIVO","Consumidor: RM_Lead_Trigger_Helper","Motorrad → Motorrad","RM_IsActive__c=true; RM_SourceObject__c=Lead; RM_SourceRecordTypeName__c=Motorrad; RM_TargetObject__c=Opportunity; RM_TargetRecordTypeName__c=Motorrad","No","No","Valores funcionales no sensibles recuperados; RM_Lead_Trigger_Helper","Validar funcionalmente; no modificar en S3-0","REQUIERE_REGRESION","Mapping legacy conservado para regresión","Ninguno","Negocio / QA","List Metadata, retrieve temporal y búsqueda de consumidores 2026-08-06","Prueba funcional por consumidor","Consumidor resuelve el registro esperado","Configuración ausente o desconocida produce error controlado","ALTO","Referencia matriz anterior: MATRIZ_NOMINAL_S3_0_20260806.csv"
"S3-0-B11-CMDT-015","S3C-B11-03","11","Custom Metadata","CustomMetadata","RM_RecordTypeMapping__mdt","RM_RecordTypeMapping.Lead_Motos_Usados_Oportunidad","Lead Motos Usados - Oportunidad","NO_EXISTE","EXISTE","NO_COMPARABLE","ACTIVO","Consumidor: RM_Lead_Trigger_Helper","Motos_Usados → Motos_Usados","RM_IsActive__c=true; RM_SourceObject__c=Lead; RM_SourceRecordTypeName__c=Motos_Usados; RM_TargetObject__c=Opportunity; RM_TargetRecordTypeName__c=Motos_Usados","No","Sí","Valores funcionales no sensibles recuperados; RM_Lead_Trigger_Helper","Validar funcionalmente; no modificar en S3-0","NO_APLICA","Exclusión de usados","Ninguno","Negocio / QA","List Metadata, retrieve temporal y búsqueda de consumidores 2026-08-06","Prueba funcional por consumidor","Consumidor resuelve el registro esperado","Configuración ausente o desconocida produce error controlado","ALTO","Referencia matriz anterior: MATRIZ_NOMINAL_S3_0_20260806.csv"
"S3-0-B11-CMDT-016","S3C-B11-03","11","Custom Metadata","CustomMetadata","RM_RecordTypeMapping__mdt","RM_RecordTypeMapping.Lead_Omoda_to_Opp","Lead Omoda to Opp","EXISTE","EXISTE","SI","ACTIVO","Consumidor: RM_Lead_Trigger_Helper","Omoda → Omoda","RM_IsActive__c=true; RM_SourceObject__c=Lead; RM_SourceRecordTypeName__c=Omoda; RM_TargetObject__c=Opportunity; RM_TargetRecordTypeName__c=Omoda","Sí","No","Valores funcionales no sensibles recuperados; RM_Lead_Trigger_Helper","Validar funcionalmente; no modificar en S3-0","REQUIERE_REGRESION","Record Types Lead/Opportunity y conversión funcional","Decisión o QA pendiente","Negocio / QA","List Metadata, retrieve temporal y búsqueda de consumidores 2026-08-06","Prueba funcional por consumidor","Consumidor resuelve el registro esperado","Configuración ausente o desconocida produce error controlado","ALTO","Los mappings Omoda/Jaecoo coinciden semánticamente entre Git y Partial. Referencia matriz anterior: MATRIZ_NOMINAL_S3_0_20260806.csv"
"S3-0-B11-CMDT-017","S3C-B11-03","11","Custom Metadata","CustomMetadata","RM_RecordTypeMapping__mdt","RM_RecordTypeMapping.Lead_Polaris_to_Opp","Lead Polaris to Opp","NO_EXISTE","EXISTE","NO_COMPARABLE","ACTIVO","Consumidor: RM_Lead_Trigger_Helper","Polaris → Polaris","RM_IsActive__c=true; RM_SourceObject__c=Lead; RM_SourceRecordTypeName__c=Polaris; RM_TargetObject__c=Opportunity; RM_TargetRecordTypeName__c=Polaris","No","No","Valores funcionales no sensibles recuperados; RM_Lead_Trigger_Helper","Validar funcionalmente; no modificar en S3-0","REQUIERE_REGRESION","Mapping legacy conservado para regresión","Ninguno","Negocio / QA","List Metadata, retrieve temporal y búsqueda de consumidores 2026-08-06","Prueba funcional por consumidor","Consumidor resuelve el registro esperado","Configuración ausente o desconocida produce error controlado","ALTO","Referencia matriz anterior: MATRIZ_NOMINAL_S3_0_20260806.csv"
"S3-0-B11-EMP-001","S3C-B11-04","11","Configuración Empresa/ERP","CustomObjectRecord","Empresa__c","RMBAVARIAN","RMBAVARIAN","ESQUEMA_VERSIONADO_DATOS_NO","EXISTE","NO_COMPARABLE","ACTIVO","Codigo__c y Codigo_ERP__c coinciden","No aplica","RMBAVARIAN","Regresión","No","Registro activo de Empresa; valor legal no consultado ni documentado","Solo validar consumo; no modificar datos","SOLO_VALIDACION","Consumidores Sprint 1/2 y configuración Softland","Validación funcional de integración pendiente","Diego / QA","SOQL de lectura 2026-08-06 sobre códigos y estado; sin datos legales","Trazabilidad por consumidor y prueba controlada","Resolver código ERP correcto por Empresa","Código desconocido no cae en otra Empresa","ALTO","No representa integración Softland terminada. Referencia matriz anterior: MATRIZ_NOMINAL_S3_0_20260806.csv"
"S3-0-B11-EMP-002","S3C-B11-04","11","Configuración Empresa/ERP","CustomObjectRecord","Empresa__c","RMOTOBAI","RMOTOBAI","ESQUEMA_VERSIONADO_DATOS_NO","EXISTE","NO_COMPARABLE","ACTIVO","Codigo__c y Codigo_ERP__c coinciden","No aplica","RMOTOBAI","Regresión","No","Registro activo de Empresa; valor legal no consultado ni documentado","Solo validar consumo; no modificar datos","SOLO_VALIDACION","Consumidores Sprint 1/2 y configuración Softland","Validación funcional de integración pendiente","Diego / QA","SOQL de lectura 2026-08-06 sobre códigos y estado; sin datos legales","Trazabilidad por consumidor y prueba controlada","Resolver código ERP correcto por Empresa","Código desconocido no cae en otra Empresa","ALTO","No representa integración Softland terminada. Referencia matriz anterior: MATRIZ_NOMINAL_S3_0_20260806.csv"
"S3-0-B11-EMP-003","S3C-B11-04","11","Configuración Empresa/ERP","CustomObjectRecord","Empresa__c","RMPEKING","RMPEKING","ESQUEMA_VERSIONADO_DATOS_NO","EXISTE","NO_COMPARABLE","ACTIVO","Codigo__c y Codigo_ERP__c coinciden","No aplica","RMPEKING","Sí","No","Registro activo de Empresa; valor legal no consultado ni documentado","Solo validar consumo; no modificar datos","SOLO_VALIDACION","Consumidores Sprint 1/2 y configuración Softland","Validación funcional de integración pendiente","Diego / QA","SOQL de lectura 2026-08-06 sobre códigos y estado; sin datos legales","Trazabilidad por consumidor y prueba controlada","Resolver código ERP correcto por Empresa","Código desconocido no cae en otra Empresa","ALTO","No representa integración Softland terminada. Referencia matriz anterior: MATRIZ_NOMINAL_S3_0_20260806.csv"
"S3-0-B11-END-001","S3C-B11-05","11","Integración Softland configurable","NamedCredential/ExternalCredential/CustomLabel","","Mecanismo_configurable_endpoints_Softland","Mecanismo configurable de endpoints Softland","NO_CONCILIADO","EVIDENCIA_INSUFICIENTE","NO_COMPARABLE","N/A","Instancia y endpoints existentes con contexto RMPEKING; mecanismo autoritativo no identificado","No aplica","RMBAVARIAN, RMOTOBAI, RMPEKING","Sí","No","La decisión de arquitectura está confirmada, pero la fuente configurable exacta no quedó conciliada","Diego debe confirmar el mapa nombre→consumidor sin exponer valores","PENDIENTE_IDENTIFICAR_COMPONENTE_AUTORITATIVO","Configuración administrada y consumidores Apex de Sprint 1","Mecanismo autoritativo no identificado","Diego","List Metadata sin Named/External Credential Softland nominal; referencias de código revisadas","Mapa de configuración no sensible y prueba de contexto RMPEKING","Consumidor usa contexto RMPEKING sobre infraestructura existente","Falta de configuración produce error controlado sin fallback","MEDIO","No se consultaron ni registraron secretos, tokens o endpoints. Referencia matriz anterior: MATRIZ_NOMINAL_S3_0_20260806.csv Tipo de fila: PLACEHOLDER_INVESTIGACION; excluir del conteo nominal confirmado."
"S3-0-B9-AP-001","S3C-B09-05","9","Approval Processes","ApprovalProcess","Opportunity","Opportunity.Aprobacion_descuento_Director_con_Jefe","Aprobacion_descuento_Director_con_Jefe","NO_EXISTE","EXISTE","NO_COMPARABLE","ACTIVO","Aprobadores: JefeSucursal__c (relatedUserField), DirectorVentas__c (relatedUserField)","Sin criterio explícito de Record Type","Criterios: Opportunity.Director__c/equals/True; Opportunity.DirectorVentas__c/notEqual/; Opportunity.GerenteSucursal__c/equals/; Opportunity.JefeSucursal__c/notEqual/; Opportunity.Descuento_Total__c/greaterThan/0","Sí","No","Usa aprobadores por campos relacionados. Acciones y pasos recuperados individualmente.","Definir aplicabilidad y responsables; no modificar aprobadores","BLOQUEADO_NEGOCIO","Política de descuento/centro de costo/garantía y responsables oficiales","Responsables y reglas PEKING no confirmados","Negocio","Retrieve temporal individual de Partial 2026-08-06","Matriz de criterios, responsables autorizados y aceptación","Enviar registro elegible y completar aprobación","Registro no elegible no debe entrar; rechazo debe ejecutar acciones correctas","ALTO","No se registraron identidades personales de aprobadores fijos. Referencia matriz anterior: MATRIZ_NOMINAL_S3_0_20260806.csv"
"S3-0-B9-AP-002","S3C-B09-05","9","Approval Processes","ApprovalProcess","Opportunity","Opportunity.Aprobacion_descuento_Director_Full_Team","Aprobacion_descuento_Director_Full_Team","NO_EXISTE","EXISTE","NO_COMPARABLE","ACTIVO","Aprobadores: JefeSucursal__c (relatedUserField), GerenteSucursal__c (relatedUserField), DirectorVentas__c (relatedUserField)","Sin criterio explícito de Record Type","Criterios: Opportunity.Director__c/equals/True; Opportunity.DirectorVentas__c/notEqual/; Opportunity.GerenteSucursal__c/notEqual/; Opportunity.JefeSucursal__c/notEqual/; Opportunity.Descuento_Total__c/greaterThan/0","Sí","No","Usa aprobadores por campos relacionados. Acciones y pasos recuperados individualmente.","Definir aplicabilidad y responsables; no modificar aprobadores","BLOQUEADO_NEGOCIO","Política de descuento/centro de costo/garantía y responsables oficiales","Responsables y reglas PEKING no confirmados","Negocio","Retrieve temporal individual de Partial 2026-08-06","Matriz de criterios, responsables autorizados y aceptación","Enviar registro elegible y completar aprobación","Registro no elegible no debe entrar; rechazo debe ejecutar acciones correctas","ALTO","No se registraron identidades personales de aprobadores fijos. Referencia matriz anterior: MATRIZ_NOMINAL_S3_0_20260806.csv"
"S3-0-B9-AP-003","S3C-B09-05","9","Approval Processes","ApprovalProcess","Opportunity","Opportunity.Aprobacion_descuento_Director_Gerente4","Aprobacion_descuento_Director_Gerente4","NO_EXISTE","EXISTE","NO_COMPARABLE","ACTIVO","Aprobadores: GerenteSucursal__c (relatedUserField), DirectorVentas__c (relatedUserField)","Sin criterio explícito de Record Type","Criterios: Opportunity.Director__c/equals/True; Opportunity.DirectorVentas__c/notEqual/; Opportunity.GerenteSucursal__c/notEqual/; Opportunity.JefeSucursal__c/equals/; Opportunity.Descuento_Total__c/greaterThan/0","Sí","No","Usa aprobadores por campos relacionados. Acciones y pasos recuperados individualmente.","Definir aplicabilidad y responsables; no modificar aprobadores","BLOQUEADO_NEGOCIO","Política de descuento/centro de costo/garantía y responsables oficiales","Responsables y reglas PEKING no confirmados","Negocio","Retrieve temporal individual de Partial 2026-08-06","Matriz de criterios, responsables autorizados y aceptación","Enviar registro elegible y completar aprobación","Registro no elegible no debe entrar; rechazo debe ejecutar acciones correctas","ALTO","No se registraron identidades personales de aprobadores fijos. Referencia matriz anterior: MATRIZ_NOMINAL_S3_0_20260806.csv"
"S3-0-B9-AP-004","S3C-B09-05","9","Approval Processes","ApprovalProcess","Opportunity","Opportunity.Aprobacion_descuento_gerente_con_Jefe","Aprobacion_descuento_gerente_con_Jefe","NO_EXISTE","EXISTE","NO_COMPARABLE","ACTIVO","Aprobadores: JefeSucursal__c (relatedUserField), GerenteSucursal__c (relatedUserField)","Sin criterio explícito de Record Type","Criterios: Opportunity.Gerente__c/equals/True; Opportunity.JefeSucursal__c/notEqual/; Opportunity.Descuento_Total__c/greaterThan/0; Opportunity.GerenteSucursal__c/notEqual/; Opportunity.DescuentoAprobado__c/equals/False","Sí","No","Usa aprobadores por campos relacionados. Acciones y pasos recuperados individualmente.","Definir aplicabilidad y responsables; no modificar aprobadores","BLOQUEADO_NEGOCIO","Política de descuento/centro de costo/garantía y responsables oficiales","Responsables y reglas PEKING no confirmados","Negocio","Retrieve temporal individual de Partial 2026-08-06","Matriz de criterios, responsables autorizados y aceptación","Enviar registro elegible y completar aprobación","Registro no elegible no debe entrar; rechazo debe ejecutar acciones correctas","ALTO","No se registraron identidades personales de aprobadores fijos. Referencia matriz anterior: MATRIZ_NOMINAL_S3_0_20260806.csv"
"S3-0-B9-AP-005","S3C-B09-05","9","Approval Processes","ApprovalProcess","Opportunity","Opportunity.Aprobacion_descuento_Gerente_sin_Gerente","Aprobacion_descuento_Gerente_sin_Gerente","NO_EXISTE","EXISTE","NO_COMPARABLE","ACTIVO","Aprobadores: JefeSucursal__c (relatedUserField), DirectorVentas__c (relatedUserField)","Sin criterio explícito de Record Type","Criterios: Opportunity.Gerente__c/equals/True; Opportunity.JefeSucursal__c/notEqual/; Opportunity.Descuento_Total__c/greaterThan/0; Opportunity.GerenteSucursal__c/equals/; Opportunity.DescuentoAprobado__c/equals/False","Sí","No","Usa aprobadores por campos relacionados. Acciones y pasos recuperados individualmente.","Definir aplicabilidad y responsables; no modificar aprobadores","BLOQUEADO_NEGOCIO","Política de descuento/centro de costo/garantía y responsables oficiales","Responsables y reglas PEKING no confirmados","Negocio","Retrieve temporal individual de Partial 2026-08-06","Matriz de criterios, responsables autorizados y aceptación","Enviar registro elegible y completar aprobación","Registro no elegible no debe entrar; rechazo debe ejecutar acciones correctas","ALTO","No se registraron identidades personales de aprobadores fijos. Referencia matriz anterior: MATRIZ_NOMINAL_S3_0_20260806.csv"
"S3-0-B9-AP-006","S3C-B09-05","9","Approval Processes","ApprovalProcess","Opportunity","Opportunity.Aprobacion_descuento_Gerente_sin_jefe","Aprobacion_descuento_Gerente_sin_jefe","NO_EXISTE","EXISTE","NO_COMPARABLE","ACTIVO","Aprobadores: GerenteSucursal__c (relatedUserField)","Sin criterio explícito de Record Type","Criterios: Opportunity.Gerente__c/equals/True; Opportunity.JefeSucursal__c/equals/; Opportunity.Descuento_Total__c/greaterThan/0; Opportunity.GerenteSucursal__c/notEqual/; Opportunity.DescuentoAprobado__c/equals/False","Sí","No","Usa aprobadores por campos relacionados. Acciones y pasos recuperados individualmente.","Definir aplicabilidad y responsables; no modificar aprobadores","BLOQUEADO_NEGOCIO","Política de descuento/centro de costo/garantía y responsables oficiales","Responsables y reglas PEKING no confirmados","Negocio","Retrieve temporal individual de Partial 2026-08-06","Matriz de criterios, responsables autorizados y aceptación","Enviar registro elegible y completar aprobación","Registro no elegible no debe entrar; rechazo debe ejecutar acciones correctas","ALTO","No se registraron identidades personales de aprobadores fijos. Referencia matriz anterior: MATRIZ_NOMINAL_S3_0_20260806.csv"
"S3-0-B9-AP-007","S3C-B09-05","9","Approval Processes","ApprovalProcess","Opportunity","Opportunity.Aprobacion_descuento_Jefe_con_jefe","Aprobacion_descuento_Jefe_con_jefe","NO_EXISTE","EXISTE","NO_COMPARABLE","ACTIVO","Aprobadores: JefeSucursal__c (relatedUserField)","Sin criterio explícito de Record Type","Criterios: Opportunity.Jefe__c/equals/True; Opportunity.JefeSucursal__c/notEqual/; Opportunity.Descuento_Total__c/greaterThan/0; Opportunity.DescuentoAprobado__c/equals/False","Sí","No","Usa aprobadores por campos relacionados. Acciones y pasos recuperados individualmente.","Definir aplicabilidad y responsables; no modificar aprobadores","BLOQUEADO_NEGOCIO","Política de descuento/centro de costo/garantía y responsables oficiales","Responsables y reglas PEKING no confirmados","Negocio","Retrieve temporal individual de Partial 2026-08-06","Matriz de criterios, responsables autorizados y aceptación","Enviar registro elegible y completar aprobación","Registro no elegible no debe entrar; rechazo debe ejecutar acciones correctas","ALTO","No se registraron identidades personales de aprobadores fijos. Referencia matriz anterior: MATRIZ_NOMINAL_S3_0_20260806.csv"
"S3-0-B9-AP-008","S3C-B09-05","9","Approval Processes","ApprovalProcess","Opportunity","Opportunity.Aprobacion_descuento_Jefe_sin_Jefe","Aprobacion_descuento_Jefe_sin_Jefe","NO_EXISTE","EXISTE","NO_COMPARABLE","ACTIVO","Aprobadores: GerenteSucursal__c (relatedUserField)","Sin criterio explícito de Record Type","Criterios: Opportunity.Jefe__c/equals/True; Opportunity.JefeSucursal__c/equals/; Opportunity.Descuento_Total__c/greaterThan/0; Opportunity.DescuentoAprobado__c/equals/False","Sí","No","Usa aprobadores por campos relacionados. Acciones y pasos recuperados individualmente.","Definir aplicabilidad y responsables; no modificar aprobadores","BLOQUEADO_NEGOCIO","Política de descuento/centro de costo/garantía y responsables oficiales","Responsables y reglas PEKING no confirmados","Negocio","Retrieve temporal individual de Partial 2026-08-06","Matriz de criterios, responsables autorizados y aceptación","Enviar registro elegible y completar aprobación","Registro no elegible no debe entrar; rechazo debe ejecutar acciones correctas","ALTO","No se registraron identidades personales de aprobadores fijos. Referencia matriz anterior: MATRIZ_NOMINAL_S3_0_20260806.csv"
"S3-0-B9-AP-009","S3C-B09-06","9","Approval Processes","ApprovalProcess","Quote","Quote.CPAprobacionCargoInternoQuote","CPAprobacionCargoInternoQuote","NO_EXISTE","EXISTE","NO_COMPARABLE","ACTIVO","Aprobadores: CPAprobadorCentroDeCostos__c (relatedUserField)","Sin criterio explícito de Record Type","Criterios: Quote.CPAprobadorCentroDeCostos__c/notEqual/","Por determinar","No","Usa aprobadores por campos relacionados. Acciones y pasos recuperados individualmente.","Definir aplicabilidad y responsables; no modificar aprobadores","BLOQUEADO_NEGOCIO","Política de descuento/centro de costo/garantía y responsables oficiales","QA funcional pendiente","Negocio","Retrieve temporal individual de Partial 2026-08-06","Matriz de criterios, responsables autorizados y aceptación","Enviar registro elegible y completar aprobación","Registro no elegible no debe entrar; rechazo debe ejecutar acciones correctas","ALTO","No se registraron identidades personales de aprobadores fijos. Referencia matriz anterior: MATRIZ_NOMINAL_S3_0_20260806.csv"
"S3-0-B9-AP-010","S3C-B09-07","9","Approval Processes","ApprovalProcess","WorkOrder","WorkOrder.AprobacionCentroDeCostos","AprobacionCentroDeCostos","NO_EXISTE","EXISTE","NO_COMPARABLE","ACTIVO","Aprobadores: Aprobador_Centro_de_Costos__c (relatedUserField)","Sin criterio explícito de Record Type","Criterios: WorkOrder.Aprobador_Centro_de_Costos__c/notEqual/","Por determinar","No","Usa aprobadores por campos relacionados. Acciones y pasos recuperados individualmente.","Definir aplicabilidad y responsables; no modificar aprobadores","BLOQUEADO_NEGOCIO","Política de descuento/centro de costo/garantía y responsables oficiales","Responsables y reglas PEKING no confirmados","Negocio","Retrieve temporal individual de Partial 2026-08-06","Matriz de criterios, responsables autorizados y aceptación","Enviar registro elegible y completar aprobación","Registro no elegible no debe entrar; rechazo debe ejecutar acciones correctas","ALTO","No se registraron identidades personales de aprobadores fijos. Referencia matriz anterior: MATRIZ_NOMINAL_S3_0_20260806.csv"
"S3-0-B9-AP-011","S3C-B09-07","9","Approval Processes","ApprovalProcess","WorkOrder","WorkOrder.PROCESO_DE_APROB_GARANTIA","PROCESO_DE_APROB_GARANTIA","NO_EXISTE","EXISTE","NO_COMPARABLE","ACTIVO","Aprobadores: [usuario fijo omitido], [usuario fijo omitido], [usuario fijo omitido], [usuario fijo omitido]","Sin criterio explícito de Record Type","Criterios: WorkOrder.Etapa_de_flujo_de_trabajo__c/equals/Validación de Garantía; WorkOrder.tipoDeGasto__c/equals/Garantía","Por determinar","No","Contiene aprobadores fijos; identidades omitidas. Acciones y pasos recuperados individualmente.","Definir aplicabilidad y responsables; no modificar aprobadores","BLOQUEADO_NEGOCIO","Política de descuento/centro de costo/garantía y responsables oficiales","Responsables y reglas PEKING no confirmados","Negocio","Retrieve temporal individual de Partial 2026-08-06","Matriz de criterios, responsables autorizados y aceptación","Enviar registro elegible y completar aprobación","Registro no elegible no debe entrar; rechazo debe ejecutar acciones correctas","ALTO","No se registraron identidades personales de aprobadores fijos. Referencia matriz anterior: MATRIZ_NOMINAL_S3_0_20260806.csv"
"S3-0-B9-AP-012","S3C-B09-07","9","Approval Processes","ApprovalProcess","WorkOrder","WorkOrder.PROCESO_DE_APROB_GARANTIA_CITA_TALLER","PROCESO_DE_APROB_GARANTIA_CITA_TALLER","NO_EXISTE","EXISTE","NO_COMPARABLE","INACTIVO","Aprobadores: [usuario fijo omitido]","Sin criterio explícito de Record Type","Criterios: WorkOrder.Etapa_de_flujo_de_trabajo__c/equals/Validación de Garantía; WorkOrder.Tipo_de_servicio__c/equals/Garantía","Por determinar","No","Contiene aprobadores fijos; identidades omitidas. Acciones y pasos recuperados individualmente.","Definir aplicabilidad y responsables; no modificar aprobadores","BLOQUEADO_NEGOCIO","Política de descuento/centro de costo/garantía y responsables oficiales","Responsables y reglas PEKING no confirmados","Negocio","Retrieve temporal individual de Partial 2026-08-06","Matriz de criterios, responsables autorizados y aceptación","Enviar registro elegible y completar aprobación","Registro no elegible no debe entrar; rechazo debe ejecutar acciones correctas","ALTO","No se registraron identidades personales de aprobadores fijos. Referencia matriz anterior: MATRIZ_NOMINAL_S3_0_20260806.csv"
"S3-0-B9-ROL-001","S3C-B09-08","9","Roles","Role","UserRole","Asesores_y_Mecanicos_de_Servicio_Autos","Asesores y Mecánicos de Servicio Autos","NO_EXISTE","EXISTE","NO_COMPARABLE","N/A","Parent: Jefatura_de_Postventa_Autos; usuarios activos observados: 51","No aplica","Jerarquía Autos/Motos; no existe rol nominal PEKING/Omoda/Jaecoo","Por determinar","No demostrado","Rol vigente en jerarquía; conteo agregado sin identidades personales","Definir jerarquía PEKING antes de crear o alterar roles","BLOQUEADO_NEGOCIO","Modelo de seguridad, sucursales y responsables","Jerarquía PEKING no confirmada","Negocio / Luis","List Metadata, retrieve temporal y conteo agregado de usuarios activos 2026-08-06","Jerarquía aprobada y matriz de acceso","Perfil QA autorizado ve registros de su Empresa","Perfil QA no ve registros de otra Empresa","ALTO","Filtros de interfaz no equivalen a seguridad. Referencia matriz anterior: MATRIZ_NOMINAL_S3_0_20260806.csv"
"S3-0-B9-ROL-002","S3C-B09-08","9","Roles","Role","UserRole","Asesores_y_Mecanicos_de_Servicio_Motos","Asesores y Mecánicos de Servicio Motos","NO_EXISTE","EXISTE","NO_COMPARABLE","N/A","Parent: Jefatura_de_Postventa_Motos; usuarios activos observados: 9","No aplica","Jerarquía Autos/Motos; no existe rol nominal PEKING/Omoda/Jaecoo","Por determinar","No demostrado","Rol vigente en jerarquía; conteo agregado sin identidades personales","Definir jerarquía PEKING antes de crear o alterar roles","BLOQUEADO_NEGOCIO","Modelo de seguridad, sucursales y responsables","Jerarquía PEKING no confirmada","Negocio / Luis","List Metadata, retrieve temporal y conteo agregado de usuarios activos 2026-08-06","Jerarquía aprobada y matriz de acceso","Perfil QA autorizado ve registros de su Empresa","Perfil QA no ve registros de otra Empresa","ALTO","Filtros de interfaz no equivalen a seguridad. Referencia matriz anterior: MATRIZ_NOMINAL_S3_0_20260806.csv"
"S3-0-B9-ROL-003","S3C-B09-08","9","Roles","Role","UserRole","Call_Center_Asistente_de_Motos","Call Center / Asistente de Motos","NO_EXISTE","EXISTE","NO_COMPARABLE","N/A","Parent: Direccion_de_Ventas_Motos; usuarios activos observados: 0","No aplica","Jerarquía Autos/Motos; no existe rol nominal PEKING/Omoda/Jaecoo","Por determinar","No demostrado","Rol vigente en jerarquía; conteo agregado sin identidades personales","Definir jerarquía PEKING antes de crear o alterar roles","BLOQUEADO_NEGOCIO","Modelo de seguridad, sucursales y responsables","Jerarquía PEKING no confirmada","Negocio / Luis","List Metadata, retrieve temporal y conteo agregado de usuarios activos 2026-08-06","Jerarquía aprobada y matriz de acceso","Perfil QA autorizado ve registros de su Empresa","Perfil QA no ve registros de otra Empresa","ALTO","Filtros de interfaz no equivalen a seguridad. Referencia matriz anterior: MATRIZ_NOMINAL_S3_0_20260806.csv"
"S3-0-B9-ROL-004","S3C-B09-08","9","Roles","Role","UserRole","Call_Center_Asistente_de_ventas","Call Center / Asistente de ventas","NO_EXISTE","EXISTE","NO_COMPARABLE","N/A","Parent: Direccion_de_Ventas_Autos; usuarios activos observados: 5","No aplica","Jerarquía Autos/Motos; no existe rol nominal PEKING/Omoda/Jaecoo","Por determinar","No demostrado","Rol vigente en jerarquía; conteo agregado sin identidades personales","Definir jerarquía PEKING antes de crear o alterar roles","BLOQUEADO_NEGOCIO","Modelo de seguridad, sucursales y responsables","Jerarquía PEKING no confirmada","Negocio / Luis","List Metadata, retrieve temporal y conteo agregado de usuarios activos 2026-08-06","Jerarquía aprobada y matriz de acceso","Perfil QA autorizado ve registros de su Empresa","Perfil QA no ve registros de otra Empresa","ALTO","Filtros de interfaz no equivalen a seguridad. Referencia matriz anterior: MATRIZ_NOMINAL_S3_0_20260806.csv"
"S3-0-B9-ROL-005","S3C-B09-08","9","Roles","Role","UserRole","Direccion_de_Postventa_Autos","Dirección de Postventa Autos","NO_EXISTE","EXISTE","NO_COMPARABLE","N/A","Parent: View_All; usuarios activos observados: 0","No aplica","Jerarquía Autos/Motos; no existe rol nominal PEKING/Omoda/Jaecoo","Por determinar","No demostrado","Rol vigente en jerarquía; conteo agregado sin identidades personales","Definir jerarquía PEKING antes de crear o alterar roles","BLOQUEADO_NEGOCIO","Modelo de seguridad, sucursales y responsables","Jerarquía PEKING no confirmada","Negocio / Luis","List Metadata, retrieve temporal y conteo agregado de usuarios activos 2026-08-06","Jerarquía aprobada y matriz de acceso","Perfil QA autorizado ve registros de su Empresa","Perfil QA no ve registros de otra Empresa","ALTO","Filtros de interfaz no equivalen a seguridad. Referencia matriz anterior: MATRIZ_NOMINAL_S3_0_20260806.csv"
"S3-0-B9-ROL-006","S3C-B09-08","9","Roles","Role","UserRole","Direccion_de_Postventa_Motos","Dirección de Postventa Motos","NO_EXISTE","EXISTE","NO_COMPARABLE","N/A","Parent: View_All; usuarios activos observados: 0","No aplica","Jerarquía Autos/Motos; no existe rol nominal PEKING/Omoda/Jaecoo","Por determinar","No demostrado","Rol vigente en jerarquía; conteo agregado sin identidades personales","Definir jerarquía PEKING antes de crear o alterar roles","BLOQUEADO_NEGOCIO","Modelo de seguridad, sucursales y responsables","Jerarquía PEKING no confirmada","Negocio / Luis","List Metadata, retrieve temporal y conteo agregado de usuarios activos 2026-08-06","Jerarquía aprobada y matriz de acceso","Perfil QA autorizado ve registros de su Empresa","Perfil QA no ve registros de otra Empresa","ALTO","Filtros de interfaz no equivalen a seguridad. Referencia matriz anterior: MATRIZ_NOMINAL_S3_0_20260806.csv"
"S3-0-B9-ROL-007","S3C-B09-08","9","Roles","Role","UserRole","Direccion_de_Ventas_Autos","Dirección de Ventas Autos","NO_EXISTE","EXISTE","NO_COMPARABLE","N/A","Parent: View_All; usuarios activos observados: 2","No aplica","Jerarquía Autos/Motos; no existe rol nominal PEKING/Omoda/Jaecoo","Por determinar","No demostrado","Rol vigente en jerarquía; conteo agregado sin identidades personales","Definir jerarquía PEKING antes de crear o alterar roles","BLOQUEADO_NEGOCIO","Modelo de seguridad, sucursales y responsables","Jerarquía PEKING no confirmada","Negocio / Luis","List Metadata, retrieve temporal y conteo agregado de usuarios activos 2026-08-06","Jerarquía aprobada y matriz de acceso","Perfil QA autorizado ve registros de su Empresa","Perfil QA no ve registros de otra Empresa","ALTO","Filtros de interfaz no equivalen a seguridad. Referencia matriz anterior: MATRIZ_NOMINAL_S3_0_20260806.csv"
"S3-0-B9-ROL-008","S3C-B09-08","9","Roles","Role","UserRole","Direccion_de_Ventas_Motos","Dirección de Ventas Motos","NO_EXISTE","EXISTE","NO_COMPARABLE","N/A","Parent: View_All; usuarios activos observados: 0","No aplica","Jerarquía Autos/Motos; no existe rol nominal PEKING/Omoda/Jaecoo","Por determinar","No demostrado","Rol vigente en jerarquía; conteo agregado sin identidades personales","Definir jerarquía PEKING antes de crear o alterar roles","BLOQUEADO_NEGOCIO","Modelo de seguridad, sucursales y responsables","Jerarquía PEKING no confirmada","Negocio / Luis","List Metadata, retrieve temporal y conteo agregado de usuarios activos 2026-08-06","Jerarquía aprobada y matriz de acceso","Perfil QA autorizado ve registros de su Empresa","Perfil QA no ve registros de otra Empresa","ALTO","Filtros de interfaz no equivalen a seguridad. Referencia matriz anterior: MATRIZ_NOMINAL_S3_0_20260806.csv"
"S3-0-B9-ROL-009","S3C-B09-08","9","Roles","Role","UserRole","Jefatura_de_Postventa_Autos","Jefatura de Postventa Autos","NO_EXISTE","EXISTE","NO_COMPARABLE","N/A","Parent: Direccion_de_Postventa_Autos; usuarios activos observados: 2","No aplica","Jerarquía Autos/Motos; no existe rol nominal PEKING/Omoda/Jaecoo","Por determinar","No demostrado","Rol vigente en jerarquía; conteo agregado sin identidades personales","Definir jerarquía PEKING antes de crear o alterar roles","BLOQUEADO_NEGOCIO","Modelo de seguridad, sucursales y responsables","Jerarquía PEKING no confirmada","Negocio / Luis","List Metadata, retrieve temporal y conteo agregado de usuarios activos 2026-08-06","Jerarquía aprobada y matriz de acceso","Perfil QA autorizado ve registros de su Empresa","Perfil QA no ve registros de otra Empresa","ALTO","Filtros de interfaz no equivalen a seguridad. Referencia matriz anterior: MATRIZ_NOMINAL_S3_0_20260806.csv"
"S3-0-B9-ROL-010","S3C-B09-08","9","Roles","Role","UserRole","Jefatura_de_Postventa_Motos","Jefatura de Postventa Motos","NO_EXISTE","EXISTE","NO_COMPARABLE","N/A","Parent: Direccion_de_Postventa_Motos; usuarios activos observados: 0","No aplica","Jerarquía Autos/Motos; no existe rol nominal PEKING/Omoda/Jaecoo","Por determinar","No demostrado","Rol vigente en jerarquía; conteo agregado sin identidades personales","Definir jerarquía PEKING antes de crear o alterar roles","BLOQUEADO_NEGOCIO","Modelo de seguridad, sucursales y responsables","Jerarquía PEKING no confirmada","Negocio / Luis","List Metadata, retrieve temporal y conteo agregado de usuarios activos 2026-08-06","Jerarquía aprobada y matriz de acceso","Perfil QA autorizado ve registros de su Empresa","Perfil QA no ve registros de otra Empresa","ALTO","Filtros de interfaz no equivalen a seguridad. Referencia matriz anterior: MATRIZ_NOMINAL_S3_0_20260806.csv"
"S3-0-B9-ROL-011","S3C-B09-08","9","Roles","Role","UserRole","Jefe_de_Ventas_Autos","Jefe de Ventas Autos","NO_EXISTE","EXISTE","NO_COMPARABLE","N/A","Parent: Call_Center_Asistente_de_ventas; usuarios activos observados: 4","No aplica","Jerarquía Autos/Motos; no existe rol nominal PEKING/Omoda/Jaecoo","Por determinar","No demostrado","Rol vigente en jerarquía; conteo agregado sin identidades personales","Definir jerarquía PEKING antes de crear o alterar roles","BLOQUEADO_NEGOCIO","Modelo de seguridad, sucursales y responsables","Jerarquía PEKING no confirmada","Negocio / Luis","List Metadata, retrieve temporal y conteo agregado de usuarios activos 2026-08-06","Jerarquía aprobada y matriz de acceso","Perfil QA autorizado ve registros de su Empresa","Perfil QA no ve registros de otra Empresa","ALTO","Filtros de interfaz no equivalen a seguridad. Referencia matriz anterior: MATRIZ_NOMINAL_S3_0_20260806.csv"
"S3-0-B9-ROL-012","S3C-B09-08","9","Roles","Role","UserRole","Jefe_de_Ventas_Motos","Jefe de Ventas Motos","NO_EXISTE","EXISTE","NO_COMPARABLE","N/A","Parent: Call_Center_Asistente_de_Motos; usuarios activos observados: 2","No aplica","Jerarquía Autos/Motos; no existe rol nominal PEKING/Omoda/Jaecoo","Por determinar","No demostrado","Rol vigente en jerarquía; conteo agregado sin identidades personales","Definir jerarquía PEKING antes de crear o alterar roles","BLOQUEADO_NEGOCIO","Modelo de seguridad, sucursales y responsables","Jerarquía PEKING no confirmada","Negocio / Luis","List Metadata, retrieve temporal y conteo agregado de usuarios activos 2026-08-06","Jerarquía aprobada y matriz de acceso","Perfil QA autorizado ve registros de su Empresa","Perfil QA no ve registros de otra Empresa","ALTO","Filtros de interfaz no equivalen a seguridad. Referencia matriz anterior: MATRIZ_NOMINAL_S3_0_20260806.csv"
"S3-0-B7-LAY-101","S3-0.1-2026-08-06","7","Layout","Layout","Account","Account-Account Layout","Account-Account Layout","NO_EXISTE","EXISTE","NO_COMPARABLE","SIN_ESTADO_PROPIO","Pendiente de evidencia nominal de asignación","Pendiente de matriz de asignaciones","Campos/dependencias relevantes; asignación no demostrada","Por determinar","No","Metadata existente en Partial; no modificada","Validar asignación, decisión y regresión antes de cambio","BLOQUEADO_NEGOCIO","Asignaciones, datos y decisión funcional según componente","Evidencia/decisión pendiente","Equipo técnico / negocio según hallazgo","Auditoría S3-0.1; retrieve/listado temporal Partial 2026-08-06","Asignación y prueba QA nominal","Escenario aplicable con Empresa explícita","PEKING no cae en Empresa legacy; aislamiento de usados","ALTO","Agregado en V2. Referencia matriz anterior: MATRIZ_NOMINAL_S3_0_20260806.csv; no existía como fila nominal previa."
"S3-0-B7-LAY-102","S3-0.1-2026-08-06","7","Layout","Layout","Account","Account-BMW Cuenta Empresarial - RO","Account-BMW Cuenta Empresarial - RO","NO_EXISTE","EXISTE","NO_COMPARABLE","SIN_ESTADO_PROPIO","Pendiente de evidencia nominal de asignación","Pendiente de matriz de asignaciones","Campos/dependencias relevantes; asignación no demostrada","Por determinar","No","Metadata existente en Partial; no modificada","Validar asignación, decisión y regresión antes de cambio","BLOQUEADO_NEGOCIO","Asignaciones, datos y decisión funcional según componente","Evidencia/decisión pendiente","Equipo técnico / negocio según hallazgo","Auditoría S3-0.1; retrieve/listado temporal Partial 2026-08-06","Asignación y prueba QA nominal","Escenario aplicable con Empresa explícita","PEKING no cae en Empresa legacy; aislamiento de usados","ALTO","Agregado en V2. Referencia matriz anterior: MATRIZ_NOMINAL_S3_0_20260806.csv; no existía como fila nominal previa."
"S3-0-B7-LAY-103","S3-0.1-2026-08-06","7","Layout","Layout","Account","Account-BMW Cuenta Empresarial","Account-BMW Cuenta Empresarial","NO_EXISTE","EXISTE","NO_COMPARABLE","SIN_ESTADO_PROPIO","Pendiente de evidencia nominal de asignación","Pendiente de matriz de asignaciones","Campos/dependencias relevantes; asignación no demostrada","Por determinar","No","Metadata existente en Partial; no modificada","Validar asignación, decisión y regresión antes de cambio","BLOQUEADO_NEGOCIO","Asignaciones, datos y decisión funcional según componente","Evidencia/decisión pendiente","Equipo técnico / negocio según hallazgo","Auditoría S3-0.1; retrieve/listado temporal Partial 2026-08-06","Asignación y prueba QA nominal","Escenario aplicable con Empresa explícita","PEKING no cae en Empresa legacy; aislamiento de usados","ALTO","Agregado en V2. Referencia matriz anterior: MATRIZ_NOMINAL_S3_0_20260806.csv; no existía como fila nominal previa."
"S3-0-B7-LAY-104","S3-0.1-2026-08-06","7","Layout","Layout","Account","Account-Cuenta Empresarial Sin Botones","Account-Cuenta Empresarial Sin Botones","NO_EXISTE","EXISTE","NO_COMPARABLE","SIN_ESTADO_PROPIO","Pendiente de evidencia nominal de asignación","Pendiente de matriz de asignaciones","Campos/dependencias relevantes; asignación no demostrada","Por determinar","No","Metadata existente en Partial; no modificada","Validar asignación, decisión y regresión antes de cambio","BLOQUEADO_NEGOCIO","Asignaciones, datos y decisión funcional según componente","Evidencia/decisión pendiente","Equipo técnico / negocio según hallazgo","Auditoría S3-0.1; retrieve/listado temporal Partial 2026-08-06","Asignación y prueba QA nominal","Escenario aplicable con Empresa explícita","PEKING no cae en Empresa legacy; aislamiento de usados","ALTO","Agregado en V2. Referencia matriz anterior: MATRIZ_NOMINAL_S3_0_20260806.csv; no existía como fila nominal previa."
"S3-0-B7-LAY-105","S3-0.1-2026-08-06","7","Layout","Layout","Account","Account-RM Asesor Taller","Account-RM Asesor Taller","NO_EXISTE","EXISTE","NO_COMPARABLE","SIN_ESTADO_PROPIO","Pendiente de evidencia nominal de asignación","Pendiente de matriz de asignaciones","Campos/dependencias relevantes; asignación no demostrada","Por determinar","No","Metadata existente en Partial; no modificada","Validar asignación, decisión y regresión antes de cambio","BLOQUEADO_NEGOCIO","Asignaciones, datos y decisión funcional según componente","Evidencia/decisión pendiente","Equipo técnico / negocio según hallazgo","Auditoría S3-0.1; retrieve/listado temporal Partial 2026-08-06","Asignación y prueba QA nominal","Escenario aplicable con Empresa explícita","PEKING no cae en Empresa legacy; aislamiento de usados","ALTO","Agregado en V2. Referencia matriz anterior: MATRIZ_NOMINAL_S3_0_20260806.csv; no existía como fila nominal previa."
"S3-0-B7-LAY-106","S3-0.1-2026-08-06","7","Layout","Layout","Account","Account-RM Asistente Taller - RO","Account-RM Asistente Taller - RO","NO_EXISTE","EXISTE","NO_COMPARABLE","SIN_ESTADO_PROPIO","Pendiente de evidencia nominal de asignación","Pendiente de matriz de asignaciones","Campos/dependencias relevantes; asignación no demostrada","Por determinar","No","Metadata existente en Partial; no modificada","Validar asignación, decisión y regresión antes de cambio","BLOQUEADO_NEGOCIO","Asignaciones, datos y decisión funcional según componente","Evidencia/decisión pendiente","Equipo técnico / negocio según hallazgo","Auditoría S3-0.1; retrieve/listado temporal Partial 2026-08-06","Asignación y prueba QA nominal","Escenario aplicable con Empresa explícita","PEKING no cae en Empresa legacy; aislamiento de usados","ALTO","Agregado en V2. Referencia matriz anterior: MATRIZ_NOMINAL_S3_0_20260806.csv; no existía como fila nominal previa."
"S3-0-B7-LAY-107","S3-0.1-2026-08-06","7","Layout","Layout","Account","Account-RM Asistente Taller","Account-RM Asistente Taller","NO_EXISTE","EXISTE","NO_COMPARABLE","SIN_ESTADO_PROPIO","Pendiente de evidencia nominal de asignación","Pendiente de matriz de asignaciones","Campos/dependencias relevantes; asignación no demostrada","Por determinar","No","Metadata existente en Partial; no modificada","Validar asignación, decisión y regresión antes de cambio","BLOQUEADO_NEGOCIO","Asignaciones, datos y decisión funcional según componente","Evidencia/decisión pendiente","Equipo técnico / negocio según hallazgo","Auditoría S3-0.1; retrieve/listado temporal Partial 2026-08-06","Asignación y prueba QA nominal","Escenario aplicable con Empresa explícita","PEKING no cae en Empresa legacy; aislamiento de usados","ALTO","Agregado en V2. Referencia matriz anterior: MATRIZ_NOMINAL_S3_0_20260806.csv; no existía como fila nominal previa."
"S3-0-B7-LAY-108","S3-0.1-2026-08-06","7","Layout","Layout","Account","Account-RM Lider Taller - RO","Account-RM Lider Taller - RO","NO_EXISTE","EXISTE","NO_COMPARABLE","SIN_ESTADO_PROPIO","Pendiente de evidencia nominal de asignación","Pendiente de matriz de asignaciones","Campos/dependencias relevantes; asignación no demostrada","Por determinar","No","Metadata existente en Partial; no modificada","Validar asignación, decisión y regresión antes de cambio","BLOQUEADO_NEGOCIO","Asignaciones, datos y decisión funcional según componente","Evidencia/decisión pendiente","Equipo técnico / negocio según hallazgo","Auditoría S3-0.1; retrieve/listado temporal Partial 2026-08-06","Asignación y prueba QA nominal","Escenario aplicable con Empresa explícita","PEKING no cae en Empresa legacy; aislamiento de usados","ALTO","Agregado en V2. Referencia matriz anterior: MATRIZ_NOMINAL_S3_0_20260806.csv; no existía como fila nominal previa."
"S3-0-B7-LAY-109","S3-0.1-2026-08-06","7","Layout","Layout","Account","Account-RM Lider Taller","Account-RM Lider Taller","NO_EXISTE","EXISTE","NO_COMPARABLE","SIN_ESTADO_PROPIO","Pendiente de evidencia nominal de asignación","Pendiente de matriz de asignaciones","Campos/dependencias relevantes; asignación no demostrada","Por determinar","No","Metadata existente en Partial; no modificada","Validar asignación, decisión y regresión antes de cambio","BLOQUEADO_NEGOCIO","Asignaciones, datos y decisión funcional según componente","Evidencia/decisión pendiente","Equipo técnico / negocio según hallazgo","Auditoría S3-0.1; retrieve/listado temporal Partial 2026-08-06","Asignación y prueba QA nominal","Escenario aplicable con Empresa explícita","PEKING no cae en Empresa legacy; aislamiento de usados","ALTO","Agregado en V2. Referencia matriz anterior: MATRIZ_NOMINAL_S3_0_20260806.csv; no existía como fila nominal previa."
"S3-0-B7-LAY-110","S3-0.1-2026-08-06","7","Layout","Layout","Account","Account-Taller","Account-Taller","NO_EXISTE","EXISTE","NO_COMPARABLE","SIN_ESTADO_PROPIO","Pendiente de evidencia nominal de asignación","Pendiente de matriz de asignaciones","Campos/dependencias relevantes; asignación no demostrada","Por determinar","No","Metadata existente en Partial; no modificada","Validar asignación, decisión y regresión antes de cambio","BLOQUEADO_NEGOCIO","Asignaciones, datos y decisión funcional según componente","Evidencia/decisión pendiente","Equipo técnico / negocio según hallazgo","Auditoría S3-0.1; retrieve/listado temporal Partial 2026-08-06","Asignación y prueba QA nominal","Escenario aplicable con Empresa explícita","PEKING no cae en Empresa legacy; aislamiento de usados","ALTO","Agregado en V2. Referencia matriz anterior: MATRIZ_NOMINAL_S3_0_20260806.csv; no existía como fila nominal previa."
"S3-0-B7-LAY-111","S3-0.1-2026-08-06","7","Layout","Layout","Opportunity","Opportunity-Autos V1%2E2","Opportunity-Autos V1%2E2","NO_EXISTE","EXISTE","NO_COMPARABLE","SIN_ESTADO_PROPIO","Pendiente de evidencia nominal de asignación","Pendiente de matriz de asignaciones","Campos/dependencias relevantes; asignación no demostrada","Por determinar","No","Metadata existente en Partial; no modificada","Validar asignación, decisión y regresión antes de cambio","BLOQUEADO_NEGOCIO","Asignaciones, datos y decisión funcional según componente","Evidencia/decisión pendiente","Equipo técnico / negocio según hallazgo","Auditoría S3-0.1; retrieve/listado temporal Partial 2026-08-06","Asignación y prueba QA nominal","Escenario aplicable con Empresa explícita","PEKING no cae en Empresa legacy; aislamiento de usados","ALTO","Agregado en V2. Referencia matriz anterior: MATRIZ_NOMINAL_S3_0_20260806.csv; no existía como fila nominal previa."
"S3-0-B7-LAY-112","S3-0.1-2026-08-06","7","Layout","Layout","Opportunity","Opportunity-Autos V1%2E3 - Inventario","Opportunity-Autos V1%2E3 - Inventario","NO_EXISTE","EXISTE","NO_COMPARABLE","SIN_ESTADO_PROPIO","Pendiente de evidencia nominal de asignación","Pendiente de matriz de asignaciones","Campos/dependencias relevantes; asignación no demostrada","Por determinar","No","Metadata existente en Partial; no modificada","Validar asignación, decisión y regresión antes de cambio","BLOQUEADO_NEGOCIO","Asignaciones, datos y decisión funcional según componente","Evidencia/decisión pendiente","Equipo técnico / negocio según hallazgo","Auditoría S3-0.1; retrieve/listado temporal Partial 2026-08-06","Asignación y prueba QA nominal","Escenario aplicable con Empresa explícita","PEKING no cae en Empresa legacy; aislamiento de usados","ALTO","Agregado en V2. Referencia matriz anterior: MATRIZ_NOMINAL_S3_0_20260806.csv; no existía como fila nominal previa."
"S3-0-B7-LAY-113","S3-0.1-2026-08-06","7","Layout","Layout","Opportunity","Opportunity-Autos V1%2E3","Opportunity-Autos V1%2E3","NO_EXISTE","EXISTE","NO_COMPARABLE","SIN_ESTADO_PROPIO","Pendiente de evidencia nominal de asignación","Pendiente de matriz de asignaciones","Campos/dependencias relevantes; asignación no demostrada","Por determinar","No","Metadata existente en Partial; no modificada","Validar asignación, decisión y regresión antes de cambio","BLOQUEADO_NEGOCIO","Asignaciones, datos y decisión funcional según componente","Evidencia/decisión pendiente","Equipo técnico / negocio según hallazgo","Auditoría S3-0.1; retrieve/listado temporal Partial 2026-08-06","Asignación y prueba QA nominal","Escenario aplicable con Empresa explícita","PEKING no cae en Empresa legacy; aislamiento de usados","ALTO","Agregado en V2. Referencia matriz anterior: MATRIZ_NOMINAL_S3_0_20260806.csv; no existía como fila nominal previa."
"S3-0-B7-LAY-114","S3-0.1-2026-08-06","7","Layout","Layout","Opportunity","Opportunity-Autos V1%2E4 Sin Botones","Opportunity-Autos V1%2E4 Sin Botones","NO_EXISTE","EXISTE","NO_COMPARABLE","SIN_ESTADO_PROPIO","Pendiente de evidencia nominal de asignación","Pendiente de matriz de asignaciones","Campos/dependencias relevantes; asignación no demostrada","Por determinar","No","Metadata existente en Partial; no modificada","Validar asignación, decisión y regresión antes de cambio","BLOQUEADO_NEGOCIO","Asignaciones, datos y decisión funcional según componente","Evidencia/decisión pendiente","Equipo técnico / negocio según hallazgo","Auditoría S3-0.1; retrieve/listado temporal Partial 2026-08-06","Asignación y prueba QA nominal","Escenario aplicable con Empresa explícita","PEKING no cae en Empresa legacy; aislamiento de usados","ALTO","Agregado en V2. Referencia matriz anterior: MATRIZ_NOMINAL_S3_0_20260806.csv; no existía como fila nominal previa."
"S3-0-B7-LAY-115","S3-0.1-2026-08-06","7","Layout","Layout","Opportunity","Opportunity-Autos V1%2E4","Opportunity-Autos V1%2E4","NO_EXISTE","EXISTE","NO_COMPARABLE","SIN_ESTADO_PROPIO","Pendiente de evidencia nominal de asignación","Pendiente de matriz de asignaciones","Campos/dependencias relevantes; asignación no demostrada","Por determinar","No","Metadata existente en Partial; no modificada","Validar asignación, decisión y regresión antes de cambio","BLOQUEADO_NEGOCIO","Asignaciones, datos y decisión funcional según componente","Evidencia/decisión pendiente","Equipo técnico / negocio según hallazgo","Auditoría S3-0.1; retrieve/listado temporal Partial 2026-08-06","Asignación y prueba QA nominal","Escenario aplicable con Empresa explícita","PEKING no cae en Empresa legacy; aislamiento de usados","ALTO","Agregado en V2. Referencia matriz anterior: MATRIZ_NOMINAL_S3_0_20260806.csv; no existía como fila nominal previa."
"S3-0-B7-LAY-116","S3-0.1-2026-08-06","7","Layout","Layout","Opportunity","Opportunity-Autos","Opportunity-Autos","NO_EXISTE","EXISTE","NO_COMPARABLE","SIN_ESTADO_PROPIO","Pendiente de evidencia nominal de asignación","Pendiente de matriz de asignaciones","Campos/dependencias relevantes; asignación no demostrada","Por determinar","No","Metadata existente en Partial; no modificada","Validar asignación, decisión y regresión antes de cambio","BLOQUEADO_NEGOCIO","Asignaciones, datos y decisión funcional según componente","Evidencia/decisión pendiente","Equipo técnico / negocio según hallazgo","Auditoría S3-0.1; retrieve/listado temporal Partial 2026-08-06","Asignación y prueba QA nominal","Escenario aplicable con Empresa explícita","PEKING no cae en Empresa legacy; aislamiento de usados","ALTO","Agregado en V2. Referencia matriz anterior: MATRIZ_NOMINAL_S3_0_20260806.csv; no existía como fila nominal previa."
"S3-0-B7-LAY-117","S3-0.1-2026-08-06","7","Layout","Layout","Opportunity","Opportunity-Cartera Madura","Opportunity-Cartera Madura","NO_EXISTE","EXISTE","NO_COMPARABLE","SIN_ESTADO_PROPIO","Pendiente de evidencia nominal de asignación","Pendiente de matriz de asignaciones","Campos/dependencias relevantes; asignación no demostrada","Por determinar","No","Metadata existente en Partial; no modificada","Validar asignación, decisión y regresión antes de cambio","BLOQUEADO_NEGOCIO","Asignaciones, datos y decisión funcional según componente","Evidencia/decisión pendiente","Equipo técnico / negocio según hallazgo","Auditoría S3-0.1; retrieve/listado temporal Partial 2026-08-06","Asignación y prueba QA nominal","Escenario aplicable con Empresa explícita","PEKING no cae en Empresa legacy; aislamiento de usados","ALTO","Agregado en V2. Referencia matriz anterior: MATRIZ_NOMINAL_S3_0_20260806.csv; no existía como fila nominal previa."
"S3-0-B7-LAY-118","S3-0.1-2026-08-06","7","Layout","Layout","Opportunity","Opportunity-Motocicletas","Opportunity-Motocicletas","NO_EXISTE","EXISTE","NO_COMPARABLE","SIN_ESTADO_PROPIO","Pendiente de evidencia nominal de asignación","Pendiente de matriz de asignaciones","Campos/dependencias relevantes; asignación no demostrada","Por determinar","No","Metadata existente en Partial; no modificada","Validar asignación, decisión y regresión antes de cambio","BLOQUEADO_NEGOCIO","Asignaciones, datos y decisión funcional según componente","Evidencia/decisión pendiente","Equipo técnico / negocio según hallazgo","Auditoría S3-0.1; retrieve/listado temporal Partial 2026-08-06","Asignación y prueba QA nominal","Escenario aplicable con Empresa explícita","PEKING no cae en Empresa legacy; aislamiento de usados","ALTO","Agregado en V2. Referencia matriz anterior: MATRIZ_NOMINAL_S3_0_20260806.csv; no existía como fila nominal previa."
"S3-0-B7-LAY-119","S3-0.1-2026-08-06","7","Layout","Layout","Opportunity","Opportunity-Opportunity Layout","Opportunity-Opportunity Layout","NO_EXISTE","EXISTE","NO_COMPARABLE","SIN_ESTADO_PROPIO","Pendiente de evidencia nominal de asignación","Pendiente de matriz de asignaciones","Campos/dependencias relevantes; asignación no demostrada","Por determinar","No","Metadata existente en Partial; no modificada","Validar asignación, decisión y regresión antes de cambio","BLOQUEADO_NEGOCIO","Asignaciones, datos y decisión funcional según componente","Evidencia/decisión pendiente","Equipo técnico / negocio según hallazgo","Auditoría S3-0.1; retrieve/listado temporal Partial 2026-08-06","Asignación y prueba QA nominal","Escenario aplicable con Empresa explícita","PEKING no cae en Empresa legacy; aislamiento de usados","ALTO","Agregado en V2. Referencia matriz anterior: MATRIZ_NOMINAL_S3_0_20260806.csv; no existía como fila nominal previa."
"S3-0-B7-LAY-120","S3-0.1-2026-08-06","7","Layout","Layout","Opportunity","Opportunity-Taller Autos","Opportunity-Taller Autos","NO_EXISTE","EXISTE","NO_COMPARABLE","SIN_ESTADO_PROPIO","Pendiente de evidencia nominal de asignación","Pendiente de matriz de asignaciones","Campos/dependencias relevantes; asignación no demostrada","Por determinar","No","Metadata existente en Partial; no modificada","Validar asignación, decisión y regresión antes de cambio","BLOQUEADO_NEGOCIO","Asignaciones, datos y decisión funcional según componente","Evidencia/decisión pendiente","Equipo técnico / negocio según hallazgo","Auditoría S3-0.1; retrieve/listado temporal Partial 2026-08-06","Asignación y prueba QA nominal","Escenario aplicable con Empresa explícita","PEKING no cae en Empresa legacy; aislamiento de usados","ALTO","Agregado en V2. Referencia matriz anterior: MATRIZ_NOMINAL_S3_0_20260806.csv; no existía como fila nominal previa."
"S3-0-B7-LAY-121","S3-0.1-2026-08-06","7","Layout","Layout","Opportunity","Opportunity-Vehiculos Nuevos V1%2E1","Opportunity-Vehiculos Nuevos V1%2E1","NO_EXISTE","EXISTE","NO_COMPARABLE","SIN_ESTADO_PROPIO","Pendiente de evidencia nominal de asignación","Pendiente de matriz de asignaciones","Campos/dependencias relevantes; asignación no demostrada","Por determinar","No","Metadata existente en Partial; no modificada","Validar asignación, decisión y regresión antes de cambio","BLOQUEADO_NEGOCIO","Asignaciones, datos y decisión funcional según componente","Evidencia/decisión pendiente","Equipo técnico / negocio según hallazgo","Auditoría S3-0.1; retrieve/listado temporal Partial 2026-08-06","Asignación y prueba QA nominal","Escenario aplicable con Empresa explícita","PEKING no cae en Empresa legacy; aislamiento de usados","ALTO","Agregado en V2. Referencia matriz anterior: MATRIZ_NOMINAL_S3_0_20260806.csv; no existía como fila nominal previa."
"S3-0-B7-LAY-122","S3-0.1-2026-08-06","7","Layout","Layout","Product2","Product2-Articulos sin Editar","Product2-Articulos sin Editar","NO_EXISTE","EXISTE","NO_COMPARABLE","SIN_ESTADO_PROPIO","Pendiente de evidencia nominal de asignación","Pendiente de matriz de asignaciones","Campos/dependencias relevantes; asignación no demostrada","Por determinar","No","Metadata existente en Partial; no modificada","Validar asignación, decisión y regresión antes de cambio","BLOQUEADO_NEGOCIO","Asignaciones, datos y decisión funcional según componente","Evidencia/decisión pendiente","Equipo técnico / negocio según hallazgo","Auditoría S3-0.1; retrieve/listado temporal Partial 2026-08-06","Asignación y prueba QA nominal","Escenario aplicable con Empresa explícita","PEKING no cae en Empresa legacy; aislamiento de usados","ALTO","Agregado en V2. Referencia matriz anterior: MATRIZ_NOMINAL_S3_0_20260806.csv; no existía como fila nominal previa."
"S3-0-B7-LAY-123","S3-0.1-2026-08-06","7","Layout","Layout","Product2","Product2-Artículos","Product2-Artículos","NO_EXISTE","EXISTE","NO_COMPARABLE","SIN_ESTADO_PROPIO","Pendiente de evidencia nominal de asignación","Pendiente de matriz de asignaciones","Campos/dependencias relevantes; asignación no demostrada","Por determinar","No","Metadata existente en Partial; no modificada","Validar asignación, decisión y regresión antes de cambio","BLOQUEADO_NEGOCIO","Asignaciones, datos y decisión funcional según componente","Evidencia/decisión pendiente","Equipo técnico / negocio según hallazgo","Auditoría S3-0.1; retrieve/listado temporal Partial 2026-08-06","Asignación y prueba QA nominal","Escenario aplicable con Empresa explícita","PEKING no cae en Empresa legacy; aislamiento de usados","ALTO","Agregado en V2. Referencia matriz anterior: MATRIZ_NOMINAL_S3_0_20260806.csv; no existía como fila nominal previa."
"S3-0-B7-LAY-124","S3-0.1-2026-08-06","7","Layout","Layout","Product2","Product2-Product Layout V1%2E1","Product2-Product Layout V1%2E1","NO_EXISTE","EXISTE","NO_COMPARABLE","SIN_ESTADO_PROPIO","Pendiente de evidencia nominal de asignación","Pendiente de matriz de asignaciones","Campos/dependencias relevantes; asignación no demostrada","Por determinar","No","Metadata existente en Partial; no modificada","Validar asignación, decisión y regresión antes de cambio","BLOQUEADO_NEGOCIO","Asignaciones, datos y decisión funcional según componente","Evidencia/decisión pendiente","Equipo técnico / negocio según hallazgo","Auditoría S3-0.1; retrieve/listado temporal Partial 2026-08-06","Asignación y prueba QA nominal","Escenario aplicable con Empresa explícita","PEKING no cae en Empresa legacy; aislamiento de usados","ALTO","Agregado en V2. Referencia matriz anterior: MATRIZ_NOMINAL_S3_0_20260806.csv; no existía como fila nominal previa."
"S3-0-B7-LAY-125","S3-0.1-2026-08-06","7","Layout","Layout","Product2","Product2-Product Layout V1%2E2","Product2-Product Layout V1%2E2","NO_EXISTE","EXISTE","NO_COMPARABLE","SIN_ESTADO_PROPIO","Pendiente de evidencia nominal de asignación","Pendiente de matriz de asignaciones","Campos/dependencias relevantes; asignación no demostrada","Por determinar","No","Metadata existente en Partial; no modificada","Validar asignación, decisión y regresión antes de cambio","BLOQUEADO_NEGOCIO","Asignaciones, datos y decisión funcional según componente","Evidencia/decisión pendiente","Equipo técnico / negocio según hallazgo","Auditoría S3-0.1; retrieve/listado temporal Partial 2026-08-06","Asignación y prueba QA nominal","Escenario aplicable con Empresa explícita","PEKING no cae en Empresa legacy; aislamiento de usados","ALTO","Agregado en V2. Referencia matriz anterior: MATRIZ_NOMINAL_S3_0_20260806.csv; no existía como fila nominal previa."
"S3-0-B7-LAY-126","S3-0.1-2026-08-06","7","Layout","Layout","Product2","Product2-Product Layout","Product2-Product Layout","NO_EXISTE","EXISTE","NO_COMPARABLE","SIN_ESTADO_PROPIO","Pendiente de evidencia nominal de asignación","Pendiente de matriz de asignaciones","Campos/dependencias relevantes; asignación no demostrada","Por determinar","No","Metadata existente en Partial; no modificada","Validar asignación, decisión y regresión antes de cambio","BLOQUEADO_NEGOCIO","Asignaciones, datos y decisión funcional según componente","Evidencia/decisión pendiente","Equipo técnico / negocio según hallazgo","Auditoría S3-0.1; retrieve/listado temporal Partial 2026-08-06","Asignación y prueba QA nominal","Escenario aplicable con Empresa explícita","PEKING no cae en Empresa legacy; aislamiento de usados","ALTO","Agregado en V2. Referencia matriz anterior: MATRIZ_NOMINAL_S3_0_20260806.csv; no existía como fila nominal previa."
"S3-0-B7-LAY-127","S3-0.1-2026-08-06","7","Layout","Layout","Product2","Product2-Vehiculos Softland System Admin V1%2E0","Product2-Vehiculos Softland System Admin V1%2E0","NO_EXISTE","EXISTE","NO_COMPARABLE","SIN_ESTADO_PROPIO","Pendiente de evidencia nominal de asignación","Pendiente de matriz de asignaciones","Campos/dependencias relevantes; asignación no demostrada","Por determinar","No","Metadata existente en Partial; no modificada","Validar asignación, decisión y regresión antes de cambio","BLOQUEADO_NEGOCIO","Asignaciones, datos y decisión funcional según componente","Evidencia/decisión pendiente","Equipo técnico / negocio según hallazgo","Auditoría S3-0.1; retrieve/listado temporal Partial 2026-08-06","Asignación y prueba QA nominal","Escenario aplicable con Empresa explícita","PEKING no cae en Empresa legacy; aislamiento de usados","ALTO","Agregado en V2. Referencia matriz anterior: MATRIZ_NOMINAL_S3_0_20260806.csv; no existía como fila nominal previa."
"S3-0-B7-LAY-128","S3-0.1-2026-08-06","7","Layout","Layout","Product2","Product2-Vehiculos V1%2E2","Product2-Vehiculos V1%2E2","NO_EXISTE","EXISTE","NO_COMPARABLE","SIN_ESTADO_PROPIO","Pendiente de evidencia nominal de asignación","Pendiente de matriz de asignaciones","Campos/dependencias relevantes; asignación no demostrada","Por determinar","No","Metadata existente en Partial; no modificada","Validar asignación, decisión y regresión antes de cambio","BLOQUEADO_NEGOCIO","Asignaciones, datos y decisión funcional según componente","Evidencia/decisión pendiente","Equipo técnico / negocio según hallazgo","Auditoría S3-0.1; retrieve/listado temporal Partial 2026-08-06","Asignación y prueba QA nominal","Escenario aplicable con Empresa explícita","PEKING no cae en Empresa legacy; aislamiento de usados","ALTO","Agregado en V2. Referencia matriz anterior: MATRIZ_NOMINAL_S3_0_20260806.csv; no existía como fila nominal previa."
"S3-0-B7-LAY-129","S3-0.1-2026-08-06","7","Layout","Layout","Product2","Product2-Vehiculos V1%2E3","Product2-Vehiculos V1%2E3","NO_EXISTE","EXISTE","NO_COMPARABLE","SIN_ESTADO_PROPIO","Pendiente de evidencia nominal de asignación","Pendiente de matriz de asignaciones","Campos/dependencias relevantes; asignación no demostrada","Por determinar","No","Metadata existente en Partial; no modificada","Validar asignación, decisión y regresión antes de cambio","BLOQUEADO_NEGOCIO","Asignaciones, datos y decisión funcional según componente","Evidencia/decisión pendiente","Equipo técnico / negocio según hallazgo","Auditoría S3-0.1; retrieve/listado temporal Partial 2026-08-06","Asignación y prueba QA nominal","Escenario aplicable con Empresa explícita","PEKING no cae en Empresa legacy; aislamiento de usados","ALTO","Agregado en V2. Referencia matriz anterior: MATRIZ_NOMINAL_S3_0_20260806.csv; no existía como fila nominal previa."
"S3-0-B7-LAY-130","S3-0.1-2026-08-06","7","Layout","Layout","Product2","Product2-Vehiculos V1%2E4","Product2-Vehiculos V1%2E4","NO_EXISTE","EXISTE","NO_COMPARABLE","SIN_ESTADO_PROPIO","Pendiente de evidencia nominal de asignación","Pendiente de matriz de asignaciones","Campos/dependencias relevantes; asignación no demostrada","Por determinar","No","Metadata existente en Partial; no modificada","Validar asignación, decisión y regresión antes de cambio","BLOQUEADO_NEGOCIO","Asignaciones, datos y decisión funcional según componente","Evidencia/decisión pendiente","Equipo técnico / negocio según hallazgo","Auditoría S3-0.1; retrieve/listado temporal Partial 2026-08-06","Asignación y prueba QA nominal","Escenario aplicable con Empresa explícita","PEKING no cae en Empresa legacy; aislamiento de usados","ALTO","Agregado en V2. Referencia matriz anterior: MATRIZ_NOMINAL_S3_0_20260806.csv; no existía como fila nominal previa."
"S3-0-B7-LAY-131","S3-0.1-2026-08-06","7","Layout","Layout","Product2","Product2-Vehiculos V1%2E5","Product2-Vehiculos V1%2E5","NO_EXISTE","EXISTE","NO_COMPARABLE","SIN_ESTADO_PROPIO","Pendiente de evidencia nominal de asignación","Pendiente de matriz de asignaciones","Campos/dependencias relevantes; asignación no demostrada","Por determinar","No","Metadata existente en Partial; no modificada","Validar asignación, decisión y regresión antes de cambio","BLOQUEADO_NEGOCIO","Asignaciones, datos y decisión funcional según componente","Evidencia/decisión pendiente","Equipo técnico / negocio según hallazgo","Auditoría S3-0.1; retrieve/listado temporal Partial 2026-08-06","Asignación y prueba QA nominal","Escenario aplicable con Empresa explícita","PEKING no cae en Empresa legacy; aislamiento de usados","ALTO","Agregado en V2. Referencia matriz anterior: MATRIZ_NOMINAL_S3_0_20260806.csv; no existía como fila nominal previa."
"S3-0-B7-LAY-132","S3-0.1-2026-08-06","7","Layout","Layout","Product2","Product2-Vehiculos","Product2-Vehiculos","NO_EXISTE","EXISTE","NO_COMPARABLE","SIN_ESTADO_PROPIO","Pendiente de evidencia nominal de asignación","Pendiente de matriz de asignaciones","Campos/dependencias relevantes; asignación no demostrada","Por determinar","No","Metadata existente en Partial; no modificada","Validar asignación, decisión y regresión antes de cambio","BLOQUEADO_NEGOCIO","Asignaciones, datos y decisión funcional según componente","Evidencia/decisión pendiente","Equipo técnico / negocio según hallazgo","Auditoría S3-0.1; retrieve/listado temporal Partial 2026-08-06","Asignación y prueba QA nominal","Escenario aplicable con Empresa explícita","PEKING no cae en Empresa legacy; aislamiento de usados","ALTO","Agregado en V2. Referencia matriz anterior: MATRIZ_NOMINAL_S3_0_20260806.csv; no existía como fila nominal previa."
"S3-0-B7-LAY-133","S3-0.1-2026-08-06","7","Layout","Layout","Quote","Quote-Mostrador y Taller","Quote-Mostrador y Taller","NO_EXISTE","EXISTE","NO_COMPARABLE","SIN_ESTADO_PROPIO","Pendiente de evidencia nominal de asignación","Pendiente de matriz de asignaciones","Campos/dependencias relevantes; asignación no demostrada","Por determinar","No","Metadata existente en Partial; no modificada","Validar asignación, decisión y regresión antes de cambio","BLOQUEADO_NEGOCIO","Asignaciones, datos y decisión funcional según componente","Evidencia/decisión pendiente","Equipo técnico / negocio según hallazgo","Auditoría S3-0.1; retrieve/listado temporal Partial 2026-08-06","Asignación y prueba QA nominal","Escenario aplicable con Empresa explícita","PEKING no cae en Empresa legacy; aislamiento de usados","ALTO","Agregado en V2. Referencia matriz anterior: MATRIZ_NOMINAL_S3_0_20260806.csv; no existía como fila nominal previa."
"S3-0-B7-LAY-134","S3-0.1-2026-08-06","7","Layout","Layout","WorkOrder","WorkOrder-RM Asesor Taller","WorkOrder-RM Asesor Taller","NO_EXISTE","EXISTE","NO_COMPARABLE","SIN_ESTADO_PROPIO","Pendiente de evidencia nominal de asignación","Pendiente de matriz de asignaciones","Campos/dependencias relevantes; asignación no demostrada","Por determinar","No","Metadata existente en Partial; no modificada","Validar asignación, decisión y regresión antes de cambio","BLOQUEADO_NEGOCIO","Asignaciones, datos y decisión funcional según componente","Evidencia/decisión pendiente","Equipo técnico / negocio según hallazgo","Auditoría S3-0.1; retrieve/listado temporal Partial 2026-08-06","Asignación y prueba QA nominal","Escenario aplicable con Empresa explícita","PEKING no cae en Empresa legacy; aislamiento de usados","ALTO","Agregado en V2. Referencia matriz anterior: MATRIZ_NOMINAL_S3_0_20260806.csv; no existía como fila nominal previa."
"S3-0-B7-LAY-135","S3-0.1-2026-08-06","7","Layout","Layout","WorkOrder","WorkOrder-RM Lider Taller - RO","WorkOrder-RM Lider Taller - RO","NO_EXISTE","EXISTE","NO_COMPARABLE","SIN_ESTADO_PROPIO","Pendiente de evidencia nominal de asignación","Pendiente de matriz de asignaciones","Campos/dependencias relevantes; asignación no demostrada","Por determinar","No","Metadata existente en Partial; no modificada","Validar asignación, decisión y regresión antes de cambio","BLOQUEADO_NEGOCIO","Asignaciones, datos y decisión funcional según componente","Evidencia/decisión pendiente","Equipo técnico / negocio según hallazgo","Auditoría S3-0.1; retrieve/listado temporal Partial 2026-08-06","Asignación y prueba QA nominal","Escenario aplicable con Empresa explícita","PEKING no cae en Empresa legacy; aislamiento de usados","ALTO","Agregado en V2. Referencia matriz anterior: MATRIZ_NOMINAL_S3_0_20260806.csv; no existía como fila nominal previa."
"S3-0-B7-LAY-136","S3-0.1-2026-08-06","7","Layout","Layout","WorkOrder","WorkOrder-RM Lider Taller","WorkOrder-RM Lider Taller","NO_EXISTE","EXISTE","NO_COMPARABLE","SIN_ESTADO_PROPIO","Pendiente de evidencia nominal de asignación","Pendiente de matriz de asignaciones","Campos/dependencias relevantes; asignación no demostrada","Por determinar","No","Metadata existente en Partial; no modificada","Validar asignación, decisión y regresión antes de cambio","BLOQUEADO_NEGOCIO","Asignaciones, datos y decisión funcional según componente","Evidencia/decisión pendiente","Equipo técnico / negocio según hallazgo","Auditoría S3-0.1; retrieve/listado temporal Partial 2026-08-06","Asignación y prueba QA nominal","Escenario aplicable con Empresa explícita","PEKING no cae en Empresa legacy; aislamiento de usados","ALTO","Agregado en V2. Referencia matriz anterior: MATRIZ_NOMINAL_S3_0_20260806.csv; no existía como fila nominal previa."
"S3-0-B7-LAY-137","S3-0.1-2026-08-06","7","Layout","Layout","WorkOrder","WorkOrder-Taller prototype Work Order Main","WorkOrder-Taller prototype Work Order Main","NO_EXISTE","EXISTE","NO_COMPARABLE","SIN_ESTADO_PROPIO","Pendiente de evidencia nominal de asignación","Pendiente de matriz de asignaciones","Campos/dependencias relevantes; asignación no demostrada","Por determinar","No","Metadata existente en Partial; no modificada","Validar asignación, decisión y regresión antes de cambio","BLOQUEADO_NEGOCIO","Asignaciones, datos y decisión funcional según componente","Evidencia/decisión pendiente","Equipo técnico / negocio según hallazgo","Auditoría S3-0.1; retrieve/listado temporal Partial 2026-08-06","Asignación y prueba QA nominal","Escenario aplicable con Empresa explícita","PEKING no cae en Empresa legacy; aislamiento de usados","ALTO","Agregado en V2. Referencia matriz anterior: MATRIZ_NOMINAL_S3_0_20260806.csv; no existía como fila nominal previa."
"S3-0-B7-LAY-138","S3-0.1-2026-08-06","7","Layout","Layout","WorkOrder","WorkOrder-Work Order Admin","WorkOrder-Work Order Admin","NO_EXISTE","EXISTE","NO_COMPARABLE","SIN_ESTADO_PROPIO","Pendiente de evidencia nominal de asignación","Pendiente de matriz de asignaciones","Campos/dependencias relevantes; asignación no demostrada","Por determinar","No","Metadata existente en Partial; no modificada","Validar asignación, decisión y regresión antes de cambio","BLOQUEADO_NEGOCIO","Asignaciones, datos y decisión funcional según componente","Evidencia/decisión pendiente","Equipo técnico / negocio según hallazgo","Auditoría S3-0.1; retrieve/listado temporal Partial 2026-08-06","Asignación y prueba QA nominal","Escenario aplicable con Empresa explícita","PEKING no cae en Empresa legacy; aislamiento de usados","ALTO","Agregado en V2. Referencia matriz anterior: MATRIZ_NOMINAL_S3_0_20260806.csv; no existía como fila nominal previa."
"S3-0-B7-LAY-139","S3-0.1-2026-08-06","7","Layout","Layout","WorkOrder","WorkOrder-Work Order Layout Copy","WorkOrder-Work Order Layout Copy","NO_EXISTE","EXISTE","NO_COMPARABLE","SIN_ESTADO_PROPIO","Pendiente de evidencia nominal de asignación","Pendiente de matriz de asignaciones","Campos/dependencias relevantes; asignación no demostrada","Por determinar","No","Metadata existente en Partial; no modificada","Validar asignación, decisión y regresión antes de cambio","BLOQUEADO_NEGOCIO","Asignaciones, datos y decisión funcional según componente","Evidencia/decisión pendiente","Equipo técnico / negocio según hallazgo","Auditoría S3-0.1; retrieve/listado temporal Partial 2026-08-06","Asignación y prueba QA nominal","Escenario aplicable con Empresa explícita","PEKING no cae en Empresa legacy; aislamiento de usados","ALTO","Agregado en V2. Referencia matriz anterior: MATRIZ_NOMINAL_S3_0_20260806.csv; no existía como fila nominal previa."
"S3-0-B7-LAY-140","S3-0.1-2026-08-06","7","Layout","Layout","WorkOrder","WorkOrder-Work Order Layout","WorkOrder-Work Order Layout","NO_EXISTE","EXISTE","NO_COMPARABLE","SIN_ESTADO_PROPIO","Pendiente de evidencia nominal de asignación","Pendiente de matriz de asignaciones","Campos/dependencias relevantes; asignación no demostrada","Por determinar","No","Metadata existente en Partial; no modificada","Validar asignación, decisión y regresión antes de cambio","BLOQUEADO_NEGOCIO","Asignaciones, datos y decisión funcional según componente","Evidencia/decisión pendiente","Equipo técnico / negocio según hallazgo","Auditoría S3-0.1; retrieve/listado temporal Partial 2026-08-06","Asignación y prueba QA nominal","Escenario aplicable con Empresa explícita","PEKING no cae en Empresa legacy; aislamiento de usados","ALTO","Agregado en V2. Referencia matriz anterior: MATRIZ_NOMINAL_S3_0_20260806.csv; no existía como fila nominal previa."
"S3-0-B7-LAY-141","S3-0.1-2026-08-06","7","Layout","Layout","WorkOrder","WorkOrder-Work Order Main Sin Botones","WorkOrder-Work Order Main Sin Botones","NO_EXISTE","EXISTE","NO_COMPARABLE","SIN_ESTADO_PROPIO","Pendiente de evidencia nominal de asignación","Pendiente de matriz de asignaciones","Campos/dependencias relevantes; asignación no demostrada","Por determinar","No","Metadata existente en Partial; no modificada","Validar asignación, decisión y regresión antes de cambio","BLOQUEADO_NEGOCIO","Asignaciones, datos y decisión funcional según componente","Evidencia/decisión pendiente","Equipo técnico / negocio según hallazgo","Auditoría S3-0.1; retrieve/listado temporal Partial 2026-08-06","Asignación y prueba QA nominal","Escenario aplicable con Empresa explícita","PEKING no cae en Empresa legacy; aislamiento de usados","ALTO","Agregado en V2. Referencia matriz anterior: MATRIZ_NOMINAL_S3_0_20260806.csv; no existía como fila nominal previa."
"S3-0-B7-LAY-142","S3-0.1-2026-08-06","7","Layout","Layout","WorkOrder","WorkOrder-Work Order Main V1%2E1","WorkOrder-Work Order Main V1%2E1","NO_EXISTE","EXISTE","NO_COMPARABLE","SIN_ESTADO_PROPIO","Pendiente de evidencia nominal de asignación","Pendiente de matriz de asignaciones","Campos/dependencias relevantes; asignación no demostrada","Por determinar","No","Metadata existente en Partial; no modificada","Validar asignación, decisión y regresión antes de cambio","BLOQUEADO_NEGOCIO","Asignaciones, datos y decisión funcional según componente","Evidencia/decisión pendiente","Equipo técnico / negocio según hallazgo","Auditoría S3-0.1; retrieve/listado temporal Partial 2026-08-06","Asignación y prueba QA nominal","Escenario aplicable con Empresa explícita","PEKING no cae en Empresa legacy; aislamiento de usados","ALTO","Agregado en V2. Referencia matriz anterior: MATRIZ_NOMINAL_S3_0_20260806.csv; no existía como fila nominal previa."
"S3-0-B7-LAY-143","S3-0.1-2026-08-06","7","Layout","Layout","WorkOrder","WorkOrder-Work Order Main","WorkOrder-Work Order Main","NO_EXISTE","EXISTE","NO_COMPARABLE","SIN_ESTADO_PROPIO","Pendiente de evidencia nominal de asignación","Pendiente de matriz de asignaciones","Campos/dependencias relevantes; asignación no demostrada","Por determinar","No","Metadata existente en Partial; no modificada","Validar asignación, decisión y regresión antes de cambio","BLOQUEADO_NEGOCIO","Asignaciones, datos y decisión funcional según componente","Evidencia/decisión pendiente","Equipo técnico / negocio según hallazgo","Auditoría S3-0.1; retrieve/listado temporal Partial 2026-08-06","Asignación y prueba QA nominal","Escenario aplicable con Empresa explícita","PEKING no cae en Empresa legacy; aislamiento de usados","ALTO","Agregado en V2. Referencia matriz anterior: MATRIZ_NOMINAL_S3_0_20260806.csv; no existía como fila nominal previa."
"S3-0-B7-FLE-101","S3-0.1-2026-08-06","7","FlexiPage","FlexiPage","Opportunity","Opportunity_Record_Page","Opportunity_Record_Page","NO_EXISTE","EXISTE","NO_COMPARABLE","ACTIVA_COMO_METADATA","Pendiente de evidencia nominal de asignación","Pendiente de matriz de asignaciones","Variante solicitada; asignación y filtros por confirmar","Por determinar","No","Metadata existente en Partial; no modificada","Validar asignación, decisión y regresión antes de cambio","PENDIENTE_EVIDENCIA","Asignaciones, datos y decisión funcional según componente","Evidencia/decisión pendiente","Equipo técnico / negocio según hallazgo","Auditoría S3-0.1; retrieve/listado temporal Partial 2026-08-06","Asignación y prueba QA nominal","Escenario aplicable con Empresa explícita","PEKING no cae en Empresa legacy; aislamiento de usados","ALTO","Agregado en V2. Referencia matriz anterior: MATRIZ_NOMINAL_S3_0_20260806.csv; no existía como fila nominal previa."
"S3-0-B7-FLE-102","S3-0.1-2026-08-06","7","FlexiPage","FlexiPage","Opportunity","Opportunity_Record_Page1","Opportunity_Record_Page1","NO_EXISTE","EXISTE","NO_COMPARABLE","ACTIVA_COMO_METADATA","Pendiente de evidencia nominal de asignación","Pendiente de matriz de asignaciones","Variante solicitada; asignación y filtros por confirmar","Por determinar","No","Metadata existente en Partial; no modificada","Validar asignación, decisión y regresión antes de cambio","PENDIENTE_EVIDENCIA","Asignaciones, datos y decisión funcional según componente","Evidencia/decisión pendiente","Equipo técnico / negocio según hallazgo","Auditoría S3-0.1; retrieve/listado temporal Partial 2026-08-06","Asignación y prueba QA nominal","Escenario aplicable con Empresa explícita","PEKING no cae en Empresa legacy; aislamiento de usados","ALTO","Agregado en V2. Referencia matriz anterior: MATRIZ_NOMINAL_S3_0_20260806.csv; no existía como fila nominal previa."
"S3-0-B7-FLE-103","S3-0.1-2026-08-06","7","FlexiPage","FlexiPage","Opportunity","Opportunity_Record_Page10","Opportunity_Record_Page10","NO_EXISTE","EXISTE","NO_COMPARABLE","ACTIVA_COMO_METADATA","Pendiente de evidencia nominal de asignación","Pendiente de matriz de asignaciones","Variante solicitada; asignación y filtros por confirmar","Por determinar","No","Metadata existente en Partial; no modificada","Validar asignación, decisión y regresión antes de cambio","PENDIENTE_EVIDENCIA","Asignaciones, datos y decisión funcional según componente","Evidencia/decisión pendiente","Equipo técnico / negocio según hallazgo","Auditoría S3-0.1; retrieve/listado temporal Partial 2026-08-06","Asignación y prueba QA nominal","Escenario aplicable con Empresa explícita","PEKING no cae en Empresa legacy; aislamiento de usados","ALTO","Agregado en V2. Referencia matriz anterior: MATRIZ_NOMINAL_S3_0_20260806.csv; no existía como fila nominal previa."
"S3-0-B7-FLE-104","S3-0.1-2026-08-06","7","FlexiPage","FlexiPage","Opportunity","Opportunity_Record_Page11","Opportunity_Record_Page11","NO_EXISTE","EXISTE","NO_COMPARABLE","ACTIVA_COMO_METADATA","Pendiente de evidencia nominal de asignación","Pendiente de matriz de asignaciones","Variante solicitada; asignación y filtros por confirmar","Por determinar","No","Metadata existente en Partial; no modificada","Validar asignación, decisión y regresión antes de cambio","PENDIENTE_EVIDENCIA","Asignaciones, datos y decisión funcional según componente","Evidencia/decisión pendiente","Equipo técnico / negocio según hallazgo","Auditoría S3-0.1; retrieve/listado temporal Partial 2026-08-06","Asignación y prueba QA nominal","Escenario aplicable con Empresa explícita","PEKING no cae en Empresa legacy; aislamiento de usados","ALTO","Agregado en V2. Referencia matriz anterior: MATRIZ_NOMINAL_S3_0_20260806.csv; no existía como fila nominal previa."
"S3-0-B7-FLE-105","S3-0.1-2026-08-06","7","FlexiPage","FlexiPage","Opportunity","Opportunity_Record_Page12","Opportunity_Record_Page12","NO_EXISTE","EXISTE","NO_COMPARABLE","ACTIVA_COMO_METADATA","Pendiente de evidencia nominal de asignación","Pendiente de matriz de asignaciones","Variante solicitada; asignación y filtros por confirmar","Por determinar","No","Metadata existente en Partial; no modificada","Validar asignación, decisión y regresión antes de cambio","PENDIENTE_EVIDENCIA","Asignaciones, datos y decisión funcional según componente","Evidencia/decisión pendiente","Equipo técnico / negocio según hallazgo","Auditoría S3-0.1; retrieve/listado temporal Partial 2026-08-06","Asignación y prueba QA nominal","Escenario aplicable con Empresa explícita","PEKING no cae en Empresa legacy; aislamiento de usados","ALTO","Agregado en V2. Referencia matriz anterior: MATRIZ_NOMINAL_S3_0_20260806.csv; no existía como fila nominal previa."
"S3-0-B7-FLE-106","S3-0.1-2026-08-06","7","FlexiPage","FlexiPage","Opportunity","Opportunity_Record_Page2","Opportunity_Record_Page2","NO_EXISTE","EXISTE","NO_COMPARABLE","ACTIVA_COMO_METADATA","Pendiente de evidencia nominal de asignación","Pendiente de matriz de asignaciones","Variante solicitada; asignación y filtros por confirmar","Por determinar","No","Metadata existente en Partial; no modificada","Validar asignación, decisión y regresión antes de cambio","PENDIENTE_EVIDENCIA","Asignaciones, datos y decisión funcional según componente","Evidencia/decisión pendiente","Equipo técnico / negocio según hallazgo","Auditoría S3-0.1; retrieve/listado temporal Partial 2026-08-06","Asignación y prueba QA nominal","Escenario aplicable con Empresa explícita","PEKING no cae en Empresa legacy; aislamiento de usados","ALTO","Agregado en V2. Referencia matriz anterior: MATRIZ_NOMINAL_S3_0_20260806.csv; no existía como fila nominal previa."
"S3-0-B7-FLE-107","S3-0.1-2026-08-06","7","FlexiPage","FlexiPage","Opportunity","Opportunity_Record_Page3","Opportunity_Record_Page3","NO_EXISTE","EXISTE","NO_COMPARABLE","ACTIVA_COMO_METADATA","Pendiente de evidencia nominal de asignación","Pendiente de matriz de asignaciones","Variante solicitada; asignación y filtros por confirmar","Por determinar","No","Metadata existente en Partial; no modificada","Validar asignación, decisión y regresión antes de cambio","PENDIENTE_EVIDENCIA","Asignaciones, datos y decisión funcional según componente","Evidencia/decisión pendiente","Equipo técnico / negocio según hallazgo","Auditoría S3-0.1; retrieve/listado temporal Partial 2026-08-06","Asignación y prueba QA nominal","Escenario aplicable con Empresa explícita","PEKING no cae en Empresa legacy; aislamiento de usados","ALTO","Agregado en V2. Referencia matriz anterior: MATRIZ_NOMINAL_S3_0_20260806.csv; no existía como fila nominal previa."
"S3-0-B7-FLE-108","S3-0.1-2026-08-06","7","FlexiPage","FlexiPage","Opportunity","Opportunity_Record_Page4","Opportunity_Record_Page4","NO_EXISTE","EXISTE","NO_COMPARABLE","ACTIVA_COMO_METADATA","Pendiente de evidencia nominal de asignación","Pendiente de matriz de asignaciones","Variante solicitada; asignación y filtros por confirmar","Por determinar","No","Metadata existente en Partial; no modificada","Validar asignación, decisión y regresión antes de cambio","PENDIENTE_EVIDENCIA","Asignaciones, datos y decisión funcional según componente","Evidencia/decisión pendiente","Equipo técnico / negocio según hallazgo","Auditoría S3-0.1; retrieve/listado temporal Partial 2026-08-06","Asignación y prueba QA nominal","Escenario aplicable con Empresa explícita","PEKING no cae en Empresa legacy; aislamiento de usados","ALTO","Agregado en V2. Referencia matriz anterior: MATRIZ_NOMINAL_S3_0_20260806.csv; no existía como fila nominal previa."
"S3-0-B7-FLE-109","S3-0.1-2026-08-06","7","FlexiPage","FlexiPage","Opportunity","Opportunity_Record_Page5","Opportunity_Record_Page5","NO_EXISTE","EXISTE","NO_COMPARABLE","ACTIVA_COMO_METADATA","Pendiente de evidencia nominal de asignación","Pendiente de matriz de asignaciones","Variante solicitada; asignación y filtros por confirmar","Por determinar","No","Metadata existente en Partial; no modificada","Validar asignación, decisión y regresión antes de cambio","PENDIENTE_EVIDENCIA","Asignaciones, datos y decisión funcional según componente","Evidencia/decisión pendiente","Equipo técnico / negocio según hallazgo","Auditoría S3-0.1; retrieve/listado temporal Partial 2026-08-06","Asignación y prueba QA nominal","Escenario aplicable con Empresa explícita","PEKING no cae en Empresa legacy; aislamiento de usados","ALTO","Agregado en V2. Referencia matriz anterior: MATRIZ_NOMINAL_S3_0_20260806.csv; no existía como fila nominal previa."
"S3-0-B7-FLE-110","S3-0.1-2026-08-06","7","FlexiPage","FlexiPage","Opportunity","Opportunity_Record_Page6","Opportunity_Record_Page6","NO_EXISTE","EXISTE","NO_COMPARABLE","ACTIVA_COMO_METADATA","Pendiente de evidencia nominal de asignación","Pendiente de matriz de asignaciones","Variante solicitada; asignación y filtros por confirmar","Por determinar","No","Metadata existente en Partial; no modificada","Validar asignación, decisión y regresión antes de cambio","PENDIENTE_EVIDENCIA","Asignaciones, datos y decisión funcional según componente","Evidencia/decisión pendiente","Equipo técnico / negocio según hallazgo","Auditoría S3-0.1; retrieve/listado temporal Partial 2026-08-06","Asignación y prueba QA nominal","Escenario aplicable con Empresa explícita","PEKING no cae en Empresa legacy; aislamiento de usados","ALTO","Agregado en V2. Referencia matriz anterior: MATRIZ_NOMINAL_S3_0_20260806.csv; no existía como fila nominal previa."
"S3-0-B7-FLE-111","S3-0.1-2026-08-06","7","FlexiPage","FlexiPage","Opportunity","Opportunity_Record_Page7","Opportunity_Record_Page7","NO_EXISTE","EXISTE","NO_COMPARABLE","ACTIVA_COMO_METADATA","Pendiente de evidencia nominal de asignación","Pendiente de matriz de asignaciones","Variante solicitada; asignación y filtros por confirmar","Por determinar","No","Metadata existente en Partial; no modificada","Validar asignación, decisión y regresión antes de cambio","PENDIENTE_EVIDENCIA","Asignaciones, datos y decisión funcional según componente","Evidencia/decisión pendiente","Equipo técnico / negocio según hallazgo","Auditoría S3-0.1; retrieve/listado temporal Partial 2026-08-06","Asignación y prueba QA nominal","Escenario aplicable con Empresa explícita","PEKING no cae en Empresa legacy; aislamiento de usados","ALTO","Agregado en V2. Referencia matriz anterior: MATRIZ_NOMINAL_S3_0_20260806.csv; no existía como fila nominal previa."
"S3-0-B7-FLE-112","S3-0.1-2026-08-06","7","FlexiPage","FlexiPage","Opportunity","Opportunity_Record_Page8","Opportunity_Record_Page8","NO_EXISTE","EXISTE","NO_COMPARABLE","ACTIVA_COMO_METADATA","Pendiente de evidencia nominal de asignación","Pendiente de matriz de asignaciones","Variante solicitada; asignación y filtros por confirmar","Por determinar","No","Metadata existente en Partial; no modificada","Validar asignación, decisión y regresión antes de cambio","PENDIENTE_EVIDENCIA","Asignaciones, datos y decisión funcional según componente","Evidencia/decisión pendiente","Equipo técnico / negocio según hallazgo","Auditoría S3-0.1; retrieve/listado temporal Partial 2026-08-06","Asignación y prueba QA nominal","Escenario aplicable con Empresa explícita","PEKING no cae en Empresa legacy; aislamiento de usados","ALTO","Agregado en V2. Referencia matriz anterior: MATRIZ_NOMINAL_S3_0_20260806.csv; no existía como fila nominal previa."
"S3-0-B7-FLE-113","S3-0.1-2026-08-06","7","FlexiPage","FlexiPage","Opportunity","Opportunity_Record_Page9","Opportunity_Record_Page9","NO_EXISTE","EXISTE","NO_COMPARABLE","ACTIVA_COMO_METADATA","Pendiente de evidencia nominal de asignación","Pendiente de matriz de asignaciones","Variante solicitada; asignación y filtros por confirmar","Por determinar","No","Metadata existente en Partial; no modificada","Validar asignación, decisión y regresión antes de cambio","PENDIENTE_EVIDENCIA","Asignaciones, datos y decisión funcional según componente","Evidencia/decisión pendiente","Equipo técnico / negocio según hallazgo","Auditoría S3-0.1; retrieve/listado temporal Partial 2026-08-06","Asignación y prueba QA nominal","Escenario aplicable con Empresa explícita","PEKING no cae en Empresa legacy; aislamiento de usados","ALTO","Agregado en V2. Referencia matriz anterior: MATRIZ_NOMINAL_S3_0_20260806.csv; no existía como fila nominal previa."
"S3-0-B7-FLE-114","S3-0.1-2026-08-06","7","FlexiPage","FlexiPage","Opportunity","Opportunity_Record_Page_VN_Agenda_Facturada","Opportunity_Record_Page_VN_Agenda_Facturada","NO_EXISTE","EXISTE","NO_COMPARABLE","ACTIVA_COMO_METADATA","Pendiente de evidencia nominal de asignación","Pendiente de matriz de asignaciones","Variante solicitada; asignación y filtros por confirmar","Por determinar","No","Metadata existente en Partial; no modificada","Validar asignación, decisión y regresión antes de cambio","PENDIENTE_EVIDENCIA","Asignaciones, datos y decisión funcional según componente","Evidencia/decisión pendiente","Equipo técnico / negocio según hallazgo","Auditoría S3-0.1; retrieve/listado temporal Partial 2026-08-06","Asignación y prueba QA nominal","Escenario aplicable con Empresa explícita","PEKING no cae en Empresa legacy; aislamiento de usados","ALTO","Agregado en V2. Referencia matriz anterior: MATRIZ_NOMINAL_S3_0_20260806.csv; no existía como fila nominal previa."
"S3-0-B7-FLE-115","S3-0.1-2026-08-06","7","FlexiPage","FlexiPage","Quote","Quote_Record_Page","Quote_Record_Page","NO_EXISTE","EXISTE","NO_COMPARABLE","ACTIVA_COMO_METADATA","Pendiente de evidencia nominal de asignación","Pendiente de matriz de asignaciones","Variante solicitada; asignación y filtros por confirmar","Por determinar","No","Metadata existente en Partial; no modificada","Validar asignación, decisión y regresión antes de cambio","PENDIENTE_EVIDENCIA","Asignaciones, datos y decisión funcional según componente","Evidencia/decisión pendiente","Equipo técnico / negocio según hallazgo","Auditoría S3-0.1; retrieve/listado temporal Partial 2026-08-06","Asignación y prueba QA nominal","Escenario aplicable con Empresa explícita","PEKING no cae en Empresa legacy; aislamiento de usados","ALTO","Agregado en V2. Referencia matriz anterior: MATRIZ_NOMINAL_S3_0_20260806.csv; no existía como fila nominal previa."
"S3-0-B7-FLE-116","S3-0.1-2026-08-06","7","FlexiPage","FlexiPage","Quote","Quote_Record_Page1","Quote_Record_Page1","NO_EXISTE","EXISTE","NO_COMPARABLE","ACTIVA_COMO_METADATA","Pendiente de evidencia nominal de asignación","Pendiente de matriz de asignaciones","Variante solicitada; asignación y filtros por confirmar","Por determinar","No","Metadata existente en Partial; no modificada","Validar asignación, decisión y regresión antes de cambio","PENDIENTE_EVIDENCIA","Asignaciones, datos y decisión funcional según componente","Evidencia/decisión pendiente","Equipo técnico / negocio según hallazgo","Auditoría S3-0.1; retrieve/listado temporal Partial 2026-08-06","Asignación y prueba QA nominal","Escenario aplicable con Empresa explícita","PEKING no cae en Empresa legacy; aislamiento de usados","ALTO","Agregado en V2. Referencia matriz anterior: MATRIZ_NOMINAL_S3_0_20260806.csv; no existía como fila nominal previa."
"S3-0-B7-FLE-117","S3-0.1-2026-08-06","7","FlexiPage","FlexiPage","Quote","Quote_Record_Page2","Quote_Record_Page2","NO_EXISTE","EXISTE","NO_COMPARABLE","ACTIVA_COMO_METADATA","Pendiente de evidencia nominal de asignación","Pendiente de matriz de asignaciones","Variante solicitada; asignación y filtros por confirmar","Por determinar","No","Metadata existente en Partial; no modificada","Validar asignación, decisión y regresión antes de cambio","PENDIENTE_EVIDENCIA","Asignaciones, datos y decisión funcional según componente","Evidencia/decisión pendiente","Equipo técnico / negocio según hallazgo","Auditoría S3-0.1; retrieve/listado temporal Partial 2026-08-06","Asignación y prueba QA nominal","Escenario aplicable con Empresa explícita","PEKING no cae en Empresa legacy; aislamiento de usados","ALTO","Agregado en V2. Referencia matriz anterior: MATRIZ_NOMINAL_S3_0_20260806.csv; no existía como fila nominal previa."
"S3-0-B7-FLE-118","S3-0.1-2026-08-06","7","FlexiPage","FlexiPage","Quote","Quote_Record_Page3","Quote_Record_Page3","NO_EXISTE","EXISTE","NO_COMPARABLE","ACTIVA_COMO_METADATA","Pendiente de evidencia nominal de asignación","Pendiente de matriz de asignaciones","Variante solicitada; asignación y filtros por confirmar","Por determinar","No","Metadata existente en Partial; no modificada","Validar asignación, decisión y regresión antes de cambio","PENDIENTE_EVIDENCIA","Asignaciones, datos y decisión funcional según componente","Evidencia/decisión pendiente","Equipo técnico / negocio según hallazgo","Auditoría S3-0.1; retrieve/listado temporal Partial 2026-08-06","Asignación y prueba QA nominal","Escenario aplicable con Empresa explícita","PEKING no cae en Empresa legacy; aislamiento de usados","ALTO","Agregado en V2. Referencia matriz anterior: MATRIZ_NOMINAL_S3_0_20260806.csv; no existía como fila nominal previa."
"S3-0-B7-FLE-119","S3-0.1-2026-08-06","7","FlexiPage","FlexiPage","Quote","Quote_Record_Page4","Quote_Record_Page4","NO_EXISTE","EXISTE","NO_COMPARABLE","ACTIVA_COMO_METADATA","Pendiente de evidencia nominal de asignación","Pendiente de matriz de asignaciones","Variante solicitada; asignación y filtros por confirmar","Por determinar","No","Metadata existente en Partial; no modificada","Validar asignación, decisión y regresión antes de cambio","PENDIENTE_EVIDENCIA","Asignaciones, datos y decisión funcional según componente","Evidencia/decisión pendiente","Equipo técnico / negocio según hallazgo","Auditoría S3-0.1; retrieve/listado temporal Partial 2026-08-06","Asignación y prueba QA nominal","Escenario aplicable con Empresa explícita","PEKING no cae en Empresa legacy; aislamiento de usados","ALTO","Agregado en V2. Referencia matriz anterior: MATRIZ_NOMINAL_S3_0_20260806.csv; no existía como fila nominal previa."
"S3-0-B7-FLE-120","S3-0.1-2026-08-06","7","FlexiPage","FlexiPage","Quote","Quote_Record_Page5","Quote_Record_Page5","NO_EXISTE","EXISTE","NO_COMPARABLE","ACTIVA_COMO_METADATA","Pendiente de evidencia nominal de asignación","Pendiente de matriz de asignaciones","Variante solicitada; asignación y filtros por confirmar","Por determinar","No","Metadata existente en Partial; no modificada","Validar asignación, decisión y regresión antes de cambio","PENDIENTE_EVIDENCIA","Asignaciones, datos y decisión funcional según componente","Evidencia/decisión pendiente","Equipo técnico / negocio según hallazgo","Auditoría S3-0.1; retrieve/listado temporal Partial 2026-08-06","Asignación y prueba QA nominal","Escenario aplicable con Empresa explícita","PEKING no cae en Empresa legacy; aislamiento de usados","ALTO","Agregado en V2. Referencia matriz anterior: MATRIZ_NOMINAL_S3_0_20260806.csv; no existía como fila nominal previa."
"S3-0-B7-FLE-121","S3-0.1-2026-08-06","7","FlexiPage","FlexiPage","Quote","Quote_Record_Page6","Quote_Record_Page6","NO_EXISTE","EXISTE","NO_COMPARABLE","ACTIVA_COMO_METADATA","Pendiente de evidencia nominal de asignación","Pendiente de matriz de asignaciones","Variante solicitada; asignación y filtros por confirmar","Por determinar","No","Metadata existente en Partial; no modificada","Validar asignación, decisión y regresión antes de cambio","PENDIENTE_EVIDENCIA","Asignaciones, datos y decisión funcional según componente","Evidencia/decisión pendiente","Equipo técnico / negocio según hallazgo","Auditoría S3-0.1; retrieve/listado temporal Partial 2026-08-06","Asignación y prueba QA nominal","Escenario aplicable con Empresa explícita","PEKING no cae en Empresa legacy; aislamiento de usados","ALTO","Agregado en V2. Referencia matriz anterior: MATRIZ_NOMINAL_S3_0_20260806.csv; no existía como fila nominal previa."
"S3-0-B9-VAL-101","S3-0.1-2026-08-06","9","ValidationRule","ValidationRule","Opportunity","Opportunity.Avoid_opp_owner_change","Avoid_opp_owner_change","NO_EXISTE","EXISTE","NO_COMPARABLE","INACTIVA","Según metadata recuperada","Según criterio/fórmula","Coincidencia por objeto/fórmula del bloque 9","Por determinar","No","Metadata existente en Partial; no modificada","Validar asignación, decisión y regresión antes de cambio","REQUIERE_REGRESION","Asignaciones, datos y decisión funcional según componente","","Equipo técnico / negocio según hallazgo","Auditoría S3-0.1; retrieve/listado temporal Partial 2026-08-06","Asignación y prueba QA nominal","Escenario aplicable con Empresa explícita","PEKING no cae en Empresa legacy; aislamiento de usados","ALTO","Agregado en V2. Referencia matriz anterior: MATRIZ_NOMINAL_S3_0_20260806.csv; no existía como fila nominal previa."
"S3-0-B9-VAL-102","S3-0.1-2026-08-06","9","ValidationRule","ValidationRule","Opportunity","Opportunity.Bloquear_Cambio_Owner_Perfiles_Online","Bloquear_Cambio_Owner_Perfiles_Online","NO_EXISTE","EXISTE","NO_COMPARABLE","ACTIVA","Según metadata recuperada","Según criterio/fórmula","Coincidencia por objeto/fórmula del bloque 9","Por determinar","No","Metadata existente en Partial; no modificada","Validar asignación, decisión y regresión antes de cambio","BLOQUEADO_NEGOCIO","Asignaciones, datos y decisión funcional según componente","Evidencia/decisión pendiente","Equipo técnico / negocio según hallazgo","Auditoría S3-0.1; retrieve/listado temporal Partial 2026-08-06","Asignación y prueba QA nominal","Escenario aplicable con Empresa explícita","PEKING no cae en Empresa legacy; aislamiento de usados","ALTO","Agregado en V2. Referencia matriz anterior: MATRIZ_NOMINAL_S3_0_20260806.csv; no existía como fila nominal previa."
"S3-0-B9-VAL-103","S3-0.1-2026-08-06","9","ValidationRule","ValidationRule","Opportunity","Opportunity.Bodega_Vehiculos_Nuevos_Uruca","Bodega_Vehiculos_Nuevos_Uruca","NO_EXISTE","EXISTE","NO_COMPARABLE","ACTIVA","Según metadata recuperada","Según criterio/fórmula","Coincidencia por objeto/fórmula del bloque 9","Por determinar","No","Metadata existente en Partial; no modificada","Validar asignación, decisión y regresión antes de cambio","BLOQUEADO_NEGOCIO","Asignaciones, datos y decisión funcional según componente","Evidencia/decisión pendiente","Equipo técnico / negocio según hallazgo","Auditoría S3-0.1; retrieve/listado temporal Partial 2026-08-06","Asignación y prueba QA nominal","Escenario aplicable con Empresa explícita","PEKING no cae en Empresa legacy; aislamiento de usados","ALTO","Agregado en V2. Referencia matriz anterior: MATRIZ_NOMINAL_S3_0_20260806.csv; no existía como fila nominal previa."
"S3-0-B9-VAL-104","S3-0.1-2026-08-06","9","ValidationRule","ValidationRule","Opportunity","Opportunity.Cambiar_Oportunidad_a_Finalizado_VH","Cambiar_Oportunidad_a_Finalizado_VH","NO_EXISTE","EXISTE","NO_COMPARABLE","ACTIVA","Según metadata recuperada","Según criterio/fórmula","Coincidencia por objeto/fórmula del bloque 9","Por determinar","No","Metadata existente en Partial; no modificada","Validar asignación, decisión y regresión antes de cambio","BLOQUEADO_NEGOCIO","Asignaciones, datos y decisión funcional según componente","Evidencia/decisión pendiente","Equipo técnico / negocio según hallazgo","Auditoría S3-0.1; retrieve/listado temporal Partial 2026-08-06","Asignación y prueba QA nominal","Escenario aplicable con Empresa explícita","PEKING no cae en Empresa legacy; aislamiento de usados","ALTO","Agregado en V2. Referencia matriz anterior: MATRIZ_NOMINAL_S3_0_20260806.csv; no existía como fila nominal previa."
"S3-0-B9-VAL-105","S3-0.1-2026-08-06","9","ValidationRule","ValidationRule","Opportunity","Opportunity.Cambiar_a_Cerrada_Ganada","Cambiar_a_Cerrada_Ganada","NO_EXISTE","EXISTE","NO_COMPARABLE","ACTIVA","Según metadata recuperada","Según criterio/fórmula","Coincidencia por objeto/fórmula del bloque 9","Por determinar","No","Metadata existente en Partial; no modificada","Validar asignación, decisión y regresión antes de cambio","BLOQUEADO_NEGOCIO","Asignaciones, datos y decisión funcional según componente","Evidencia/decisión pendiente","Equipo técnico / negocio según hallazgo","Auditoría S3-0.1; retrieve/listado temporal Partial 2026-08-06","Asignación y prueba QA nominal","Escenario aplicable con Empresa explícita","PEKING no cae en Empresa legacy; aislamiento de usados","ALTO","Agregado en V2. Referencia matriz anterior: MATRIZ_NOMINAL_S3_0_20260806.csv; no existía como fila nominal previa."
"S3-0-B9-VAL-106","S3-0.1-2026-08-06","9","ValidationRule","ValidationRule","Opportunity","Opportunity.Cambiar_a_Finalizado_Formalizacion","Cambiar_a_Finalizado_Formalizacion","NO_EXISTE","EXISTE","NO_COMPARABLE","ACTIVA","Según metadata recuperada","Según criterio/fórmula","Coincidencia por objeto/fórmula del bloque 9","Por determinar","No","Metadata existente en Partial; no modificada","Validar asignación, decisión y regresión antes de cambio","BLOQUEADO_NEGOCIO","Asignaciones, datos y decisión funcional según componente","Evidencia/decisión pendiente","Equipo técnico / negocio según hallazgo","Auditoría S3-0.1; retrieve/listado temporal Partial 2026-08-06","Asignación y prueba QA nominal","Escenario aplicable con Empresa explícita","PEKING no cae en Empresa legacy; aislamiento de usados","ALTO","Agregado en V2. Referencia matriz anterior: MATRIZ_NOMINAL_S3_0_20260806.csv; no existía como fila nominal previa."
"S3-0-B9-VAL-107","S3-0.1-2026-08-06","9","ValidationRule","ValidationRule","Opportunity","Opportunity.Campo_Ano_del_vehiculo_actual","Campo_Ano_del_vehiculo_actual","NO_EXISTE","EXISTE","NO_COMPARABLE","ACTIVA","Según metadata recuperada","Según criterio/fórmula","Coincidencia por objeto/fórmula del bloque 9","Por determinar","No","Metadata existente en Partial; no modificada","Validar asignación, decisión y regresión antes de cambio","BLOQUEADO_NEGOCIO","Asignaciones, datos y decisión funcional según componente","Evidencia/decisión pendiente","Equipo técnico / negocio según hallazgo","Auditoría S3-0.1; retrieve/listado temporal Partial 2026-08-06","Asignación y prueba QA nominal","Escenario aplicable con Empresa explícita","PEKING no cae en Empresa legacy; aislamiento de usados","ALTO","Agregado en V2. Referencia matriz anterior: MATRIZ_NOMINAL_S3_0_20260806.csv; no existía como fila nominal previa."
"S3-0-B9-VAL-108","S3-0.1-2026-08-06","9","ValidationRule","ValidationRule","Opportunity","Opportunity.Campo_EngancheMonto_Obligatorio","Campo_EngancheMonto_Obligatorio","NO_EXISTE","EXISTE","NO_COMPARABLE","ACTIVA","Según metadata recuperada","Según criterio/fórmula","Coincidencia por objeto/fórmula del bloque 9","Por determinar","No","Metadata existente en Partial; no modificada","Validar asignación, decisión y regresión antes de cambio","BLOQUEADO_NEGOCIO","Asignaciones, datos y decisión funcional según componente","Evidencia/decisión pendiente","Equipo técnico / negocio según hallazgo","Auditoría S3-0.1; retrieve/listado temporal Partial 2026-08-06","Asignación y prueba QA nominal","Escenario aplicable con Empresa explícita","PEKING no cae en Empresa legacy; aislamiento de usados","ALTO","Agregado en V2. Referencia matriz anterior: MATRIZ_NOMINAL_S3_0_20260806.csv; no existía como fila nominal previa."
"S3-0-B9-VAL-109","S3-0.1-2026-08-06","9","ValidationRule","ValidationRule","Opportunity","Opportunity.Campo_EngancheRecibo_Obligatorio","Campo_EngancheRecibo_Obligatorio","NO_EXISTE","EXISTE","NO_COMPARABLE","ACTIVA","Según metadata recuperada","Según criterio/fórmula","Coincidencia por objeto/fórmula del bloque 9","Por determinar","No","Metadata existente en Partial; no modificada","Validar asignación, decisión y regresión antes de cambio","BLOQUEADO_NEGOCIO","Asignaciones, datos y decisión funcional según componente","Evidencia/decisión pendiente","Equipo técnico / negocio según hallazgo","Auditoría S3-0.1; retrieve/listado temporal Partial 2026-08-06","Asignación y prueba QA nominal","Escenario aplicable con Empresa explícita","PEKING no cae en Empresa legacy; aislamiento de usados","ALTO","Agregado en V2. Referencia matriz anterior: MATRIZ_NOMINAL_S3_0_20260806.csv; no existía como fila nominal previa."
"S3-0-B9-VAL-110","S3-0.1-2026-08-06","9","ValidationRule","ValidationRule","Opportunity","Opportunity.Campo_Entidad_Obligatorio_Financiado","Campo_Entidad_Obligatorio_Financiado","NO_EXISTE","EXISTE","NO_COMPARABLE","INACTIVA","Según metadata recuperada","Según criterio/fórmula","Coincidencia por objeto/fórmula del bloque 9","Por determinar","No","Metadata existente en Partial; no modificada","Validar asignación, decisión y regresión antes de cambio","REQUIERE_REGRESION","Asignaciones, datos y decisión funcional según componente","","Equipo técnico / negocio según hallazgo","Auditoría S3-0.1; retrieve/listado temporal Partial 2026-08-06","Asignación y prueba QA nominal","Escenario aplicable con Empresa explícita","PEKING no cae en Empresa legacy; aislamiento de usados","ALTO","Agregado en V2. Referencia matriz anterior: MATRIZ_NOMINAL_S3_0_20260806.csv; no existía como fila nominal previa."
"S3-0-B9-VAL-111","S3-0.1-2026-08-06","9","ValidationRule","ValidationRule","Opportunity","Opportunity.Campo_Entidad_Obligatorio_Leasing","Campo_Entidad_Obligatorio_Leasing","NO_EXISTE","EXISTE","NO_COMPARABLE","INACTIVA","Según metadata recuperada","Según criterio/fórmula","Coincidencia por objeto/fórmula del bloque 9","Por determinar","No","Metadata existente en Partial; no modificada","Validar asignación, decisión y regresión antes de cambio","REQUIERE_REGRESION","Asignaciones, datos y decisión funcional según componente","","Equipo técnico / negocio según hallazgo","Auditoría S3-0.1; retrieve/listado temporal Partial 2026-08-06","Asignación y prueba QA nominal","Escenario aplicable con Empresa explícita","PEKING no cae en Empresa legacy; aislamiento de usados","ALTO","Agregado en V2. Referencia matriz anterior: MATRIZ_NOMINAL_S3_0_20260806.csv; no existía como fila nominal previa."
"S3-0-B9-VAL-112","S3-0.1-2026-08-06","9","ValidationRule","ValidationRule","Opportunity","Opportunity.Campo_Fecha_Posible_Compra_Obligatorio","Campo_Fecha_Posible_Compra_Obligatorio","NO_EXISTE","EXISTE","NO_COMPARABLE","ACTIVA","Según metadata recuperada","Según criterio/fórmula","Coincidencia por objeto/fórmula del bloque 9","Por determinar","No","Metadata existente en Partial; no modificada","Validar asignación, decisión y regresión antes de cambio","BLOQUEADO_NEGOCIO","Asignaciones, datos y decisión funcional según componente","Evidencia/decisión pendiente","Equipo técnico / negocio según hallazgo","Auditoría S3-0.1; retrieve/listado temporal Partial 2026-08-06","Asignación y prueba QA nominal","Escenario aplicable con Empresa explícita","PEKING no cae en Empresa legacy; aislamiento de usados","ALTO","Agregado en V2. Referencia matriz anterior: MATRIZ_NOMINAL_S3_0_20260806.csv; no existía como fila nominal previa."
"S3-0-B9-VAL-113","S3-0.1-2026-08-06","9","ValidationRule","ValidationRule","Opportunity","Opportunity.Campo_Gustos_y_aficiones_Obligatorio","Campo_Gustos_y_aficiones_Obligatorio","NO_EXISTE","EXISTE","NO_COMPARABLE","ACTIVA","Según metadata recuperada","Según criterio/fórmula","Coincidencia por objeto/fórmula del bloque 9","Por determinar","No","Metadata existente en Partial; no modificada","Validar asignación, decisión y regresión antes de cambio","BLOQUEADO_NEGOCIO","Asignaciones, datos y decisión funcional según componente","Evidencia/decisión pendiente","Equipo técnico / negocio según hallazgo","Auditoría S3-0.1; retrieve/listado temporal Partial 2026-08-06","Asignación y prueba QA nominal","Escenario aplicable con Empresa explícita","PEKING no cae en Empresa legacy; aislamiento de usados","ALTO","Agregado en V2. Referencia matriz anterior: MATRIZ_NOMINAL_S3_0_20260806.csv; no existía como fila nominal previa."
"S3-0-B9-VAL-114","S3-0.1-2026-08-06","9","ValidationRule","ValidationRule","Opportunity","Opportunity.Campo_PlazoMeses_Obligatorio","Campo_PlazoMeses_Obligatorio","NO_EXISTE","EXISTE","NO_COMPARABLE","ACTIVA","Según metadata recuperada","Según criterio/fórmula","Coincidencia por objeto/fórmula del bloque 9","Por determinar","No","Metadata existente en Partial; no modificada","Validar asignación, decisión y regresión antes de cambio","BLOQUEADO_NEGOCIO","Asignaciones, datos y decisión funcional según componente","Evidencia/decisión pendiente","Equipo técnico / negocio según hallazgo","Auditoría S3-0.1; retrieve/listado temporal Partial 2026-08-06","Asignación y prueba QA nominal","Escenario aplicable con Empresa explícita","PEKING no cae en Empresa legacy; aislamiento de usados","ALTO","Agregado en V2. Referencia matriz anterior: MATRIZ_NOMINAL_S3_0_20260806.csv; no existía como fila nominal previa."
"S3-0-B9-VAL-115","S3-0.1-2026-08-06","9","ValidationRule","ValidationRule","Opportunity","Opportunity.Campo_Prima_Obligatorio","Campo_Prima_Obligatorio","NO_EXISTE","EXISTE","NO_COMPARABLE","ACTIVA","Según metadata recuperada","Según criterio/fórmula","Coincidencia por objeto/fórmula del bloque 9","Por determinar","No","Metadata existente en Partial; no modificada","Validar asignación, decisión y regresión antes de cambio","BLOQUEADO_NEGOCIO","Asignaciones, datos y decisión funcional según componente","Evidencia/decisión pendiente","Equipo técnico / negocio según hallazgo","Auditoría S3-0.1; retrieve/listado temporal Partial 2026-08-06","Asignación y prueba QA nominal","Escenario aplicable con Empresa explícita","PEKING no cae en Empresa legacy; aislamiento de usados","ALTO","Agregado en V2. Referencia matriz anterior: MATRIZ_NOMINAL_S3_0_20260806.csv; no existía como fila nominal previa."
"S3-0-B9-VAL-116","S3-0.1-2026-08-06","9","ValidationRule","ValidationRule","Opportunity","Opportunity.Campo_Sucursal_Obligatorio","Campo_Sucursal_Obligatorio","NO_EXISTE","EXISTE","NO_COMPARABLE","ACTIVA","Según metadata recuperada","Según criterio/fórmula","Coincidencia por objeto/fórmula del bloque 9","Por determinar","No","Metadata existente en Partial; no modificada","Validar asignación, decisión y regresión antes de cambio","BLOQUEADO_NEGOCIO","Asignaciones, datos y decisión funcional según componente","Evidencia/decisión pendiente","Equipo técnico / negocio según hallazgo","Auditoría S3-0.1; retrieve/listado temporal Partial 2026-08-06","Asignación y prueba QA nominal","Escenario aplicable con Empresa explícita","PEKING no cae en Empresa legacy; aislamiento de usados","ALTO","Agregado en V2. Referencia matriz anterior: MATRIZ_NOMINAL_S3_0_20260806.csv; no existía como fila nominal previa."
"S3-0-B9-VAL-117","S3-0.1-2026-08-06","9","ValidationRule","ValidationRule","Opportunity","Opportunity.Campo_Tipo_de_Cliente","Campo_Tipo_de_Cliente","NO_EXISTE","EXISTE","NO_COMPARABLE","ACTIVA","Según metadata recuperada","Según criterio/fórmula","Coincidencia por objeto/fórmula del bloque 9","Por determinar","No","Metadata existente en Partial; no modificada","Validar asignación, decisión y regresión antes de cambio","BLOQUEADO_NEGOCIO","Asignaciones, datos y decisión funcional según componente","Evidencia/decisión pendiente","Equipo técnico / negocio según hallazgo","Auditoría S3-0.1; retrieve/listado temporal Partial 2026-08-06","Asignación y prueba QA nominal","Escenario aplicable con Empresa explícita","PEKING no cae en Empresa legacy; aislamiento de usados","ALTO","Agregado en V2. Referencia matriz anterior: MATRIZ_NOMINAL_S3_0_20260806.csv; no existía como fila nominal previa."
"S3-0-B9-VAL-118","S3-0.1-2026-08-06","9","ValidationRule","ValidationRule","Opportunity","Opportunity.Campo_Tipo_de_uso_de_Vehiculo","Campo_Tipo_de_uso_de_Vehiculo","NO_EXISTE","EXISTE","NO_COMPARABLE","ACTIVA","Según metadata recuperada","Según criterio/fórmula","Coincidencia por objeto/fórmula del bloque 9","Por determinar","No","Metadata existente en Partial; no modificada","Validar asignación, decisión y regresión antes de cambio","BLOQUEADO_NEGOCIO","Asignaciones, datos y decisión funcional según componente","Evidencia/decisión pendiente","Equipo técnico / negocio según hallazgo","Auditoría S3-0.1; retrieve/listado temporal Partial 2026-08-06","Asignación y prueba QA nominal","Escenario aplicable con Empresa explícita","PEKING no cae en Empresa legacy; aislamiento de usados","ALTO","Agregado en V2. Referencia matriz anterior: MATRIZ_NOMINAL_S3_0_20260806.csv; no existía como fila nominal previa."
"S3-0-B9-VAL-119","S3-0.1-2026-08-06","9","ValidationRule","ValidationRule","Opportunity","Opportunity.Campo_Tipodefinanciamiento_Leasing","Campo_Tipodefinanciamiento_Leasing","NO_EXISTE","EXISTE","NO_COMPARABLE","INACTIVA","Según metadata recuperada","Según criterio/fórmula","Coincidencia por objeto/fórmula del bloque 9","Por determinar","No","Metadata existente en Partial; no modificada","Validar asignación, decisión y regresión antes de cambio","REQUIERE_REGRESION","Asignaciones, datos y decisión funcional según componente","","Equipo técnico / negocio según hallazgo","Auditoría S3-0.1; retrieve/listado temporal Partial 2026-08-06","Asignación y prueba QA nominal","Escenario aplicable con Empresa explícita","PEKING no cae en Empresa legacy; aislamiento de usados","ALTO","Agregado en V2. Referencia matriz anterior: MATRIZ_NOMINAL_S3_0_20260806.csv; no existía como fila nominal previa."
"S3-0-B9-VAL-120","S3-0.1-2026-08-06","9","ValidationRule","ValidationRule","Opportunity","Opportunity.Colocar_Aseguradora","Colocar_Aseguradora","NO_EXISTE","EXISTE","NO_COMPARABLE","ACTIVA","Según metadata recuperada","Según criterio/fórmula","Coincidencia por objeto/fórmula del bloque 9","Por determinar","No","Metadata existente en Partial; no modificada","Validar asignación, decisión y regresión antes de cambio","BLOQUEADO_NEGOCIO","Asignaciones, datos y decisión funcional según componente","Evidencia/decisión pendiente","Equipo técnico / negocio según hallazgo","Auditoría S3-0.1; retrieve/listado temporal Partial 2026-08-06","Asignación y prueba QA nominal","Escenario aplicable con Empresa explícita","PEKING no cae en Empresa legacy; aislamiento de usados","ALTO","Agregado en V2. Referencia matriz anterior: MATRIZ_NOMINAL_S3_0_20260806.csv; no existía como fila nominal previa."
"S3-0-B9-VAL-121","S3-0.1-2026-08-06","9","ValidationRule","ValidationRule","Opportunity","Opportunity.ContactoCorreo_Facturacion_Obligatorios","ContactoCorreo_Facturacion_Obligatorios","NO_EXISTE","EXISTE","NO_COMPARABLE","ACTIVA","Según metadata recuperada","Según criterio/fórmula","Coincidencia por objeto/fórmula del bloque 9","Por determinar","No","Metadata existente en Partial; no modificada","Validar asignación, decisión y regresión antes de cambio","BLOQUEADO_NEGOCIO","Asignaciones, datos y decisión funcional según componente","Evidencia/decisión pendiente","Equipo técnico / negocio según hallazgo","Auditoría S3-0.1; retrieve/listado temporal Partial 2026-08-06","Asignación y prueba QA nominal","Escenario aplicable con Empresa explícita","PEKING no cae en Empresa legacy; aislamiento de usados","ALTO","Agregado en V2. Referencia matriz anterior: MATRIZ_NOMINAL_S3_0_20260806.csv; no existía como fila nominal previa."
"S3-0-B9-VAL-122","S3-0.1-2026-08-06","9","ValidationRule","ValidationRule","Opportunity","Opportunity.Etapa_Oferta_Para_pasar_a_cerrada_ganada","Etapa_Oferta_Para_pasar_a_cerrada_ganada","NO_EXISTE","EXISTE","NO_COMPARABLE","ACTIVA","Según metadata recuperada","Según criterio/fórmula","Coincidencia por objeto/fórmula del bloque 9","Por determinar","No","Metadata existente en Partial; no modificada","Validar asignación, decisión y regresión antes de cambio","BLOQUEADO_NEGOCIO","Asignaciones, datos y decisión funcional según componente","Evidencia/decisión pendiente","Equipo técnico / negocio según hallazgo","Auditoría S3-0.1; retrieve/listado temporal Partial 2026-08-06","Asignación y prueba QA nominal","Escenario aplicable con Empresa explícita","PEKING no cae en Empresa legacy; aislamiento de usados","ALTO","Agregado en V2. Referencia matriz anterior: MATRIZ_NOMINAL_S3_0_20260806.csv; no existía como fila nominal previa."
"S3-0-B9-VAL-123","S3-0.1-2026-08-06","9","ValidationRule","ValidationRule","Opportunity","Opportunity.Fecha_de_entrega_menor","Fecha_de_entrega_menor","NO_EXISTE","EXISTE","NO_COMPARABLE","ACTIVA","Según metadata recuperada","Según criterio/fórmula","Coincidencia por objeto/fórmula del bloque 9","Por determinar","No","Metadata existente en Partial; no modificada","Validar asignación, decisión y regresión antes de cambio","BLOQUEADO_NEGOCIO","Asignaciones, datos y decisión funcional según componente","Evidencia/decisión pendiente","Equipo técnico / negocio según hallazgo","Auditoría S3-0.1; retrieve/listado temporal Partial 2026-08-06","Asignación y prueba QA nominal","Escenario aplicable con Empresa explícita","PEKING no cae en Empresa legacy; aislamiento de usados","ALTO","Agregado en V2. Referencia matriz anterior: MATRIZ_NOMINAL_S3_0_20260806.csv; no existía como fila nominal previa."
"S3-0-B9-VAL-124","S3-0.1-2026-08-06","9","ValidationRule","ValidationRule","Opportunity","Opportunity.Ganada_sin_contacto","Ganada_sin_contacto","NO_EXISTE","EXISTE","NO_COMPARABLE","ACTIVA","Según metadata recuperada","Según criterio/fórmula","Coincidencia por objeto/fórmula del bloque 9","Por determinar","No","Metadata existente en Partial; no modificada","Validar asignación, decisión y regresión antes de cambio","BLOQUEADO_NEGOCIO","Asignaciones, datos y decisión funcional según componente","Evidencia/decisión pendiente","Equipo técnico / negocio según hallazgo","Auditoría S3-0.1; retrieve/listado temporal Partial 2026-08-06","Asignación y prueba QA nominal","Escenario aplicable con Empresa explícita","PEKING no cae en Empresa legacy; aislamiento de usados","ALTO","Agregado en V2. Referencia matriz anterior: MATRIZ_NOMINAL_S3_0_20260806.csv; no existía como fila nominal previa."
"S3-0-B9-VAL-125","S3-0.1-2026-08-06","9","ValidationRule","ValidationRule","Opportunity","Opportunity.Justificacion_Cerrada_Perdida","Justificacion_Cerrada_Perdida","NO_EXISTE","EXISTE","NO_COMPARABLE","ACTIVA","Según metadata recuperada","Según criterio/fórmula","Coincidencia por objeto/fórmula del bloque 9","Por determinar","No","Metadata existente en Partial; no modificada","Validar asignación, decisión y regresión antes de cambio","BLOQUEADO_NEGOCIO","Asignaciones, datos y decisión funcional según componente","Evidencia/decisión pendiente","Equipo técnico / negocio según hallazgo","Auditoría S3-0.1; retrieve/listado temporal Partial 2026-08-06","Asignación y prueba QA nominal","Escenario aplicable con Empresa explícita","PEKING no cae en Empresa legacy; aislamiento de usados","ALTO","Agregado en V2. Referencia matriz anterior: MATRIZ_NOMINAL_S3_0_20260806.csv; no existía como fila nominal previa."
"S3-0-B9-VAL-126","S3-0.1-2026-08-06","9","ValidationRule","ValidationRule","Opportunity","Opportunity.MusthaveActivity","MusthaveActivity","NO_EXISTE","EXISTE","NO_COMPARABLE","ACTIVA","Según metadata recuperada","Según criterio/fórmula","Coincidencia por objeto/fórmula del bloque 9","Por determinar","No","Metadata existente en Partial; no modificada","Validar asignación, decisión y regresión antes de cambio","BLOQUEADO_NEGOCIO","Asignaciones, datos y decisión funcional según componente","Evidencia/decisión pendiente","Equipo técnico / negocio según hallazgo","Auditoría S3-0.1; retrieve/listado temporal Partial 2026-08-06","Asignación y prueba QA nominal","Escenario aplicable con Empresa explícita","PEKING no cae en Empresa legacy; aislamiento de usados","ALTO","Agregado en V2. Referencia matriz anterior: MATRIZ_NOMINAL_S3_0_20260806.csv; no existía como fila nominal previa."
"S3-0-B9-VAL-127","S3-0.1-2026-08-06","9","ValidationRule","ValidationRule","Opportunity","Opportunity.NoCerradaGanadaFormalizacionNoEnviada","NoCerradaGanadaFormalizacionNoEnviada","NO_EXISTE","EXISTE","NO_COMPARABLE","ACTIVA","Según metadata recuperada","Según criterio/fórmula","Coincidencia por objeto/fórmula del bloque 9","Por determinar","No","Metadata existente en Partial; no modificada","Validar asignación, decisión y regresión antes de cambio","BLOQUEADO_NEGOCIO","Asignaciones, datos y decisión funcional según componente","Evidencia/decisión pendiente","Equipo técnico / negocio según hallazgo","Auditoría S3-0.1; retrieve/listado temporal Partial 2026-08-06","Asignación y prueba QA nominal","Escenario aplicable con Empresa explícita","PEKING no cae en Empresa legacy; aislamiento de usados","ALTO","Agregado en V2. Referencia matriz anterior: MATRIZ_NOMINAL_S3_0_20260806.csv; no existía como fila nominal previa."
"S3-0-B9-VAL-128","S3-0.1-2026-08-06","9","ValidationRule","ValidationRule","Opportunity","Opportunity.NoCuentaBavarianMotors","NoCuentaBavarianMotors","NO_EXISTE","EXISTE","NO_COMPARABLE","INACTIVA","Según metadata recuperada","Según criterio/fórmula","Coincidencia por objeto/fórmula del bloque 9","Por determinar","No","Metadata existente en Partial; no modificada","Validar asignación, decisión y regresión antes de cambio","REQUIERE_REGRESION","Asignaciones, datos y decisión funcional según componente","","Equipo técnico / negocio según hallazgo","Auditoría S3-0.1; retrieve/listado temporal Partial 2026-08-06","Asignación y prueba QA nominal","Escenario aplicable con Empresa explícita","PEKING no cae en Empresa legacy; aislamiento de usados","ALTO","Agregado en V2. Referencia matriz anterior: MATRIZ_NOMINAL_S3_0_20260806.csv; no existía como fila nominal previa."
"S3-0-B9-VAL-129","S3-0.1-2026-08-06","9","ValidationRule","ValidationRule","Opportunity","Opportunity.NoSelecCierreAutomatico","NoSelecCierreAutomatico","NO_EXISTE","EXISTE","NO_COMPARABLE","ACTIVA","Según metadata recuperada","Según criterio/fórmula","Coincidencia por objeto/fórmula del bloque 9","Por determinar","No","Metadata existente en Partial; no modificada","Validar asignación, decisión y regresión antes de cambio","BLOQUEADO_NEGOCIO","Asignaciones, datos y decisión funcional según componente","Evidencia/decisión pendiente","Equipo técnico / negocio según hallazgo","Auditoría S3-0.1; retrieve/listado temporal Partial 2026-08-06","Asignación y prueba QA nominal","Escenario aplicable con Empresa explícita","PEKING no cae en Empresa legacy; aislamiento de usados","ALTO","Agregado en V2. Referencia matriz anterior: MATRIZ_NOMINAL_S3_0_20260806.csv; no existía como fila nominal previa."
"S3-0-B9-VAL-130","S3-0.1-2026-08-06","9","ValidationRule","ValidationRule","Opportunity","Opportunity.Oportunidad_IsLocked","Oportunidad_IsLocked","NO_EXISTE","EXISTE","NO_COMPARABLE","INACTIVA","Según metadata recuperada","Según criterio/fórmula","Coincidencia por objeto/fórmula del bloque 9","Por determinar","No","Metadata existente en Partial; no modificada","Validar asignación, decisión y regresión antes de cambio","REQUIERE_REGRESION","Asignaciones, datos y decisión funcional según componente","","Equipo técnico / negocio según hallazgo","Auditoría S3-0.1; retrieve/listado temporal Partial 2026-08-06","Asignación y prueba QA nominal","Escenario aplicable con Empresa explícita","PEKING no cae en Empresa legacy; aislamiento de usados","ALTO","Agregado en V2. Referencia matriz anterior: MATRIZ_NOMINAL_S3_0_20260806.csv; no existía como fila nominal previa."
"S3-0-B9-VAL-131","S3-0.1-2026-08-06","9","ValidationRule","ValidationRule","Opportunity","Opportunity.PlanMantenimientoFinalizado","PlanMantenimientoFinalizado","NO_EXISTE","EXISTE","NO_COMPARABLE","INACTIVA","Según metadata recuperada","Según criterio/fórmula","Coincidencia por objeto/fórmula del bloque 9","Por determinar","No","Metadata existente en Partial; no modificada","Validar asignación, decisión y regresión antes de cambio","REQUIERE_REGRESION","Asignaciones, datos y decisión funcional según componente","","Equipo técnico / negocio según hallazgo","Auditoría S3-0.1; retrieve/listado temporal Partial 2026-08-06","Asignación y prueba QA nominal","Escenario aplicable con Empresa explícita","PEKING no cae en Empresa legacy; aislamiento de usados","ALTO","Agregado en V2. Referencia matriz anterior: MATRIZ_NOMINAL_S3_0_20260806.csv; no existía como fila nominal previa."
"S3-0-B9-VAL-132","S3-0.1-2026-08-06","9","ValidationRule","ValidationRule","Opportunity","Opportunity.RM_ValidaOppRelacionadaBavarianMotors","RM_ValidaOppRelacionadaBavarianMotors","NO_EXISTE","EXISTE","NO_COMPARABLE","INACTIVA","Según metadata recuperada","Según criterio/fórmula","Coincidencia por objeto/fórmula del bloque 9","Por determinar","No","Metadata existente en Partial; no modificada","Validar asignación, decisión y regresión antes de cambio","REQUIERE_REGRESION","Asignaciones, datos y decisión funcional según componente","","Equipo técnico / negocio según hallazgo","Auditoría S3-0.1; retrieve/listado temporal Partial 2026-08-06","Asignación y prueba QA nominal","Escenario aplicable con Empresa explícita","PEKING no cae en Empresa legacy; aislamiento de usados","ALTO","Agregado en V2. Referencia matriz anterior: MATRIZ_NOMINAL_S3_0_20260806.csv; no existía como fila nominal previa."
"S3-0-B9-VAL-133","S3-0.1-2026-08-06","9","ValidationRule","ValidationRule","Opportunity","Opportunity.Razon_de_Venta_perdida","Razon_de_Venta_perdida","NO_EXISTE","EXISTE","NO_COMPARABLE","INACTIVA","Según metadata recuperada","Según criterio/fórmula","Coincidencia por objeto/fórmula del bloque 9","Por determinar","No","Metadata existente en Partial; no modificada","Validar asignación, decisión y regresión antes de cambio","REQUIERE_REGRESION","Asignaciones, datos y decisión funcional según componente","","Equipo técnico / negocio según hallazgo","Auditoría S3-0.1; retrieve/listado temporal Partial 2026-08-06","Asignación y prueba QA nominal","Escenario aplicable con Empresa explícita","PEKING no cae en Empresa legacy; aislamiento de usados","ALTO","Agregado en V2. Referencia matriz anterior: MATRIZ_NOMINAL_S3_0_20260806.csv; no existía como fila nominal previa."
"S3-0-B9-VAL-134","S3-0.1-2026-08-06","9","ValidationRule","ValidationRule","Opportunity","Opportunity.Tipo_de_Cliente_obligatorio","Tipo_de_Cliente_obligatorio","NO_EXISTE","EXISTE","NO_COMPARABLE","ACTIVA","Según metadata recuperada","Según criterio/fórmula","Coincidencia por objeto/fórmula del bloque 9","Por determinar","No","Metadata existente en Partial; no modificada","Validar asignación, decisión y regresión antes de cambio","BLOQUEADO_NEGOCIO","Asignaciones, datos y decisión funcional según componente","Evidencia/decisión pendiente","Equipo técnico / negocio según hallazgo","Auditoría S3-0.1; retrieve/listado temporal Partial 2026-08-06","Asignación y prueba QA nominal","Escenario aplicable con Empresa explícita","PEKING no cae en Empresa legacy; aislamiento de usados","ALTO","Agregado en V2. Referencia matriz anterior: MATRIZ_NOMINAL_S3_0_20260806.csv; no existía como fila nominal previa."
"S3-0-B9-VAL-135","S3-0.1-2026-08-06","9","ValidationRule","ValidationRule","Opportunity","Opportunity.ValidacionContactoPersonalCuandoCuentaE","ValidacionContactoPersonalCuandoCuentaE","NO_EXISTE","EXISTE","NO_COMPARABLE","INACTIVA","Según metadata recuperada","Según criterio/fórmula","Coincidencia por objeto/fórmula del bloque 9","Por determinar","No","Metadata existente en Partial; no modificada","Validar asignación, decisión y regresión antes de cambio","REQUIERE_REGRESION","Asignaciones, datos y decisión funcional según componente","","Equipo técnico / negocio según hallazgo","Auditoría S3-0.1; retrieve/listado temporal Partial 2026-08-06","Asignación y prueba QA nominal","Escenario aplicable con Empresa explícita","PEKING no cae en Empresa legacy; aislamiento de usados","ALTO","Agregado en V2. Referencia matriz anterior: MATRIZ_NOMINAL_S3_0_20260806.csv; no existía como fila nominal previa."
"S3-0-B9-VAL-136","S3-0.1-2026-08-06","9","ValidationRule","ValidationRule","Opportunity","Opportunity.Validacion_Campo_entregado","Validacion_Campo_entregado","NO_EXISTE","EXISTE","NO_COMPARABLE","INACTIVA","Según metadata recuperada","Según criterio/fórmula","Coincidencia por objeto/fórmula del bloque 9","Por determinar","No","Metadata existente en Partial; no modificada","Validar asignación, decisión y regresión antes de cambio","REQUIERE_REGRESION","Asignaciones, datos y decisión funcional según componente","","Equipo técnico / negocio según hallazgo","Auditoría S3-0.1; retrieve/listado temporal Partial 2026-08-06","Asignación y prueba QA nominal","Escenario aplicable con Empresa explícita","PEKING no cae en Empresa legacy; aislamiento de usados","ALTO","Agregado en V2. Referencia matriz anterior: MATRIZ_NOMINAL_S3_0_20260806.csv; no existía como fila nominal previa."
"S3-0-B9-VAL-137","S3-0.1-2026-08-06","9","ValidationRule","ValidationRule","Opportunity","Opportunity.Validacion_Campo_entregado_fechaentrega","Validacion_Campo_entregado_fechaentrega","NO_EXISTE","EXISTE","NO_COMPARABLE","INACTIVA","Según metadata recuperada","Según criterio/fórmula","Coincidencia por objeto/fórmula del bloque 9","Por determinar","No","Metadata existente en Partial; no modificada","Validar asignación, decisión y regresión antes de cambio","REQUIERE_REGRESION","Asignaciones, datos y decisión funcional según componente","","Equipo técnico / negocio según hallazgo","Auditoría S3-0.1; retrieve/listado temporal Partial 2026-08-06","Asignación y prueba QA nominal","Escenario aplicable con Empresa explícita","PEKING no cae en Empresa legacy; aislamiento de usados","ALTO","Agregado en V2. Referencia matriz anterior: MATRIZ_NOMINAL_S3_0_20260806.csv; no existía como fila nominal previa."
"S3-0-B9-VAL-138","S3-0.1-2026-08-06","9","ValidationRule","ValidationRule","Opportunity","Opportunity.Validacion_Campo_fechafactura","Validacion_Campo_fechafactura","NO_EXISTE","EXISTE","NO_COMPARABLE","INACTIVA","Según metadata recuperada","Según criterio/fórmula","Coincidencia por objeto/fórmula del bloque 9","Por determinar","No","Metadata existente en Partial; no modificada","Validar asignación, decisión y regresión antes de cambio","REQUIERE_REGRESION","Asignaciones, datos y decisión funcional según componente","","Equipo técnico / negocio según hallazgo","Auditoría S3-0.1; retrieve/listado temporal Partial 2026-08-06","Asignación y prueba QA nominal","Escenario aplicable con Empresa explícita","PEKING no cae en Empresa legacy; aislamiento de usados","ALTO","Agregado en V2. Referencia matriz anterior: MATRIZ_NOMINAL_S3_0_20260806.csv; no existía como fila nominal previa."
"S3-0-B9-VAL-139","S3-0.1-2026-08-06","9","ValidationRule","ValidationRule","Opportunity","Opportunity.Validacion_Fecha_de_pedido","Validacion_Fecha_de_pedido","NO_EXISTE","EXISTE","NO_COMPARABLE","ACTIVA","Según metadata recuperada","Según criterio/fórmula","Coincidencia por objeto/fórmula del bloque 9","Por determinar","No","Metadata existente en Partial; no modificada","Validar asignación, decisión y regresión antes de cambio","BLOQUEADO_NEGOCIO","Asignaciones, datos y decisión funcional según componente","Evidencia/decisión pendiente","Equipo técnico / negocio según hallazgo","Auditoría S3-0.1; retrieve/listado temporal Partial 2026-08-06","Asignación y prueba QA nominal","Escenario aplicable con Empresa explícita","PEKING no cae en Empresa legacy; aislamiento de usados","ALTO","Agregado en V2. Referencia matriz anterior: MATRIZ_NOMINAL_S3_0_20260806.csv; no existía como fila nominal previa."
"S3-0-B9-VAL-140","S3-0.1-2026-08-06","9","ValidationRule","ValidationRule","Opportunity","Opportunity.Validacion_RT_Lead","Validacion_RT_Lead","NO_EXISTE","EXISTE","NO_COMPARABLE","INACTIVA","Según metadata recuperada","Según criterio/fórmula","Coincidencia por objeto/fórmula del bloque 9","Por determinar","No","Metadata existente en Partial; no modificada","Validar asignación, decisión y regresión antes de cambio","REQUIERE_REGRESION","Asignaciones, datos y decisión funcional según componente","","Equipo técnico / negocio según hallazgo","Auditoría S3-0.1; retrieve/listado temporal Partial 2026-08-06","Asignación y prueba QA nominal","Escenario aplicable con Empresa explícita","PEKING no cae en Empresa legacy; aislamiento de usados","ALTO","Agregado en V2. Referencia matriz anterior: MATRIZ_NOMINAL_S3_0_20260806.csv; no existía como fila nominal previa."
"S3-0-B9-VAL-141","S3-0.1-2026-08-06","9","ValidationRule","ValidationRule","Opportunity","Opportunity.Validacion_deOportunidad_cerrada_perdida","Validacion_deOportunidad_cerrada_perdida","NO_EXISTE","EXISTE","NO_COMPARABLE","ACTIVA","Según metadata recuperada","Según criterio/fórmula","Coincidencia por objeto/fórmula del bloque 9","Por determinar","No","Metadata existente en Partial; no modificada","Validar asignación, decisión y regresión antes de cambio","BLOQUEADO_NEGOCIO","Asignaciones, datos y decisión funcional según componente","Evidencia/decisión pendiente","Equipo técnico / negocio según hallazgo","Auditoría S3-0.1; retrieve/listado temporal Partial 2026-08-06","Asignación y prueba QA nominal","Escenario aplicable con Empresa explícita","PEKING no cae en Empresa legacy; aislamiento de usados","ALTO","Agregado en V2. Referencia matriz anterior: MATRIZ_NOMINAL_S3_0_20260806.csv; no existía como fila nominal previa."
"S3-0-B9-VAL-142","S3-0.1-2026-08-06","9","ValidationRule","ValidationRule","Opportunity","Opportunity.Validacion_de_Test_Drive","Validacion_de_Test_Drive","NO_EXISTE","EXISTE","NO_COMPARABLE","INACTIVA","Según metadata recuperada","Según criterio/fórmula","Coincidencia por objeto/fórmula del bloque 9","Por determinar","No","Metadata existente en Partial; no modificada","Validar asignación, decisión y regresión antes de cambio","REQUIERE_REGRESION","Asignaciones, datos y decisión funcional según componente","","Equipo técnico / negocio según hallazgo","Auditoría S3-0.1; retrieve/listado temporal Partial 2026-08-06","Asignación y prueba QA nominal","Escenario aplicable con Empresa explícita","PEKING no cae en Empresa legacy; aislamiento de usados","ALTO","Agregado en V2. Referencia matriz anterior: MATRIZ_NOMINAL_S3_0_20260806.csv; no existía como fila nominal previa."
"S3-0-B9-VAL-143","S3-0.1-2026-08-06","9","ValidationRule","ValidationRule","Opportunity","Opportunity.Validacion_de_Test_Drive2","Validacion_de_Test_Drive2","NO_EXISTE","EXISTE","NO_COMPARABLE","ACTIVA","Según metadata recuperada","Según criterio/fórmula","Coincidencia por objeto/fórmula del bloque 9","Por determinar","No","Metadata existente en Partial; no modificada","Validar asignación, decisión y regresión antes de cambio","BLOQUEADO_NEGOCIO","Asignaciones, datos y decisión funcional según componente","Evidencia/decisión pendiente","Equipo técnico / negocio según hallazgo","Auditoría S3-0.1; retrieve/listado temporal Partial 2026-08-06","Asignación y prueba QA nominal","Escenario aplicable con Empresa explícita","PEKING no cae en Empresa legacy; aislamiento de usados","ALTO","Agregado en V2. Referencia matriz anterior: MATRIZ_NOMINAL_S3_0_20260806.csv; no existía como fila nominal previa."
"S3-0-B9-VAL-144","S3-0.1-2026-08-06","9","ValidationRule","ValidationRule","Opportunity","Opportunity.ValidarCamposCerradaGanada","ValidarCamposCerradaGanada","NO_EXISTE","EXISTE","NO_COMPARABLE","INACTIVA","Según metadata recuperada","Según criterio/fórmula","Coincidencia por objeto/fórmula del bloque 9","Por determinar","No","Metadata existente en Partial; no modificada","Validar asignación, decisión y regresión antes de cambio","REQUIERE_REGRESION","Asignaciones, datos y decisión funcional según componente","","Equipo técnico / negocio según hallazgo","Auditoría S3-0.1; retrieve/listado temporal Partial 2026-08-06","Asignación y prueba QA nominal","Escenario aplicable con Empresa explícita","PEKING no cae en Empresa legacy; aislamiento de usados","ALTO","Agregado en V2. Referencia matriz anterior: MATRIZ_NOMINAL_S3_0_20260806.csv; no existía como fila nominal previa."
"S3-0-B9-VAL-145","S3-0.1-2026-08-06","9","ValidationRule","ValidationRule","Opportunity","Opportunity.ValidarCamposConsentimientoFinanciero","ValidarCamposConsentimientoFinanciero","NO_EXISTE","EXISTE","NO_COMPARABLE","ACTIVA","Según metadata recuperada","Según criterio/fórmula","Coincidencia por objeto/fórmula del bloque 9","Por determinar","No","Metadata existente en Partial; no modificada","Validar asignación, decisión y regresión antes de cambio","BLOQUEADO_NEGOCIO","Asignaciones, datos y decisión funcional según componente","Evidencia/decisión pendiente","Equipo técnico / negocio según hallazgo","Auditoría S3-0.1; retrieve/listado temporal Partial 2026-08-06","Asignación y prueba QA nominal","Escenario aplicable con Empresa explícita","PEKING no cae en Empresa legacy; aislamiento de usados","ALTO","Agregado en V2. Referencia matriz anterior: MATRIZ_NOMINAL_S3_0_20260806.csv; no existía como fila nominal previa."
"S3-0-B9-VAL-146","S3-0.1-2026-08-06","9","ValidationRule","ValidationRule","Opportunity","Opportunity.ValidarPrima","ValidarPrima","NO_EXISTE","EXISTE","NO_COMPARABLE","INACTIVA","Según metadata recuperada","Según criterio/fórmula","Coincidencia por objeto/fórmula del bloque 9","Por determinar","No","Metadata existente en Partial; no modificada","Validar asignación, decisión y regresión antes de cambio","REQUIERE_REGRESION","Asignaciones, datos y decisión funcional según componente","","Equipo técnico / negocio según hallazgo","Auditoría S3-0.1; retrieve/listado temporal Partial 2026-08-06","Asignación y prueba QA nominal","Escenario aplicable con Empresa explícita","PEKING no cae en Empresa legacy; aislamiento de usados","ALTO","Agregado en V2. Referencia matriz anterior: MATRIZ_NOMINAL_S3_0_20260806.csv; no existía como fila nominal previa."
"S3-0-B9-VAL-147","S3-0.1-2026-08-06","9","ValidationRule","ValidationRule","Opportunity","Opportunity.Validar_Origen","Validar_Origen","NO_EXISTE","EXISTE","NO_COMPARABLE","INACTIVA","Según metadata recuperada","Según criterio/fórmula","Coincidencia por objeto/fórmula del bloque 9","Por determinar","No","Metadata existente en Partial; no modificada","Validar asignación, decisión y regresión antes de cambio","REQUIERE_REGRESION","Asignaciones, datos y decisión funcional según componente","","Equipo técnico / negocio según hallazgo","Auditoría S3-0.1; retrieve/listado temporal Partial 2026-08-06","Asignación y prueba QA nominal","Escenario aplicable con Empresa explícita","PEKING no cae en Empresa legacy; aislamiento de usados","ALTO","Agregado en V2. Referencia matriz anterior: MATRIZ_NOMINAL_S3_0_20260806.csv; no existía como fila nominal previa."
"S3-0-B9-VAL-148","S3-0.1-2026-08-06","9","ValidationRule","ValidationRule","Product2","Product2.CamposEditables","CamposEditables","NO_EXISTE","EXISTE","NO_COMPARABLE","INACTIVA","Según metadata recuperada","Según criterio/fórmula","Coincidencia por objeto/fórmula del bloque 9","Por determinar","No","Metadata existente en Partial; no modificada","Validar asignación, decisión y regresión antes de cambio","REQUIERE_REGRESION","Asignaciones, datos y decisión funcional según componente","","Equipo técnico / negocio según hallazgo","Auditoría S3-0.1; retrieve/listado temporal Partial 2026-08-06","Asignación y prueba QA nominal","Escenario aplicable con Empresa explícita","PEKING no cae en Empresa legacy; aislamiento de usados","ALTO","Agregado en V2. Referencia matriz anterior: MATRIZ_NOMINAL_S3_0_20260806.csv; no existía como fila nominal previa."
"S3-0-B9-VAL-149","S3-0.1-2026-08-06","9","ValidationRule","ValidationRule","Product2","Product2.Campos_no_editables_por_asesores","Campos_no_editables_por_asesores","NO_EXISTE","EXISTE","NO_COMPARABLE","ACTIVA","Según metadata recuperada","Según criterio/fórmula","Coincidencia por objeto/fórmula del bloque 9","Por determinar","No","Metadata existente en Partial; no modificada","Validar asignación, decisión y regresión antes de cambio","BLOQUEADO_NEGOCIO","Asignaciones, datos y decisión funcional según componente","Evidencia/decisión pendiente","Equipo técnico / negocio según hallazgo","Auditoría S3-0.1; retrieve/listado temporal Partial 2026-08-06","Asignación y prueba QA nominal","Escenario aplicable con Empresa explícita","PEKING no cae en Empresa legacy; aislamiento de usados","ALTO","Agregado en V2. Referencia matriz anterior: MATRIZ_NOMINAL_S3_0_20260806.csv; no existía como fila nominal previa."
"S3-0-B9-VAL-150","S3-0.1-2026-08-06","9","ValidationRule","ValidationRule","Product2","Product2.VINNoMasDe5Iguales","VINNoMasDe5Iguales","NO_EXISTE","EXISTE","NO_COMPARABLE","INACTIVA","Según metadata recuperada","Según criterio/fórmula","Coincidencia por objeto/fórmula del bloque 9","Por determinar","No","Metadata existente en Partial; no modificada","Validar asignación, decisión y regresión antes de cambio","REQUIERE_REGRESION","Asignaciones, datos y decisión funcional según componente","","Equipo técnico / negocio según hallazgo","Auditoría S3-0.1; retrieve/listado temporal Partial 2026-08-06","Asignación y prueba QA nominal","Escenario aplicable con Empresa explícita","PEKING no cae en Empresa legacy; aislamiento de usados","ALTO","Agregado en V2. Referencia matriz anterior: MATRIZ_NOMINAL_S3_0_20260806.csv; no existía como fila nominal previa."
"S3-0-B9-VAL-151","S3-0.1-2026-08-06","9","ValidationRule","ValidationRule","Quote","Quote.BMW_PresupuestoVencido","BMW_PresupuestoVencido","NO_EXISTE","EXISTE","NO_COMPARABLE","ACTIVA","Según metadata recuperada","Según criterio/fórmula","Coincidencia por objeto/fórmula del bloque 9","Por determinar","No","Metadata existente en Partial; no modificada","Validar asignación, decisión y regresión antes de cambio","BLOQUEADO_NEGOCIO","Asignaciones, datos y decisión funcional según componente","Evidencia/decisión pendiente","Equipo técnico / negocio según hallazgo","Auditoría S3-0.1; retrieve/listado temporal Partial 2026-08-06","Asignación y prueba QA nominal","Escenario aplicable con Empresa explícita","PEKING no cae en Empresa legacy; aislamiento de usados","ALTO","Agregado en V2. Referencia matriz anterior: MATRIZ_NOMINAL_S3_0_20260806.csv; no existía como fila nominal previa."
"S3-0-B9-VAL-152","S3-0.1-2026-08-06","9","ValidationRule","ValidationRule","Quote","Quote.NoCambioCuentaFacturacion","NoCambioCuentaFacturacion","NO_EXISTE","EXISTE","NO_COMPARABLE","ACTIVA","Según metadata recuperada","Según criterio/fórmula","Coincidencia por objeto/fórmula del bloque 9","Por determinar","No","Metadata existente en Partial; no modificada","Validar asignación, decisión y regresión antes de cambio","BLOQUEADO_NEGOCIO","Asignaciones, datos y decisión funcional según componente","Evidencia/decisión pendiente","Equipo técnico / negocio según hallazgo","Auditoría S3-0.1; retrieve/listado temporal Partial 2026-08-06","Asignación y prueba QA nominal","Escenario aplicable con Empresa explícita","PEKING no cae en Empresa legacy; aislamiento de usados","ALTO","Agregado en V2. Referencia matriz anterior: MATRIZ_NOMINAL_S3_0_20260806.csv; no existía como fila nominal previa."
"S3-0-B9-VAL-153","S3-0.1-2026-08-06","9","ValidationRule","ValidationRule","WorkOrder","WorkOrder.Acepto_financiamiento_disponible","Acepto_financiamiento_disponible","NO_EXISTE","EXISTE","NO_COMPARABLE","INACTIVA","Según metadata recuperada","Según criterio/fórmula","Coincidencia por objeto/fórmula del bloque 9","Por determinar","No","Metadata existente en Partial; no modificada","Validar asignación, decisión y regresión antes de cambio","REQUIERE_REGRESION","Asignaciones, datos y decisión funcional según componente","","Equipo técnico / negocio según hallazgo","Auditoría S3-0.1; retrieve/listado temporal Partial 2026-08-06","Asignación y prueba QA nominal","Escenario aplicable con Empresa explícita","PEKING no cae en Empresa legacy; aislamiento de usados","ALTO","Agregado en V2. Referencia matriz anterior: MATRIZ_NOMINAL_S3_0_20260806.csv; no existía como fila nominal previa."
"S3-0-B9-VAL-154","S3-0.1-2026-08-06","9","ValidationRule","ValidationRule","WorkOrder","WorkOrder.BMW_Aseguradora_Obligatoria","BMW_Aseguradora_Obligatoria","NO_EXISTE","EXISTE","NO_COMPARABLE","ACTIVA","Según metadata recuperada","Según criterio/fórmula","Coincidencia por objeto/fórmula del bloque 9","Por determinar","No","Metadata existente en Partial; no modificada","Validar asignación, decisión y regresión antes de cambio","BLOQUEADO_NEGOCIO","Asignaciones, datos y decisión funcional según componente","Evidencia/decisión pendiente","Equipo técnico / negocio según hallazgo","Auditoría S3-0.1; retrieve/listado temporal Partial 2026-08-06","Asignación y prueba QA nominal","Escenario aplicable con Empresa explícita","PEKING no cae en Empresa legacy; aislamiento de usados","ALTO","Agregado en V2. Referencia matriz anterior: MATRIZ_NOMINAL_S3_0_20260806.csv; no existía como fila nominal previa."
"S3-0-B9-VAL-155","S3-0.1-2026-08-06","9","ValidationRule","ValidationRule","WorkOrder","WorkOrder.BMW_No_Modificar_Completado","BMW_No_Modificar_Completado","NO_EXISTE","EXISTE","NO_COMPARABLE","INACTIVA","Según metadata recuperada","Según criterio/fórmula","Coincidencia por objeto/fórmula del bloque 9","Por determinar","No","Metadata existente en Partial; no modificada","Validar asignación, decisión y regresión antes de cambio","REQUIERE_REGRESION","Asignaciones, datos y decisión funcional según componente","","Equipo técnico / negocio según hallazgo","Auditoría S3-0.1; retrieve/listado temporal Partial 2026-08-06","Asignación y prueba QA nominal","Escenario aplicable con Empresa explícita","PEKING no cae en Empresa legacy; aislamiento de usados","ALTO","Agregado en V2. Referencia matriz anterior: MATRIZ_NOMINAL_S3_0_20260806.csv; no existía como fila nominal previa."
"S3-0-B9-VAL-156","S3-0.1-2026-08-06","9","ValidationRule","ValidationRule","WorkOrder","WorkOrder.BMW_No_Modificar_CompletadoCWO","BMW_No_Modificar_CompletadoCWO","NO_EXISTE","EXISTE","NO_COMPARABLE","INACTIVA","Según metadata recuperada","Según criterio/fórmula","Coincidencia por objeto/fórmula del bloque 9","Por determinar","No","Metadata existente en Partial; no modificada","Validar asignación, decisión y regresión antes de cambio","REQUIERE_REGRESION","Asignaciones, datos y decisión funcional según componente","","Equipo técnico / negocio según hallazgo","Auditoría S3-0.1; retrieve/listado temporal Partial 2026-08-06","Asignación y prueba QA nominal","Escenario aplicable con Empresa explícita","PEKING no cae en Empresa legacy; aislamiento de usados","ALTO","Agregado en V2. Referencia matriz anterior: MATRIZ_NOMINAL_S3_0_20260806.csv; no existía como fila nominal previa."
"S3-0-B9-VAL-157","S3-0.1-2026-08-06","9","ValidationRule","ValidationRule","WorkOrder","WorkOrder.CambiarAFacturada","CambiarAFacturada","NO_EXISTE","EXISTE","NO_COMPARABLE","INACTIVA","Según metadata recuperada","Según criterio/fórmula","Coincidencia por objeto/fórmula del bloque 9","Por determinar","No","Metadata existente en Partial; no modificada","Validar asignación, decisión y regresión antes de cambio","REQUIERE_REGRESION","Asignaciones, datos y decisión funcional según componente","","Equipo técnico / negocio según hallazgo","Auditoría S3-0.1; retrieve/listado temporal Partial 2026-08-06","Asignación y prueba QA nominal","Escenario aplicable con Empresa explícita","PEKING no cae en Empresa legacy; aislamiento de usados","ALTO","Agregado en V2. Referencia matriz anterior: MATRIZ_NOMINAL_S3_0_20260806.csv; no existía como fila nominal previa."
"S3-0-B9-VAL-158","S3-0.1-2026-08-06","9","ValidationRule","ValidationRule","WorkOrder","WorkOrder.Cantidad_nula_en_financiamiento_aceptado","Cantidad_nula_en_financiamiento_aceptado","NO_EXISTE","EXISTE","NO_COMPARABLE","INACTIVA","Según metadata recuperada","Según criterio/fórmula","Coincidencia por objeto/fórmula del bloque 9","Por determinar","No","Metadata existente en Partial; no modificada","Validar asignación, decisión y regresión antes de cambio","REQUIERE_REGRESION","Asignaciones, datos y decisión funcional según componente","","Equipo técnico / negocio según hallazgo","Auditoría S3-0.1; retrieve/listado temporal Partial 2026-08-06","Asignación y prueba QA nominal","Escenario aplicable con Empresa explícita","PEKING no cae en Empresa legacy; aislamiento de usados","ALTO","Agregado en V2. Referencia matriz anterior: MATRIZ_NOMINAL_S3_0_20260806.csv; no existía como fila nominal previa."
"S3-0-B9-VAL-159","S3-0.1-2026-08-06","9","ValidationRule","ValidationRule","WorkOrder","WorkOrder.Detalle_de_Estado_Listo","Detalle_de_Estado_Listo","NO_EXISTE","EXISTE","NO_COMPARABLE","ACTIVA","Según metadata recuperada","Según criterio/fórmula","Coincidencia por objeto/fórmula del bloque 9","Por determinar","No","Metadata existente en Partial; no modificada","Validar asignación, decisión y regresión antes de cambio","BLOQUEADO_NEGOCIO","Asignaciones, datos y decisión funcional según componente","Evidencia/decisión pendiente","Equipo técnico / negocio según hallazgo","Auditoría S3-0.1; retrieve/listado temporal Partial 2026-08-06","Asignación y prueba QA nominal","Escenario aplicable con Empresa explícita","PEKING no cae en Empresa legacy; aislamiento de usados","ALTO","Agregado en V2. Referencia matriz anterior: MATRIZ_NOMINAL_S3_0_20260806.csv; no existía como fila nominal previa."
"S3-0-B9-VAL-160","S3-0.1-2026-08-06","9","ValidationRule","ValidationRule","WorkOrder","WorkOrder.Encuesta_Obligatoria","Encuesta_Obligatoria","NO_EXISTE","EXISTE","NO_COMPARABLE","ACTIVA","Según metadata recuperada","Según criterio/fórmula","Coincidencia por objeto/fórmula del bloque 9","Por determinar","No","Metadata existente en Partial; no modificada","Validar asignación, decisión y regresión antes de cambio","BLOQUEADO_NEGOCIO","Asignaciones, datos y decisión funcional según componente","Evidencia/decisión pendiente","Equipo técnico / negocio según hallazgo","Auditoría S3-0.1; retrieve/listado temporal Partial 2026-08-06","Asignación y prueba QA nominal","Escenario aplicable con Empresa explícita","PEKING no cae en Empresa legacy; aislamiento de usados","ALTO","Agregado en V2. Referencia matriz anterior: MATRIZ_NOMINAL_S3_0_20260806.csv; no existía como fila nominal previa."
"S3-0-B9-VAL-161","S3-0.1-2026-08-06","9","ValidationRule","ValidationRule","WorkOrder","WorkOrder.Enviar_a_Facturar","Enviar_a_Facturar","NO_EXISTE","EXISTE","NO_COMPARABLE","ACTIVA","Según metadata recuperada","Según criterio/fórmula","Coincidencia por objeto/fórmula del bloque 9","Por determinar","No","Metadata existente en Partial; no modificada","Validar asignación, decisión y regresión antes de cambio","BLOQUEADO_NEGOCIO","Asignaciones, datos y decisión funcional según componente","Evidencia/decisión pendiente","Equipo técnico / negocio según hallazgo","Auditoría S3-0.1; retrieve/listado temporal Partial 2026-08-06","Asignación y prueba QA nominal","Escenario aplicable con Empresa explícita","PEKING no cae en Empresa legacy; aislamiento de usados","ALTO","Agregado en V2. Referencia matriz anterior: MATRIZ_NOMINAL_S3_0_20260806.csv; no existía como fila nominal previa."
"S3-0-B9-VAL-162","S3-0.1-2026-08-06","9","ValidationRule","ValidationRule","WorkOrder","WorkOrder.Etapa_Espera_Taller","Etapa_Espera_Taller","NO_EXISTE","EXISTE","NO_COMPARABLE","ACTIVA","Según metadata recuperada","Según criterio/fórmula","Coincidencia por objeto/fórmula del bloque 9","Por determinar","No","Metadata existente en Partial; no modificada","Validar asignación, decisión y regresión antes de cambio","BLOQUEADO_NEGOCIO","Asignaciones, datos y decisión funcional según componente","Evidencia/decisión pendiente","Equipo técnico / negocio según hallazgo","Auditoría S3-0.1; retrieve/listado temporal Partial 2026-08-06","Asignación y prueba QA nominal","Escenario aplicable con Empresa explícita","PEKING no cae en Empresa legacy; aislamiento de usados","ALTO","Agregado en V2. Referencia matriz anterior: MATRIZ_NOMINAL_S3_0_20260806.csv; no existía como fila nominal previa."
"S3-0-B9-VAL-163","S3-0.1-2026-08-06","9","ValidationRule","ValidationRule","WorkOrder","WorkOrder.Etapa_Lavado","Etapa_Lavado","NO_EXISTE","EXISTE","NO_COMPARABLE","INACTIVA","Según metadata recuperada","Según criterio/fórmula","Coincidencia por objeto/fórmula del bloque 9","Por determinar","No","Metadata existente en Partial; no modificada","Validar asignación, decisión y regresión antes de cambio","REQUIERE_REGRESION","Asignaciones, datos y decisión funcional según componente","","Equipo técnico / negocio según hallazgo","Auditoría S3-0.1; retrieve/listado temporal Partial 2026-08-06","Asignación y prueba QA nominal","Escenario aplicable con Empresa explícita","PEKING no cae en Empresa legacy; aislamiento de usados","ALTO","Agregado en V2. Referencia matriz anterior: MATRIZ_NOMINAL_S3_0_20260806.csv; no existía como fila nominal previa."
"S3-0-B9-VAL-164","S3-0.1-2026-08-06","9","ValidationRule","ValidationRule","WorkOrder","WorkOrder.Etapa_en_recepcion","Etapa_en_recepcion","NO_EXISTE","EXISTE","NO_COMPARABLE","INACTIVA","Según metadata recuperada","Según criterio/fórmula","Coincidencia por objeto/fórmula del bloque 9","Por determinar","No","Metadata existente en Partial; no modificada","Validar asignación, decisión y regresión antes de cambio","REQUIERE_REGRESION","Asignaciones, datos y decisión funcional según componente","","Equipo técnico / negocio según hallazgo","Auditoría S3-0.1; retrieve/listado temporal Partial 2026-08-06","Asignación y prueba QA nominal","Escenario aplicable con Empresa explícita","PEKING no cae en Empresa legacy; aislamiento de usados","ALTO","Agregado en V2. Referencia matriz anterior: MATRIZ_NOMINAL_S3_0_20260806.csv; no existía como fila nominal previa."
"S3-0-B9-VAL-165","S3-0.1-2026-08-06","9","ValidationRule","ValidationRule","WorkOrder","WorkOrder.Etapas_Presupuesto_Aprobacion_y_Listo","Etapas_Presupuesto_Aprobacion_y_Listo","NO_EXISTE","EXISTE","NO_COMPARABLE","ACTIVA","Según metadata recuperada","Según criterio/fórmula","Coincidencia por objeto/fórmula del bloque 9","Por determinar","No","Metadata existente en Partial; no modificada","Validar asignación, decisión y regresión antes de cambio","BLOQUEADO_NEGOCIO","Asignaciones, datos y decisión funcional según componente","Evidencia/decisión pendiente","Equipo técnico / negocio según hallazgo","Auditoría S3-0.1; retrieve/listado temporal Partial 2026-08-06","Asignación y prueba QA nominal","Escenario aplicable con Empresa explícita","PEKING no cae en Empresa legacy; aislamiento de usados","ALTO","Agregado en V2. Referencia matriz anterior: MATRIZ_NOMINAL_S3_0_20260806.csv; no existía como fila nominal previa."
"S3-0-B9-VAL-166","S3-0.1-2026-08-06","9","ValidationRule","ValidationRule","WorkOrder","WorkOrder.Etapas_Torre_y_Revision","Etapas_Torre_y_Revision","NO_EXISTE","EXISTE","NO_COMPARABLE","ACTIVA","Según metadata recuperada","Según criterio/fórmula","Coincidencia por objeto/fórmula del bloque 9","Por determinar","No","Metadata existente en Partial; no modificada","Validar asignación, decisión y regresión antes de cambio","BLOQUEADO_NEGOCIO","Asignaciones, datos y decisión funcional según componente","Evidencia/decisión pendiente","Equipo técnico / negocio según hallazgo","Auditoría S3-0.1; retrieve/listado temporal Partial 2026-08-06","Asignación y prueba QA nominal","Escenario aplicable con Empresa explícita","PEKING no cae en Empresa legacy; aislamiento de usados","ALTO","Agregado en V2. Referencia matriz anterior: MATRIZ_NOMINAL_S3_0_20260806.csv; no existía como fila nominal previa."
"S3-0-B9-VAL-167","S3-0.1-2026-08-06","9","ValidationRule","ValidationRule","WorkOrder","WorkOrder.Etapas_incrementables_OT","Etapas_incrementables_OT","NO_EXISTE","EXISTE","NO_COMPARABLE","INACTIVA","Según metadata recuperada","Según criterio/fórmula","Coincidencia por objeto/fórmula del bloque 9","Por determinar","No","Metadata existente en Partial; no modificada","Validar asignación, decisión y regresión antes de cambio","REQUIERE_REGRESION","Asignaciones, datos y decisión funcional según componente","","Equipo técnico / negocio según hallazgo","Auditoría S3-0.1; retrieve/listado temporal Partial 2026-08-06","Asignación y prueba QA nominal","Escenario aplicable con Empresa explícita","PEKING no cae en Empresa legacy; aislamiento de usados","ALTO","Agregado en V2. Referencia matriz anterior: MATRIZ_NOMINAL_S3_0_20260806.csv; no existía como fila nominal previa."
"S3-0-B9-VAL-168","S3-0.1-2026-08-06","9","ValidationRule","ValidationRule","WorkOrder","WorkOrder.Facturada_solo_por_Admin","Facturada_solo_por_Admin","NO_EXISTE","EXISTE","NO_COMPARABLE","ACTIVA","Según metadata recuperada","Según criterio/fórmula","Coincidencia por objeto/fórmula del bloque 9","Por determinar","No","Metadata existente en Partial; no modificada","Validar asignación, decisión y regresión antes de cambio","BLOQUEADO_NEGOCIO","Asignaciones, datos y decisión funcional según componente","Evidencia/decisión pendiente","Equipo técnico / negocio según hallazgo","Auditoría S3-0.1; retrieve/listado temporal Partial 2026-08-06","Asignación y prueba QA nominal","Escenario aplicable con Empresa explícita","PEKING no cae en Empresa legacy; aislamiento de usados","ALTO","Agregado en V2. Referencia matriz anterior: MATRIZ_NOMINAL_S3_0_20260806.csv; no existía como fila nominal previa."
"S3-0-B9-VAL-169","S3-0.1-2026-08-06","9","ValidationRule","ValidationRule","WorkOrder","WorkOrder.Kilometros_vacio_para_Admin","Kilometros_vacio_para_Admin","NO_EXISTE","EXISTE","NO_COMPARABLE","INACTIVA","Según metadata recuperada","Según criterio/fórmula","Coincidencia por objeto/fórmula del bloque 9","Por determinar","No","Metadata existente en Partial; no modificada","Validar asignación, decisión y regresión antes de cambio","REQUIERE_REGRESION","Asignaciones, datos y decisión funcional según componente","","Equipo técnico / negocio según hallazgo","Auditoría S3-0.1; retrieve/listado temporal Partial 2026-08-06","Asignación y prueba QA nominal","Escenario aplicable con Empresa explícita","PEKING no cae en Empresa legacy; aislamiento de usados","ALTO","Agregado en V2. Referencia matriz anterior: MATRIZ_NOMINAL_S3_0_20260806.csv; no existía como fila nominal previa."
"S3-0-B9-VAL-170","S3-0.1-2026-08-06","9","ValidationRule","ValidationRule","WorkOrder","WorkOrder.NoPuedeCambiarOrdenAFacturada","NoPuedeCambiarOrdenAFacturada","NO_EXISTE","EXISTE","NO_COMPARABLE","ACTIVA","Según metadata recuperada","Según criterio/fórmula","Coincidencia por objeto/fórmula del bloque 9","Por determinar","No","Metadata existente en Partial; no modificada","Validar asignación, decisión y regresión antes de cambio","BLOQUEADO_NEGOCIO","Asignaciones, datos y decisión funcional según componente","Evidencia/decisión pendiente","Equipo técnico / negocio según hallazgo","Auditoría S3-0.1; retrieve/listado temporal Partial 2026-08-06","Asignación y prueba QA nominal","Escenario aplicable con Empresa explícita","PEKING no cae en Empresa legacy; aislamiento de usados","ALTO","Agregado en V2. Referencia matriz anterior: MATRIZ_NOMINAL_S3_0_20260806.csv; no existía como fila nominal previa."
"S3-0-B9-VAL-171","S3-0.1-2026-08-06","9","ValidationRule","ValidationRule","WorkOrder","WorkOrder.Opcion_de_financiamiento","Opcion_de_financiamiento","NO_EXISTE","EXISTE","NO_COMPARABLE","INACTIVA","Según metadata recuperada","Según criterio/fórmula","Coincidencia por objeto/fórmula del bloque 9","Por determinar","No","Metadata existente en Partial; no modificada","Validar asignación, decisión y regresión antes de cambio","REQUIERE_REGRESION","Asignaciones, datos y decisión funcional según componente","","Equipo técnico / negocio según hallazgo","Auditoría S3-0.1; retrieve/listado temporal Partial 2026-08-06","Asignación y prueba QA nominal","Escenario aplicable con Empresa explícita","PEKING no cae en Empresa legacy; aislamiento de usados","ALTO","Agregado en V2. Referencia matriz anterior: MATRIZ_NOMINAL_S3_0_20260806.csv; no existía como fila nominal previa."
"S3-0-B9-VAL-172","S3-0.1-2026-08-06","9","ValidationRule","ValidationRule","WorkOrder","WorkOrder.OrdenFacturadaDebeTenerCategorizacion","OrdenFacturadaDebeTenerCategorizacion","NO_EXISTE","EXISTE","NO_COMPARABLE","ACTIVA","Según metadata recuperada","Según criterio/fórmula","Coincidencia por objeto/fórmula del bloque 9","Por determinar","No","Metadata existente en Partial; no modificada","Validar asignación, decisión y regresión antes de cambio","BLOQUEADO_NEGOCIO","Asignaciones, datos y decisión funcional según componente","Evidencia/decisión pendiente","Equipo técnico / negocio según hallazgo","Auditoría S3-0.1; retrieve/listado temporal Partial 2026-08-06","Asignación y prueba QA nominal","Escenario aplicable con Empresa explícita","PEKING no cae en Empresa legacy; aislamiento de usados","ALTO","Agregado en V2. Referencia matriz anterior: MATRIZ_NOMINAL_S3_0_20260806.csv; no existía como fila nominal previa."
"S3-0-B9-VAL-173","S3-0.1-2026-08-06","9","ValidationRule","ValidationRule","WorkOrder","WorkOrder.OwnerDistinto","OwnerDistinto","NO_EXISTE","EXISTE","NO_COMPARABLE","ACTIVA","Según metadata recuperada","Según criterio/fórmula","Coincidencia por objeto/fórmula del bloque 9","Por determinar","No","Metadata existente en Partial; no modificada","Validar asignación, decisión y regresión antes de cambio","BLOQUEADO_NEGOCIO","Asignaciones, datos y decisión funcional según componente","Evidencia/decisión pendiente","Equipo técnico / negocio según hallazgo","Auditoría S3-0.1; retrieve/listado temporal Partial 2026-08-06","Asignación y prueba QA nominal","Escenario aplicable con Empresa explícita","PEKING no cae en Empresa legacy; aislamiento de usados","ALTO","Agregado en V2. Referencia matriz anterior: MATRIZ_NOMINAL_S3_0_20260806.csv; no existía como fila nominal previa."
"S3-0-B9-VAL-174","S3-0.1-2026-08-06","9","ValidationRule","ValidationRule","WorkOrder","WorkOrder.RealizarEncuestaNoDebeCategorizar","RealizarEncuestaNoDebeCategorizar","NO_EXISTE","EXISTE","NO_COMPARABLE","ACTIVA","Según metadata recuperada","Según criterio/fórmula","Coincidencia por objeto/fórmula del bloque 9","Por determinar","No","Metadata existente en Partial; no modificada","Validar asignación, decisión y regresión antes de cambio","BLOQUEADO_NEGOCIO","Asignaciones, datos y decisión funcional según componente","Evidencia/decisión pendiente","Equipo técnico / negocio según hallazgo","Auditoría S3-0.1; retrieve/listado temporal Partial 2026-08-06","Asignación y prueba QA nominal","Escenario aplicable con Empresa explícita","PEKING no cae en Empresa legacy; aislamiento de usados","ALTO","Agregado en V2. Referencia matriz anterior: MATRIZ_NOMINAL_S3_0_20260806.csv; no existía como fila nominal previa."
"S3-0-B9-VAL-175","S3-0.1-2026-08-06","9","ValidationRule","ValidationRule","WorkOrder","WorkOrder.Realizar_encuesta_obligatorio_Kawa_Polar","Realizar_encuesta_obligatorio_Kawa_Polar","NO_EXISTE","EXISTE","NO_COMPARABLE","INACTIVA","Según metadata recuperada","Según criterio/fórmula","Coincidencia por objeto/fórmula del bloque 9","Por determinar","No","Metadata existente en Partial; no modificada","Validar asignación, decisión y regresión antes de cambio","REQUIERE_REGRESION","Asignaciones, datos y decisión funcional según componente","","Equipo técnico / negocio según hallazgo","Auditoría S3-0.1; retrieve/listado temporal Partial 2026-08-06","Asignación y prueba QA nominal","Escenario aplicable con Empresa explícita","PEKING no cae en Empresa legacy; aislamiento de usados","ALTO","Agregado en V2. Referencia matriz anterior: MATRIZ_NOMINAL_S3_0_20260806.csv; no existía como fila nominal previa."
"S3-0-B9-VAL-176","S3-0.1-2026-08-06","9","ValidationRule","ValidationRule","WorkOrder","WorkOrder.Rechazo_financiamiento_disponible","Rechazo_financiamiento_disponible","NO_EXISTE","EXISTE","NO_COMPARABLE","INACTIVA","Según metadata recuperada","Según criterio/fórmula","Coincidencia por objeto/fórmula del bloque 9","Por determinar","No","Metadata existente en Partial; no modificada","Validar asignación, decisión y regresión antes de cambio","REQUIERE_REGRESION","Asignaciones, datos y decisión funcional según componente","","Equipo técnico / negocio según hallazgo","Auditoría S3-0.1; retrieve/listado temporal Partial 2026-08-06","Asignación y prueba QA nominal","Escenario aplicable con Empresa explícita","PEKING no cae en Empresa legacy; aislamiento de usados","ALTO","Agregado en V2. Referencia matriz anterior: MATRIZ_NOMINAL_S3_0_20260806.csv; no existía como fila nominal previa."
"S3-0-B9-VAL-177","S3-0.1-2026-08-06","9","ValidationRule","ValidationRule","WorkOrder","WorkOrder.Respuesta_financiamiento_disponible","Respuesta_financiamiento_disponible","NO_EXISTE","EXISTE","NO_COMPARABLE","INACTIVA","Según metadata recuperada","Según criterio/fórmula","Coincidencia por objeto/fórmula del bloque 9","Por determinar","No","Metadata existente en Partial; no modificada","Validar asignación, decisión y regresión antes de cambio","REQUIERE_REGRESION","Asignaciones, datos y decisión funcional según componente","","Equipo técnico / negocio según hallazgo","Auditoría S3-0.1; retrieve/listado temporal Partial 2026-08-06","Asignación y prueba QA nominal","Escenario aplicable con Empresa explícita","PEKING no cae en Empresa legacy; aislamiento de usados","ALTO","Agregado en V2. Referencia matriz anterior: MATRIZ_NOMINAL_S3_0_20260806.csv; no existía como fila nominal previa."
"S3-0-B9-VAL-178","S3-0.1-2026-08-06","9","ValidationRule","ValidationRule","WorkOrder","WorkOrder.SoloAseguradoraReprogramada","SoloAseguradoraReprogramada","NO_EXISTE","EXISTE","NO_COMPARABLE","ACTIVA","Según metadata recuperada","Según criterio/fórmula","Coincidencia por objeto/fórmula del bloque 9","Por determinar","No","Metadata existente en Partial; no modificada","Validar asignación, decisión y regresión antes de cambio","BLOQUEADO_NEGOCIO","Asignaciones, datos y decisión funcional según componente","Evidencia/decisión pendiente","Equipo técnico / negocio según hallazgo","Auditoría S3-0.1; retrieve/listado temporal Partial 2026-08-06","Asignación y prueba QA nominal","Escenario aplicable con Empresa explícita","PEKING no cae en Empresa legacy; aislamiento de usados","ALTO","Agregado en V2. Referencia matriz anterior: MATRIZ_NOMINAL_S3_0_20260806.csv; no existía como fila nominal previa."
"S3-0-B9-VAL-179","S3-0.1-2026-08-06","9","ValidationRule","ValidationRule","WorkOrder","WorkOrder.ValidaKilometrajeWOConAsset","ValidaKilometrajeWOConAsset","NO_EXISTE","EXISTE","NO_COMPARABLE","INACTIVA","Según metadata recuperada","Según criterio/fórmula","Coincidencia por objeto/fórmula del bloque 9","Por determinar","No","Metadata existente en Partial; no modificada","Validar asignación, decisión y regresión antes de cambio","REQUIERE_REGRESION","Asignaciones, datos y decisión funcional según componente","","Equipo técnico / negocio según hallazgo","Auditoría S3-0.1; retrieve/listado temporal Partial 2026-08-06","Asignación y prueba QA nominal","Escenario aplicable con Empresa explícita","PEKING no cae en Empresa legacy; aislamiento de usados","ALTO","Agregado en V2. Referencia matriz anterior: MATRIZ_NOMINAL_S3_0_20260806.csv; no existía como fila nominal previa."
"S3-0-B9-VAL-180","S3-0.1-2026-08-06","9","ValidationRule","ValidationRule","WorkOrder","WorkOrder.ValidacionContactoPersonalCuandoCuentaWO","ValidacionContactoPersonalCuandoCuentaWO","NO_EXISTE","EXISTE","NO_COMPARABLE","INACTIVA","Según metadata recuperada","Según criterio/fórmula","Coincidencia por objeto/fórmula del bloque 9","Por determinar","No","Metadata existente en Partial; no modificada","Validar asignación, decisión y regresión antes de cambio","REQUIERE_REGRESION","Asignaciones, datos y decisión funcional según componente","","Equipo técnico / negocio según hallazgo","Auditoría S3-0.1; retrieve/listado temporal Partial 2026-08-06","Asignación y prueba QA nominal","Escenario aplicable con Empresa explícita","PEKING no cae en Empresa legacy; aislamiento de usados","ALTO","Agregado en V2. Referencia matriz anterior: MATRIZ_NOMINAL_S3_0_20260806.csv; no existía como fila nominal previa."
"S3-0-B9-VAL-181","S3-0.1-2026-08-06","9","ValidationRule","ValidationRule","WorkOrder","WorkOrder.Validacion_Encuesta","Validacion_Encuesta","NO_EXISTE","EXISTE","NO_COMPARABLE","INACTIVA","Según metadata recuperada","Según criterio/fórmula","Coincidencia por objeto/fórmula del bloque 9","Por determinar","No","Metadata existente en Partial; no modificada","Validar asignación, decisión y regresión antes de cambio","REQUIERE_REGRESION","Asignaciones, datos y decisión funcional según componente","","Equipo técnico / negocio según hallazgo","Auditoría S3-0.1; retrieve/listado temporal Partial 2026-08-06","Asignación y prueba QA nominal","Escenario aplicable con Empresa explícita","PEKING no cae en Empresa legacy; aislamiento de usados","ALTO","Agregado en V2. Referencia matriz anterior: MATRIZ_NOMINAL_S3_0_20260806.csv; no existía como fila nominal previa."
"S3-0-B9-VAL-182","S3-0.1-2026-08-06","9","ValidationRule","ValidationRule","WorkOrder","WorkOrder.Validacion_contribuyente_y_factura","Validacion_contribuyente_y_factura","NO_EXISTE","EXISTE","NO_COMPARABLE","INACTIVA","Según metadata recuperada","Según criterio/fórmula","Coincidencia por objeto/fórmula del bloque 9","Por determinar","No","Metadata existente en Partial; no modificada","Validar asignación, decisión y regresión antes de cambio","REQUIERE_REGRESION","Asignaciones, datos y decisión funcional según componente","","Equipo técnico / negocio según hallazgo","Auditoría S3-0.1; retrieve/listado temporal Partial 2026-08-06","Asignación y prueba QA nominal","Escenario aplicable con Empresa explícita","PEKING no cae en Empresa legacy; aislamiento de usados","ALTO","Agregado en V2. Referencia matriz anterior: MATRIZ_NOMINAL_S3_0_20260806.csv; no existía como fila nominal previa."
"S3-0-B9-VAL-183","S3-0.1-2026-08-06","9","ValidationRule","ValidationRule","WorkOrder","WorkOrder.Validacion_de_campos_cuenta","Validacion_de_campos_cuenta","NO_EXISTE","EXISTE","NO_COMPARABLE","INACTIVA","Según metadata recuperada","Según criterio/fórmula","Coincidencia por objeto/fórmula del bloque 9","Por determinar","No","Metadata existente en Partial; no modificada","Validar asignación, decisión y regresión antes de cambio","REQUIERE_REGRESION","Asignaciones, datos y decisión funcional según componente","","Equipo técnico / negocio según hallazgo","Auditoría S3-0.1; retrieve/listado temporal Partial 2026-08-06","Asignación y prueba QA nominal","Escenario aplicable con Empresa explícita","PEKING no cae en Empresa legacy; aislamiento de usados","ALTO","Agregado en V2. Referencia matriz anterior: MATRIZ_NOMINAL_S3_0_20260806.csv; no existía como fila nominal previa."
"S3-0-B9-VAL-184","S3-0.1-2026-08-06","9","ValidationRule","ValidationRule","WorkOrder","WorkOrder.Validacion_que_impide_ir_a_otras_etapas","Validacion_que_impide_ir_a_otras_etapas","NO_EXISTE","EXISTE","NO_COMPARABLE","INACTIVA","Según metadata recuperada","Según criterio/fórmula","Coincidencia por objeto/fórmula del bloque 9","Por determinar","No","Metadata existente en Partial; no modificada","Validar asignación, decisión y regresión antes de cambio","REQUIERE_REGRESION","Asignaciones, datos y decisión funcional según componente","","Equipo técnico / negocio según hallazgo","Auditoría S3-0.1; retrieve/listado temporal Partial 2026-08-06","Asignación y prueba QA nominal","Escenario aplicable con Empresa explícita","PEKING no cae en Empresa legacy; aislamiento de usados","ALTO","Agregado en V2. Referencia matriz anterior: MATRIZ_NOMINAL_S3_0_20260806.csv; no existía como fila nominal previa."
"S3-0-B9-APP-101","S3-0.1-2026-08-06","9","ApprovalProcess","ApprovalProcess","AprobacionCentroCosto__c","AprobacionCentroCosto__c.Aprobacion_por_Centro_de_Costo","Aprobacion_por_Centro_de_Costo","NO_EXISTE","EXISTE","NO_COMPARABLE","SIN_ESTADO_PROPIO","Según metadata recuperada","Según criterio/fórmula","Proceso nominal del universo de 18, excluido del subconjunto de 12 por objeto fuera de alcance","Por determinar","No","Metadata existente en Partial; no modificada","Validar asignación, decisión y regresión antes de cambio","NO_REQUIERE_CAMBIO","Asignaciones, datos y decisión funcional según componente","","Equipo técnico / negocio según hallazgo","Auditoría S3-0.1; retrieve/listado temporal Partial 2026-08-06","Asignación y prueba QA nominal","Escenario aplicable con Empresa explícita","PEKING no cae en Empresa legacy; aislamiento de usados","ALTO","Agregado en V2. Referencia matriz anterior: MATRIZ_NOMINAL_S3_0_20260806.csv; no existía como fila nominal previa."
"S3-0-B9-APP-102","S3-0.1-2026-08-06","9","ApprovalProcess","ApprovalProcess","Oportunidad_de_Financiamiento__c","Oportunidad_de_Financiamiento__c.PreAprobacionCoordinadorCreditoCobro","PreAprobacionCoordinadorCreditoCobro","NO_EXISTE","EXISTE","NO_COMPARABLE","SIN_ESTADO_PROPIO","Según metadata recuperada","Según criterio/fórmula","Proceso nominal del universo de 18, excluido del subconjunto de 12 por objeto fuera de alcance","Por determinar","No","Metadata existente en Partial; no modificada","Validar asignación, decisión y regresión antes de cambio","NO_REQUIERE_CAMBIO","Asignaciones, datos y decisión funcional según componente","","Equipo técnico / negocio según hallazgo","Auditoría S3-0.1; retrieve/listado temporal Partial 2026-08-06","Asignación y prueba QA nominal","Escenario aplicable con Empresa explícita","PEKING no cae en Empresa legacy; aislamiento de usados","ALTO","Agregado en V2. Referencia matriz anterior: MATRIZ_NOMINAL_S3_0_20260806.csv; no existía como fila nominal previa."
"S3-0-B9-APP-103","S3-0.1-2026-08-06","9","ApprovalProcess","ApprovalProcess","Oportunidad_de_Financiamiento__c","Oportunidad_de_Financiamiento__c.aptobacionMontoFinanciar2","aptobacionMontoFinanciar2","NO_EXISTE","EXISTE","NO_COMPARABLE","SIN_ESTADO_PROPIO","Según metadata recuperada","Según criterio/fórmula","Proceso nominal del universo de 18, excluido del subconjunto de 12 por objeto fuera de alcance","Por determinar","No","Metadata existente en Partial; no modificada","Validar asignación, decisión y regresión antes de cambio","NO_REQUIERE_CAMBIO","Asignaciones, datos y decisión funcional según componente","","Equipo técnico / negocio según hallazgo","Auditoría S3-0.1; retrieve/listado temporal Partial 2026-08-06","Asignación y prueba QA nominal","Escenario aplicable con Empresa explícita","PEKING no cae en Empresa legacy; aislamiento de usados","ALTO","Agregado en V2. Referencia matriz anterior: MATRIZ_NOMINAL_S3_0_20260806.csv; no existía como fila nominal previa."
"S3-0-B9-APP-104","S3-0.1-2026-08-06","9","ApprovalProcess","ApprovalProcess","Oportunidad_de_Financiamiento__c","Oportunidad_de_Financiamiento__c.aptobacionMontoFinanciar_Clone","aptobacionMontoFinanciar_Clone","NO_EXISTE","EXISTE","NO_COMPARABLE","SIN_ESTADO_PROPIO","Según metadata recuperada","Según criterio/fórmula","Proceso nominal del universo de 18, excluido del subconjunto de 12 por objeto fuera de alcance","Por determinar","No","Metadata existente en Partial; no modificada","Validar asignación, decisión y regresión antes de cambio","NO_REQUIERE_CAMBIO","Asignaciones, datos y decisión funcional según componente","","Equipo técnico / negocio según hallazgo","Auditoría S3-0.1; retrieve/listado temporal Partial 2026-08-06","Asignación y prueba QA nominal","Escenario aplicable con Empresa explícita","PEKING no cae en Empresa legacy; aislamiento de usados","ALTO","Agregado en V2. Referencia matriz anterior: MATRIZ_NOMINAL_S3_0_20260806.csv; no existía como fila nominal previa."
"S3-0-B9-APP-105","S3-0.1-2026-08-06","9","ApprovalProcess","ApprovalProcess","Oportunidad_de_Financiamiento__c","Oportunidad_de_Financiamiento__c.aptobacionMontoFinanciar","aptobacionMontoFinanciar","NO_EXISTE","EXISTE","NO_COMPARABLE","SIN_ESTADO_PROPIO","Según metadata recuperada","Según criterio/fórmula","Proceso nominal del universo de 18, excluido del subconjunto de 12 por objeto fuera de alcance","Por determinar","No","Metadata existente en Partial; no modificada","Validar asignación, decisión y regresión antes de cambio","NO_REQUIERE_CAMBIO","Asignaciones, datos y decisión funcional según componente","","Equipo técnico / negocio según hallazgo","Auditoría S3-0.1; retrieve/listado temporal Partial 2026-08-06","Asignación y prueba QA nominal","Escenario aplicable con Empresa explícita","PEKING no cae en Empresa legacy; aislamiento de usados","ALTO","Agregado en V2. Referencia matriz anterior: MATRIZ_NOMINAL_S3_0_20260806.csv; no existía como fila nominal previa."
"S3-0-B9-APP-106","S3-0.1-2026-08-06","9","ApprovalProcess","ApprovalProcess","Oportunidad_de_Financiamiento__c","Oportunidad_de_Financiamiento__c.Aprobacion_Oportunidad_de_Financiamiento","Aprobacion_Oportunidad_de_Financiamiento","NO_EXISTE","EXISTE","NO_COMPARABLE","SIN_ESTADO_PROPIO","Según metadata recuperada","Según criterio/fórmula","Proceso nominal del universo de 18, excluido del subconjunto de 12 por objeto fuera de alcance","Por determinar","No","Metadata existente en Partial; no modificada","Validar asignación, decisión y regresión antes de cambio","NO_REQUIERE_CAMBIO","Asignaciones, datos y decisión funcional según componente","","Equipo técnico / negocio según hallazgo","Auditoría S3-0.1; retrieve/listado temporal Partial 2026-08-06","Asignación y prueba QA nominal","Escenario aplicable con Empresa explícita","PEKING no cae en Empresa legacy; aislamiento de usados","ALTO","Agregado en V2. Referencia matriz anterior: MATRIZ_NOMINAL_S3_0_20260806.csv; no existía como fila nominal previa."
