"Tipo_Metadata","Objeto","Componente_API","Encontrado_Partial","Encontrado_Git","Incluido_S3_0","Motivo_Inclusion","Motivo_Exclusion","Referencia_Empresa_Marca","Estado_Activo","Aplica_PEKING","Exclusivo_Usados","Evidencia","Nivel_Confianza","Notas"
"Layout","Account","Account-Account Layout","SI","NO","SI","Objeto dentro del bloque 7 y contenido con campos/dependencias relevantes","Sin referencia relevante verificable","Marca__c, RecordType","SIN_ESTADO_PROPIO","Por determinar","No","Retrieve temporal Partial 2026-08-06: layouts/Account-Account Layout.layout-meta.xml","ALTO","La asignación por perfil/Record Type no forma parte del XML del Layout; pendiente evidencia de asignación."
"Layout","Account","Account-BMW Aseguradora - RO","SI","NO","NO","","Variante operacional ajena a Empresa/Marca","Garant_a_de_activo__c, RecordType, RecordTypeId, marca__c","SIN_ESTADO_PROPIO","Por determinar","No","Retrieve temporal Partial 2026-08-06: layouts/Account-BMW Aseguradora - RO.layout-meta.xml","ALTO","La asignación por perfil/Record Type no forma parte del XML del Layout; pendiente evidencia de asignación."
"Layout","Account","Account-BMW Aseguradora Formato Página Cuenta","SI","NO","NO","","Variante operacional ajena a Empresa/Marca","Garant_a_de_activo__c, RecordType, RecordTypeId, marca__c","SIN_ESTADO_PROPIO","Por determinar","No","Retrieve temporal Partial 2026-08-06: layouts/Account-BMW Aseguradora Formato Página Cuenta.layout-meta.xml","ALTO","La asignación por perfil/Record Type no forma parte del XML del Layout; pendiente evidencia de asignación."
"Layout","Account","Account-BMW Cuenta Empresarial  V2","SI","NO","SI","Objeto dentro del bloque 7 y contenido con campos/dependencias relevantes","Sin referencia relevante verificable","Garant_a_Original__c, Garant_a_de_activo__c, RecordType, RecordTypeId, marca__c","SIN_ESTADO_PROPIO","Por determinar","No","Retrieve temporal Partial 2026-08-06: layouts/Account-BMW Cuenta Empresarial  V2.layout-meta.xml","ALTO","La asignación por perfil/Record Type no forma parte del XML del Layout; pendiente evidencia de asignación."
"Layout","Account","Account-BMW Cuenta Empresarial - RO","SI","NO","SI","Objeto dentro del bloque 7 y contenido con campos/dependencias relevantes","Sin referencia relevante verificable","Garant_a_Original__c, Garant_a_de_activo__c, RecordType, RecordTypeId, marca__c","SIN_ESTADO_PROPIO","Por determinar","No","Retrieve temporal Partial 2026-08-06: layouts/Account-BMW Cuenta Empresarial - RO.layout-meta.xml","ALTO","La asignación por perfil/Record Type no forma parte del XML del Layout; pendiente evidencia de asignación."
"Layout","Account","Account-BMW Cuenta Empresarial","SI","NO","SI","Objeto dentro del bloque 7 y contenido con campos/dependencias relevantes","Sin referencia relevante verificable","Garant_a_Original__c, Garant_a_de_activo__c, RecordType, RecordTypeId, marca__c","SIN_ESTADO_PROPIO","Por determinar","No","Retrieve temporal Partial 2026-08-06: layouts/Account-BMW Cuenta Empresarial.layout-meta.xml","ALTO","La asignación por perfil/Record Type no forma parte del XML del Layout; pendiente evidencia de asignación."
"Layout","Account","Account-Cuenta Altica Empresarial","SI","NO","NO","","Variante operacional ajena a Empresa/Marca","RecordType, RecordTypeId","SIN_ESTADO_PROPIO","Por determinar","No","Retrieve temporal Partial 2026-08-06: layouts/Account-Cuenta Altica Empresarial.layout-meta.xml","ALTO","La asignación por perfil/Record Type no forma parte del XML del Layout; pendiente evidencia de asignación."
"Layout","Account","Account-Cuenta Empresarial Sin Botones","SI","NO","SI","Objeto dentro del bloque 7 y contenido con campos/dependencias relevantes","Sin referencia relevante verificable","Garant_a_Original__c, Garant_a_de_activo__c, RecordType, RecordTypeId, marca__c","SIN_ESTADO_PROPIO","Por determinar","No","Retrieve temporal Partial 2026-08-06: layouts/Account-Cuenta Empresarial Sin Botones.layout-meta.xml","ALTO","La asignación por perfil/Record Type no forma parte del XML del Layout; pendiente evidencia de asignación."
"Layout","Account","Account-RM Asesor Taller","SI","NO","SI","Objeto dentro del bloque 7 y contenido con campos/dependencias relevantes","Sin referencia relevante verificable","RecordType, RecordTypeId","SIN_ESTADO_PROPIO","Por determinar","No","Retrieve temporal Partial 2026-08-06: layouts/Account-RM Asesor Taller.layout-meta.xml","ALTO","La asignación por perfil/Record Type no forma parte del XML del Layout; pendiente evidencia de asignación."
"Layout","Account","Account-RM Asistente Taller - RO","SI","NO","SI","Objeto dentro del bloque 7 y contenido con campos/dependencias relevantes","Sin referencia relevante verificable","RecordType, RecordTypeId","SIN_ESTADO_PROPIO","Por determinar","No","Retrieve temporal Partial 2026-08-06: layouts/Account-RM Asistente Taller - RO.layout-meta.xml","ALTO","La asignación por perfil/Record Type no forma parte del XML del Layout; pendiente evidencia de asignación."
"Layout","Account","Account-RM Asistente Taller","SI","NO","SI","Objeto dentro del bloque 7 y contenido con campos/dependencias relevantes","Sin referencia relevante verificable","RecordType, RecordTypeId","SIN_ESTADO_PROPIO","Por determinar","No","Retrieve temporal Partial 2026-08-06: layouts/Account-RM Asistente Taller.layout-meta.xml","ALTO","La asignación por perfil/Record Type no forma parte del XML del Layout; pendiente evidencia de asignación."
"Layout","Account","Account-RM Lider Taller - RO","SI","NO","SI","Objeto dentro del bloque 7 y contenido con campos/dependencias relevantes","Sin referencia relevante verificable","RecordType, RecordTypeId","SIN_ESTADO_PROPIO","Por determinar","No","Retrieve temporal Partial 2026-08-06: layouts/Account-RM Lider Taller - RO.layout-meta.xml","ALTO","La asignación por perfil/Record Type no forma parte del XML del Layout; pendiente evidencia de asignación."
"Layout","Account","Account-RM Lider Taller","SI","NO","SI","Objeto dentro del bloque 7 y contenido con campos/dependencias relevantes","Sin referencia relevante verificable","RecordType, RecordTypeId","SIN_ESTADO_PROPIO","Por determinar","No","Retrieve temporal Partial 2026-08-06: layouts/Account-RM Lider Taller.layout-meta.xml","ALTO","La asignación por perfil/Record Type no forma parte del XML del Layout; pendiente evidencia de asignación."
"Layout","Account","Account-RM Mecanico","SI","NO","NO","","Variante operacional ajena a Empresa/Marca","RecordType, RecordTypeId","SIN_ESTADO_PROPIO","Por determinar","No","Retrieve temporal Partial 2026-08-06: layouts/Account-RM Mecanico.layout-meta.xml","ALTO","La asignación por perfil/Record Type no forma parte del XML del Layout; pendiente evidencia de asignación."
"Layout","Account","Account-Taller","SI","NO","SI","Objeto dentro del bloque 7 y contenido con campos/dependencias relevantes","Sin referencia relevante verificable","RecordType, RecordTypeId","SIN_ESTADO_PROPIO","Por determinar","No","Retrieve temporal Partial 2026-08-06: layouts/Account-Taller.layout-meta.xml","ALTO","La asignación por perfil/Record Type no forma parte del XML del Layout; pendiente evidencia de asignación."
"Layout","Opportunity","Opportunity-Autos V1%2E2","SI","NO","SI","Objeto dentro del bloque 7 y contenido con campos/dependencias relevantes","Sin referencia relevante verificable","Marca__c, Pricebook2Id, RecordTypeId","SIN_ESTADO_PROPIO","Por determinar","No","Retrieve temporal Partial 2026-08-06: layouts/Opportunity-Autos V1%2E2.layout-meta.xml","ALTO","La asignación por perfil/Record Type no forma parte del XML del Layout; pendiente evidencia de asignación."
"Layout","Opportunity","Opportunity-Autos V1%2E3 - Inventario","SI","NO","SI","Objeto dentro del bloque 7 y contenido con campos/dependencias relevantes","Sin referencia relevante verificable","Marca__c, Pricebook2Id, RecordTypeId","SIN_ESTADO_PROPIO","Por determinar","No","Retrieve temporal Partial 2026-08-06: layouts/Opportunity-Autos V1%2E3 - Inventario.layout-meta.xml","ALTO","La asignación por perfil/Record Type no forma parte del XML del Layout; pendiente evidencia de asignación."
"Layout","Opportunity","Opportunity-Autos V1%2E3","SI","NO","SI","Objeto dentro del bloque 7 y contenido con campos/dependencias relevantes","Sin referencia relevante verificable","Pricebook2Id, RecordTypeId","SIN_ESTADO_PROPIO","Por determinar","No","Retrieve temporal Partial 2026-08-06: layouts/Opportunity-Autos V1%2E3.layout-meta.xml","ALTO","La asignación por perfil/Record Type no forma parte del XML del Layout; pendiente evidencia de asignación."
"Layout","Opportunity","Opportunity-Autos V1%2E4 Sin Botones","SI","NO","SI","Objeto dentro del bloque 7 y contenido con campos/dependencias relevantes","Sin referencia relevante verificable","Marca__c, Pricebook2Id, RecordType, RecordTypeId","SIN_ESTADO_PROPIO","Por determinar","No","Retrieve temporal Partial 2026-08-06: layouts/Opportunity-Autos V1%2E4 Sin Botones.layout-meta.xml","ALTO","La asignación por perfil/Record Type no forma parte del XML del Layout; pendiente evidencia de asignación."
"Layout","Opportunity","Opportunity-Autos V1%2E4","SI","NO","SI","Objeto dentro del bloque 7 y contenido con campos/dependencias relevantes","Sin referencia relevante verificable","Marca__c, Pricebook2Id, RecordTypeId","SIN_ESTADO_PROPIO","Por determinar","No","Retrieve temporal Partial 2026-08-06: layouts/Opportunity-Autos V1%2E4.layout-meta.xml","ALTO","La asignación por perfil/Record Type no forma parte del XML del Layout; pendiente evidencia de asignación."
"Layout","Opportunity","Opportunity-Autos","SI","NO","SI","Objeto dentro del bloque 7 y contenido con campos/dependencias relevantes","Sin referencia relevante verificable","Pricebook2Id, RecordTypeId","SIN_ESTADO_PROPIO","Por determinar","No","Retrieve temporal Partial 2026-08-06: layouts/Opportunity-Autos.layout-meta.xml","ALTO","La asignación por perfil/Record Type no forma parte del XML del Layout; pendiente evidencia de asignación."
"Layout","Opportunity","Opportunity-BMW Opportunity Layout","SI","NO","SI","Objeto dentro del bloque 7 y contenido con campos/dependencias relevantes","Sin referencia relevante verificable","Pricebook2Id, RecordType, RecordTypeId","SIN_ESTADO_PROPIO","Por determinar","No","Retrieve temporal Partial 2026-08-06: layouts/Opportunity-BMW Opportunity Layout.layout-meta.xml","ALTO","La asignación por perfil/Record Type no forma parte del XML del Layout; pendiente evidencia de asignación."
"Layout","Opportunity","Opportunity-Cartera Madura","SI","NO","SI","Objeto dentro del bloque 7 y contenido con campos/dependencias relevantes","Sin referencia relevante verificable","RecordTypeId","SIN_ESTADO_PROPIO","Por determinar","No","Retrieve temporal Partial 2026-08-06: layouts/Opportunity-Cartera Madura.layout-meta.xml","ALTO","La asignación por perfil/Record Type no forma parte del XML del Layout; pendiente evidencia de asignación."
"Layout","Opportunity","Opportunity-Motocicletas","SI","NO","SI","Objeto dentro del bloque 7 y contenido con campos/dependencias relevantes","Sin referencia relevante verificable","RecordType, RecordTypeId","SIN_ESTADO_PROPIO","Por determinar","No","Retrieve temporal Partial 2026-08-06: layouts/Opportunity-Motocicletas.layout-meta.xml","ALTO","La asignación por perfil/Record Type no forma parte del XML del Layout; pendiente evidencia de asignación."
"Layout","Opportunity","Opportunity-Oportunidad Usado","SI","NO","NO","","Exclusivo de usados","Marca__c","SIN_ESTADO_PROPIO","No","Sí","Retrieve temporal Partial 2026-08-06: layouts/Opportunity-Oportunidad Usado.layout-meta.xml","ALTO","La asignación por perfil/Record Type no forma parte del XML del Layout; pendiente evidencia de asignación."
"Layout","Opportunity","Opportunity-Opportunity Layout Usados V1%2E1","SI","NO","NO","","Exclusivo de usados","Marca__c, Pricebook2Id, RecordType, RecordTypeId","SIN_ESTADO_PROPIO","No","Sí","Retrieve temporal Partial 2026-08-06: layouts/Opportunity-Opportunity Layout Usados V1%2E1.layout-meta.xml","ALTO","La asignación por perfil/Record Type no forma parte del XML del Layout; pendiente evidencia de asignación."
"Layout","Opportunity","Opportunity-Opportunity Layout","SI","NO","SI","Objeto dentro del bloque 7 y contenido con campos/dependencias relevantes","Sin referencia relevante verificable","RecordTypeId","SIN_ESTADO_PROPIO","Por determinar","No","Retrieve temporal Partial 2026-08-06: layouts/Opportunity-Opportunity Layout.layout-meta.xml","ALTO","La asignación por perfil/Record Type no forma parte del XML del Layout; pendiente evidencia de asignación."
"Layout","Opportunity","Opportunity-Taller Autos","SI","NO","SI","Objeto dentro del bloque 7 y contenido con campos/dependencias relevantes","Sin referencia relevante verificable","BMW_Compania__c, Pricebook2Id, RecordType","SIN_ESTADO_PROPIO","Por determinar","No","Retrieve temporal Partial 2026-08-06: layouts/Opportunity-Taller Autos.layout-meta.xml","ALTO","La asignación por perfil/Record Type no forma parte del XML del Layout; pendiente evidencia de asignación."
"Layout","Opportunity","Opportunity-Vehiculos Nuevos V1%2E1","SI","NO","SI","Objeto dentro del bloque 7 y contenido con campos/dependencias relevantes","Sin referencia relevante verificable","Marca__c, Pricebook2Id, RecordTypeId","SIN_ESTADO_PROPIO","Por determinar","No","Retrieve temporal Partial 2026-08-06: layouts/Opportunity-Vehiculos Nuevos V1%2E1.layout-meta.xml","ALTO","La asignación por perfil/Record Type no forma parte del XML del Layout; pendiente evidencia de asignación."
"Layout","Product2","Product2-Articulos sin Editar","SI","NO","SI","Objeto dentro del bloque 7 y contenido con campos/dependencias relevantes","Sin referencia relevante verificable","Empresa__c, Marca__c, RecordType, RecordTypeId","SIN_ESTADO_PROPIO","Por determinar","No","Retrieve temporal Partial 2026-08-06: layouts/Product2-Articulos sin Editar.layout-meta.xml","ALTO","La asignación por perfil/Record Type no forma parte del XML del Layout; pendiente evidencia de asignación."
"Layout","Product2","Product2-Artículos","SI","NO","SI","Objeto dentro del bloque 7 y contenido con campos/dependencias relevantes","Sin referencia relevante verificable","Empresa__c, Marca__c, RecordType, RecordTypeId","SIN_ESTADO_PROPIO","Por determinar","No","Retrieve temporal Partial 2026-08-06: layouts/Product2-Artículos.layout-meta.xml","ALTO","La asignación por perfil/Record Type no forma parte del XML del Layout; pendiente evidencia de asignación."
"Layout","Product2","Product2-Formato Producto Altica","SI","NO","NO","","Variante operacional ajena a Empresa/Marca","RecordType, RecordTypeId","SIN_ESTADO_PROPIO","Por determinar","No","Retrieve temporal Partial 2026-08-06: layouts/Product2-Formato Producto Altica.layout-meta.xml","ALTO","La asignación por perfil/Record Type no forma parte del XML del Layout; pendiente evidencia de asignación."
"Layout","Product2","Product2-Product Layout V1%2E1","SI","NO","SI","Objeto dentro del bloque 7 y contenido con campos/dependencias relevantes","Sin referencia relevante verificable","Marca__c, RecordTypeId","SIN_ESTADO_PROPIO","Por determinar","No","Retrieve temporal Partial 2026-08-06: layouts/Product2-Product Layout V1%2E1.layout-meta.xml","ALTO","La asignación por perfil/Record Type no forma parte del XML del Layout; pendiente evidencia de asignación."
"Layout","Product2","Product2-Product Layout V1%2E2","SI","NO","SI","Objeto dentro del bloque 7 y contenido con campos/dependencias relevantes","Sin referencia relevante verificable","Marca__c, RecordTypeId","SIN_ESTADO_PROPIO","Por determinar","No","Retrieve temporal Partial 2026-08-06: layouts/Product2-Product Layout V1%2E2.layout-meta.xml","ALTO","La asignación por perfil/Record Type no forma parte del XML del Layout; pendiente evidencia de asignación."
"Layout","Product2","Product2-Product Layout","SI","NO","SI","Objeto dentro del bloque 7 y contenido con campos/dependencias relevantes","Sin referencia relevante verificable","Marca__c, RecordTypeId","SIN_ESTADO_PROPIO","Por determinar","No","Retrieve temporal Partial 2026-08-06: layouts/Product2-Product Layout.layout-meta.xml","ALTO","La asignación por perfil/Record Type no forma parte del XML del Layout; pendiente evidencia de asignación."
"Layout","Product2","Product2-Vehiculos Softland System Admin V1%2E0","SI","NO","SI","Objeto dentro del bloque 7 y contenido con campos/dependencias relevantes","Sin referencia relevante verificable","Empresa__c, RecordType, RecordTypeId","SIN_ESTADO_PROPIO","Por determinar","No","Retrieve temporal Partial 2026-08-06: layouts/Product2-Vehiculos Softland System Admin V1%2E0.layout-meta.xml","ALTO","La asignación por perfil/Record Type no forma parte del XML del Layout; pendiente evidencia de asignación."
"Layout","Product2","Product2-Vehiculos V1%2E2","SI","NO","SI","Objeto dentro del bloque 7 y contenido con campos/dependencias relevantes","Sin referencia relevante verificable","Empresa__c, Marca__c, RecordType, RecordTypeId","SIN_ESTADO_PROPIO","Por determinar","No","Retrieve temporal Partial 2026-08-06: layouts/Product2-Vehiculos V1%2E2.layout-meta.xml","ALTO","La asignación por perfil/Record Type no forma parte del XML del Layout; pendiente evidencia de asignación."
"Layout","Product2","Product2-Vehiculos V1%2E3","SI","NO","SI","Objeto dentro del bloque 7 y contenido con campos/dependencias relevantes","Sin referencia relevante verificable","Empresa__c, Marca__c, RecordType, RecordTypeId","SIN_ESTADO_PROPIO","Por determinar","No","Retrieve temporal Partial 2026-08-06: layouts/Product2-Vehiculos V1%2E3.layout-meta.xml","ALTO","La asignación por perfil/Record Type no forma parte del XML del Layout; pendiente evidencia de asignación."
"Layout","Product2","Product2-Vehiculos V1%2E4","SI","NO","SI","Objeto dentro del bloque 7 y contenido con campos/dependencias relevantes","Sin referencia relevante verificable","Empresa__c, Marca__c, RecordType, RecordTypeId","SIN_ESTADO_PROPIO","Por determinar","No","Retrieve temporal Partial 2026-08-06: layouts/Product2-Vehiculos V1%2E4.layout-meta.xml","ALTO","La asignación por perfil/Record Type no forma parte del XML del Layout; pendiente evidencia de asignación."
"Layout","Product2","Product2-Vehiculos V1%2E5","SI","NO","SI","Objeto dentro del bloque 7 y contenido con campos/dependencias relevantes","Sin referencia relevante verificable","Empresa__c, Marca__c, RecordType, RecordTypeId","SIN_ESTADO_PROPIO","Por determinar","No","Retrieve temporal Partial 2026-08-06: layouts/Product2-Vehiculos V1%2E5.layout-meta.xml","ALTO","La asignación por perfil/Record Type no forma parte del XML del Layout; pendiente evidencia de asignación."
"Layout","Product2","Product2-Vehiculos","SI","NO","SI","Objeto dentro del bloque 7 y contenido con campos/dependencias relevantes","Sin referencia relevante verificable","Empresa__c, Marca__c, RecordType, RecordTypeId","SIN_ESTADO_PROPIO","Por determinar","No","Retrieve temporal Partial 2026-08-06: layouts/Product2-Vehiculos.layout-meta.xml","ALTO","La asignación por perfil/Record Type no forma parte del XML del Layout; pendiente evidencia de asignación."
"Layout","Product2","Product2-VehiculosParaV2","SI","NO","SI","Objeto dentro del bloque 7 y contenido con campos/dependencias relevantes","Sin referencia relevante verificable","Empresa__c, Marca__c, RecordType, RecordTypeId","SIN_ESTADO_PROPIO","Por determinar","No","Retrieve temporal Partial 2026-08-06: layouts/Product2-VehiculosParaV2.layout-meta.xml","ALTO","La asignación por perfil/Record Type no forma parte del XML del Layout; pendiente evidencia de asignación."
"Layout","Quote","Quote-Mostrador y Taller","SI","NO","SI","Objeto dentro del bloque 7 y contenido con campos/dependencias relevantes","Sin referencia relevante verificable","Centro_de_Costo__c","SIN_ESTADO_PROPIO","Por determinar","No","Retrieve temporal Partial 2026-08-06: layouts/Quote-Mostrador y Taller.layout-meta.xml","ALTO","La asignación por perfil/Record Type no forma parte del XML del Layout; pendiente evidencia de asignación."
"Layout","Quote","Quote-Quote Layout Usados V1%2E1","SI","NO","NO","","Exclusivo de usados","Sin referencia directa identificada","SIN_ESTADO_PROPIO","No","Sí","Retrieve temporal Partial 2026-08-06: layouts/Quote-Quote Layout Usados V1%2E1.layout-meta.xml","ALTO","La asignación por perfil/Record Type no forma parte del XML del Layout; pendiente evidencia de asignación."
"Layout","Quote","Quote-Quote Layout V1%2E2","SI","NO","NO","","Sin referencia relevante verificable","Sin referencia directa identificada","SIN_ESTADO_PROPIO","Por determinar","No","Retrieve temporal Partial 2026-08-06: layouts/Quote-Quote Layout V1%2E2.layout-meta.xml","ALTO","La asignación por perfil/Record Type no forma parte del XML del Layout; pendiente evidencia de asignación."
"Layout","Quote","Quote-Quote Layout","SI","NO","NO","","Sin referencia relevante verificable","Sin referencia directa identificada","SIN_ESTADO_PROPIO","Por determinar","No","Retrieve temporal Partial 2026-08-06: layouts/Quote-Quote Layout.layout-meta.xml","ALTO","La asignación por perfil/Record Type no forma parte del XML del Layout; pendiente evidencia de asignación."
"Layout","Quote","Quote-Vehiculos Nuevos V1%2E2","SI","NO","NO","","Sin referencia relevante verificable","Sin referencia directa identificada","SIN_ESTADO_PROPIO","Por determinar","No","Retrieve temporal Partial 2026-08-06: layouts/Quote-Vehiculos Nuevos V1%2E2.layout-meta.xml","ALTO","La asignación por perfil/Record Type no forma parte del XML del Layout; pendiente evidencia de asignación."
"Layout","Quote","Quote-VN Admin V1%2E1","SI","NO","NO","","Sin referencia relevante verificable","Sin referencia directa identificada","SIN_ESTADO_PROPIO","Por determinar","No","Retrieve temporal Partial 2026-08-06: layouts/Quote-VN Admin V1%2E1.layout-meta.xml","ALTO","La asignación por perfil/Record Type no forma parte del XML del Layout; pendiente evidencia de asignación."
"Layout","WorkOrder","WorkOrder-Mecanico","SI","NO","NO","","Variante operacional ajena a Empresa/Marca","CentroDeCosto__c, Pricebook2Id, RecordType, garant_as__c, garantia__c","SIN_ESTADO_PROPIO","Por determinar","No","Retrieve temporal Partial 2026-08-06: layouts/WorkOrder-Mecanico.layout-meta.xml","ALTO","La asignación por perfil/Record Type no forma parte del XML del Layout; pendiente evidencia de asignación."
"Layout","WorkOrder","WorkOrder-RM Asesor Taller","SI","NO","SI","Objeto dentro del bloque 7 y contenido con campos/dependencias relevantes","Sin referencia relevante verificable","CentroDeCosto__c, CentroDeCostos, Garantia_vehiculo__c, Pricebook2Id, RecordType, garantia__c","SIN_ESTADO_PROPIO","Por determinar","No","Retrieve temporal Partial 2026-08-06: layouts/WorkOrder-RM Asesor Taller.layout-meta.xml","ALTO","La asignación por perfil/Record Type no forma parte del XML del Layout; pendiente evidencia de asignación."
"Layout","WorkOrder","WorkOrder-RM Lider Taller - RO","SI","NO","SI","Objeto dentro del bloque 7 y contenido con campos/dependencias relevantes","Sin referencia relevante verificable","CentroDeCosto__c, Garantia_vehiculo__c, Pricebook2Id, RecordType, garantia__c","SIN_ESTADO_PROPIO","Por determinar","No","Retrieve temporal Partial 2026-08-06: layouts/WorkOrder-RM Lider Taller - RO.layout-meta.xml","ALTO","La asignación por perfil/Record Type no forma parte del XML del Layout; pendiente evidencia de asignación."
"Layout","WorkOrder","WorkOrder-RM Lider Taller","SI","NO","SI","Objeto dentro del bloque 7 y contenido con campos/dependencias relevantes","Sin referencia relevante verificable","CentroDeCosto__c, Garantia_vehiculo__c, Pricebook2Id, RecordType, garantia__c","SIN_ESTADO_PROPIO","Por determinar","No","Retrieve temporal Partial 2026-08-06: layouts/WorkOrder-RM Lider Taller.layout-meta.xml","ALTO","La asignación por perfil/Record Type no forma parte del XML del Layout; pendiente evidencia de asignación."
"Layout","WorkOrder","WorkOrder-RM Mecanico - RO","SI","NO","NO","","Variante operacional ajena a Empresa/Marca","CentroDeCosto__c, Pricebook2Id, RecordType","SIN_ESTADO_PROPIO","Por determinar","No","Retrieve temporal Partial 2026-08-06: layouts/WorkOrder-RM Mecanico - RO.layout-meta.xml","ALTO","La asignación por perfil/Record Type no forma parte del XML del Layout; pendiente evidencia de asignación."
"Layout","WorkOrder","WorkOrder-RM Mecanico","SI","NO","NO","","Variante operacional ajena a Empresa/Marca","CentroDeCosto__c, Pricebook2Id, RecordType","SIN_ESTADO_PROPIO","Por determinar","No","Retrieve temporal Partial 2026-08-06: layouts/WorkOrder-RM Mecanico.layout-meta.xml","ALTO","La asignación por perfil/Record Type no forma parte del XML del Layout; pendiente evidencia de asignación."
"Layout","WorkOrder","WorkOrder-Taller prototype Work Order Main","SI","NO","SI","Objeto dentro del bloque 7 y contenido con campos/dependencias relevantes","Sin referencia relevante verificable","CentroDeCosto__c, Garantia_vehiculo__c, Pricebook2Id, RecordType, garant_as__c, garantia__c","SIN_ESTADO_PROPIO","Por determinar","No","Retrieve temporal Partial 2026-08-06: layouts/WorkOrder-Taller prototype Work Order Main.layout-meta.xml","ALTO","La asignación por perfil/Record Type no forma parte del XML del Layout; pendiente evidencia de asignación."
"Layout","WorkOrder","WorkOrder-Work Order Admin","SI","NO","SI","Objeto dentro del bloque 7 y contenido con campos/dependencias relevantes","Sin referencia relevante verificable","CentroDeCosto__c, Garantia_vehiculo__c, Garantías, Marca__c, RecordType, garant_as__c, garantia__c","SIN_ESTADO_PROPIO","Por determinar","No","Retrieve temporal Partial 2026-08-06: layouts/WorkOrder-Work Order Admin.layout-meta.xml","ALTO","La asignación por perfil/Record Type no forma parte del XML del Layout; pendiente evidencia de asignación."
"Layout","WorkOrder","WorkOrder-Work Order Layout Copy","SI","NO","SI","Objeto dentro del bloque 7 y contenido con campos/dependencias relevantes","Sin referencia relevante verificable","CentroDeCosto__c, Pricebook2Id, RecordType, garant_as__c, garantia__c","SIN_ESTADO_PROPIO","Por determinar","No","Retrieve temporal Partial 2026-08-06: layouts/WorkOrder-Work Order Layout Copy.layout-meta.xml","ALTO","La asignación por perfil/Record Type no forma parte del XML del Layout; pendiente evidencia de asignación."
"Layout","WorkOrder","WorkOrder-Work Order Layout","SI","NO","SI","Objeto dentro del bloque 7 y contenido con campos/dependencias relevantes","Sin referencia relevante verificable","CentroDeCosto__c, Garantia_vehiculo__c, Garantías, Marca__c, RecordType, garant_as__c, garantia__c","SIN_ESTADO_PROPIO","Por determinar","No","Retrieve temporal Partial 2026-08-06: layouts/WorkOrder-Work Order Layout.layout-meta.xml","ALTO","La asignación por perfil/Record Type no forma parte del XML del Layout; pendiente evidencia de asignación."
"Layout","WorkOrder","WorkOrder-Work Order Main Sin Botones","SI","NO","SI","Objeto dentro del bloque 7 y contenido con campos/dependencias relevantes","Sin referencia relevante verificable","CentroDeCosto__c, Pricebook2Id, RecordType, garant_as__c, garantia__c","SIN_ESTADO_PROPIO","Por determinar","No","Retrieve temporal Partial 2026-08-06: layouts/WorkOrder-Work Order Main Sin Botones.layout-meta.xml","ALTO","La asignación por perfil/Record Type no forma parte del XML del Layout; pendiente evidencia de asignación."
"Layout","WorkOrder","WorkOrder-Work Order Main V1%2E1","SI","NO","SI","Objeto dentro del bloque 7 y contenido con campos/dependencias relevantes","Sin referencia relevante verificable","CentroDeCosto__c, Pricebook2Id, RecordType, garant_as__c, garantia__c","SIN_ESTADO_PROPIO","Por determinar","No","Retrieve temporal Partial 2026-08-06: layouts/WorkOrder-Work Order Main V1%2E1.layout-meta.xml","ALTO","La asignación por perfil/Record Type no forma parte del XML del Layout; pendiente evidencia de asignación."
"Layout","WorkOrder","WorkOrder-Work Order Main","SI","NO","SI","Objeto dentro del bloque 7 y contenido con campos/dependencias relevantes","Sin referencia relevante verificable","CentroDeCosto__c, Garantia_vehiculo__c, Pricebook2Id, RecordType, garant_as__c, garantia__c","SIN_ESTADO_PROPIO","Por determinar","No","Retrieve temporal Partial 2026-08-06: layouts/WorkOrder-Work Order Main.layout-meta.xml","ALTO","La asignación por perfil/Record Type no forma parte del XML del Layout; pendiente evidencia de asignación."
"FlexiPage","Opportunity","Opportunity_Record_Page","SI","NO","SI","Variante nominal solicitada; no se descarta sin conocer asignación","Exclusivo de usados confirmado por nombre","Sin referencia directa identificada","ACTIVA_COMO_METADATA","Por determinar","No","Retrieve temporal Partial 2026-08-06: flexipages/Opportunity_Record_Page.flexipage-meta.xml","ALTO","Asignación efectiva pendiente de consulta de activaciones; existencia no equivale a asignación."
"FlexiPage","Opportunity","Opportunity_Record_Page1","SI","NO","SI","Variante nominal solicitada; no se descarta sin conocer asignación","Exclusivo de usados confirmado por nombre","RecordType","ACTIVA_COMO_METADATA","Por determinar","No","Retrieve temporal Partial 2026-08-06: flexipages/Opportunity_Record_Page1.flexipage-meta.xml","ALTO","Asignación efectiva pendiente de consulta de activaciones; existencia no equivale a asignación."
"FlexiPage","Opportunity","Opportunity_Record_Page10","SI","NO","SI","Variante nominal solicitada; no se descarta sin conocer asignación","Exclusivo de usados confirmado por nombre","Sin referencia directa identificada","ACTIVA_COMO_METADATA","Por determinar","No","Retrieve temporal Partial 2026-08-06: flexipages/Opportunity_Record_Page10.flexipage-meta.xml","ALTO","Asignación efectiva pendiente de consulta de activaciones; existencia no equivale a asignación."
"FlexiPage","Opportunity","Opportunity_Record_Page11","SI","NO","SI","Variante nominal solicitada; no se descarta sin conocer asignación","Exclusivo de usados confirmado por nombre","Sin referencia directa identificada","ACTIVA_COMO_METADATA","Por determinar","No","Retrieve temporal Partial 2026-08-06: flexipages/Opportunity_Record_Page11.flexipage-meta.xml","ALTO","Asignación efectiva pendiente de consulta de activaciones; existencia no equivale a asignación."
"FlexiPage","Opportunity","Opportunity_Record_Page12","SI","NO","SI","Variante nominal solicitada; no se descarta sin conocer asignación","Exclusivo de usados confirmado por nombre","Sin referencia directa identificada","ACTIVA_COMO_METADATA","Por determinar","No","Retrieve temporal Partial 2026-08-06: flexipages/Opportunity_Record_Page12.flexipage-meta.xml","ALTO","Asignación efectiva pendiente de consulta de activaciones; existencia no equivale a asignación."
"FlexiPage","Opportunity","Opportunity_Record_Page2","SI","NO","SI","Variante nominal solicitada; no se descarta sin conocer asignación","Exclusivo de usados confirmado por nombre","Sin referencia directa identificada","ACTIVA_COMO_METADATA","Por determinar","No","Retrieve temporal Partial 2026-08-06: flexipages/Opportunity_Record_Page2.flexipage-meta.xml","ALTO","Asignación efectiva pendiente de consulta de activaciones; existencia no equivale a asignación."
"FlexiPage","Opportunity","Opportunity_Record_Page3","SI","NO","SI","Variante nominal solicitada; no se descarta sin conocer asignación","Exclusivo de usados confirmado por nombre","Sin referencia directa identificada","ACTIVA_COMO_METADATA","Por determinar","No","Retrieve temporal Partial 2026-08-06: flexipages/Opportunity_Record_Page3.flexipage-meta.xml","ALTO","Asignación efectiva pendiente de consulta de activaciones; existencia no equivale a asignación."
"FlexiPage","Opportunity","Opportunity_Record_Page4","SI","NO","SI","Variante nominal solicitada; no se descarta sin conocer asignación","Exclusivo de usados confirmado por nombre","Sin referencia directa identificada","ACTIVA_COMO_METADATA","Por determinar","No","Retrieve temporal Partial 2026-08-06: flexipages/Opportunity_Record_Page4.flexipage-meta.xml","ALTO","Asignación efectiva pendiente de consulta de activaciones; existencia no equivale a asignación."
"FlexiPage","Opportunity","Opportunity_Record_Page5","SI","NO","SI","Variante nominal solicitada; no se descarta sin conocer asignación","Exclusivo de usados confirmado por nombre","Sin referencia directa identificada","ACTIVA_COMO_METADATA","Por determinar","No","Retrieve temporal Partial 2026-08-06: flexipages/Opportunity_Record_Page5.flexipage-meta.xml","ALTO","Asignación efectiva pendiente de consulta de activaciones; existencia no equivale a asignación."
"FlexiPage","Opportunity","Opportunity_Record_Page6","SI","NO","SI","Variante nominal solicitada; no se descarta sin conocer asignación","Exclusivo de usados confirmado por nombre","Sin referencia directa identificada","ACTIVA_COMO_METADATA","Por determinar","No","Retrieve temporal Partial 2026-08-06: flexipages/Opportunity_Record_Page6.flexipage-meta.xml","ALTO","Asignación efectiva pendiente de consulta de activaciones; existencia no equivale a asignación."
"FlexiPage","Opportunity","Opportunity_Record_Page7","SI","NO","SI","Variante nominal solicitada; no se descarta sin conocer asignación","Exclusivo de usados confirmado por nombre","Sin referencia directa identificada","ACTIVA_COMO_METADATA","Por determinar","No","Retrieve temporal Partial 2026-08-06: flexipages/Opportunity_Record_Page7.flexipage-meta.xml","ALTO","Asignación efectiva pendiente de consulta de activaciones; existencia no equivale a asignación."
"FlexiPage","Opportunity","Opportunity_Record_Page8","SI","NO","SI","Variante nominal solicitada; no se descarta sin conocer asignación","Exclusivo de usados confirmado por nombre","Sin referencia directa identificada","ACTIVA_COMO_METADATA","Por determinar","No","Retrieve temporal Partial 2026-08-06: flexipages/Opportunity_Record_Page8.flexipage-meta.xml","ALTO","Asignación efectiva pendiente de consulta de activaciones; existencia no equivale a asignación."
"FlexiPage","Opportunity","Opportunity_Record_Page9","SI","NO","SI","Variante nominal solicitada; no se descarta sin conocer asignación","Exclusivo de usados confirmado por nombre","Sin referencia directa identificada","ACTIVA_COMO_METADATA","Por determinar","No","Retrieve temporal Partial 2026-08-06: flexipages/Opportunity_Record_Page9.flexipage-meta.xml","ALTO","Asignación efectiva pendiente de consulta de activaciones; existencia no equivale a asignación."
"FlexiPage","Opportunity","Opportunity_Record_Page_VN","SI","NO","SI","Variante nominal solicitada; no se descarta sin conocer asignación","Exclusivo de usados confirmado por nombre","Pricebook2Id, RecordType, RecordType.DeveloperName, RecordTypeId","ACTIVA_COMO_METADATA","Por determinar","No","Retrieve temporal Partial 2026-08-06: flexipages/Opportunity_Record_Page_VN.flexipage-meta.xml","ALTO","Asignación efectiva pendiente de consulta de activaciones; existencia no equivale a asignación."
"FlexiPage","Opportunity","Opportunity_Record_Page_VN_Agenda_Facturada","SI","NO","SI","Variante nominal solicitada; no se descarta sin conocer asignación","Exclusivo de usados confirmado por nombre","Pricebook2Id, RecordType, RecordType.DeveloperName, RecordTypeId","ACTIVA_COMO_METADATA","Por determinar","No","Retrieve temporal Partial 2026-08-06: flexipages/Opportunity_Record_Page_VN_Agenda_Facturada.flexipage-meta.xml","ALTO","Asignación efectiva pendiente de consulta de activaciones; existencia no equivale a asignación."
"FlexiPage","Opportunity","Opportunity_Record_Page_VU","SI","NO","NO","","Exclusivo de usados confirmado por nombre","Pricebook2Id, RecordType, RecordTypeId","ACTIVA_COMO_METADATA","No","Sí","Retrieve temporal Partial 2026-08-06: flexipages/Opportunity_Record_Page_VU.flexipage-meta.xml","ALTO","Asignación efectiva pendiente de consulta de activaciones; existencia no equivale a asignación."
"FlexiPage","Quote","Quote_Record_Page","SI","NO","SI","Variante nominal solicitada; no se descarta sin conocer asignación","Exclusivo de usados confirmado por nombre","Sin referencia directa identificada","ACTIVA_COMO_METADATA","Por determinar","No","Retrieve temporal Partial 2026-08-06: flexipages/Quote_Record_Page.flexipage-meta.xml","ALTO","Asignación efectiva pendiente de consulta de activaciones; existencia no equivale a asignación."
"FlexiPage","Quote","Quote_Record_Page1","SI","NO","SI","Variante nominal solicitada; no se descarta sin conocer asignación","Exclusivo de usados confirmado por nombre","RecordType","ACTIVA_COMO_METADATA","Por determinar","No","Retrieve temporal Partial 2026-08-06: flexipages/Quote_Record_Page1.flexipage-meta.xml","ALTO","Asignación efectiva pendiente de consulta de activaciones; existencia no equivale a asignación."
"FlexiPage","Quote","Quote_Record_Page2","SI","NO","SI","Variante nominal solicitada; no se descarta sin conocer asignación","Exclusivo de usados confirmado por nombre","RecordType","ACTIVA_COMO_METADATA","Por determinar","No","Retrieve temporal Partial 2026-08-06: flexipages/Quote_Record_Page2.flexipage-meta.xml","ALTO","Asignación efectiva pendiente de consulta de activaciones; existencia no equivale a asignación."
"FlexiPage","Quote","Quote_Record_Page3","SI","NO","SI","Variante nominal solicitada; no se descarta sin conocer asignación","Exclusivo de usados confirmado por nombre","Sin referencia directa identificada","ACTIVA_COMO_METADATA","Por determinar","No","Retrieve temporal Partial 2026-08-06: flexipages/Quote_Record_Page3.flexipage-meta.xml","ALTO","Asignación efectiva pendiente de consulta de activaciones; existencia no equivale a asignación."
"FlexiPage","Quote","Quote_Record_Page4","SI","NO","SI","Variante nominal solicitada; no se descarta sin conocer asignación","Exclusivo de usados confirmado por nombre","Sin referencia directa identificada","ACTIVA_COMO_METADATA","Por determinar","No","Retrieve temporal Partial 2026-08-06: flexipages/Quote_Record_Page4.flexipage-meta.xml","ALTO","Asignación efectiva pendiente de consulta de activaciones; existencia no equivale a asignación."
"FlexiPage","Quote","Quote_Record_Page5","SI","NO","SI","Variante nominal solicitada; no se descarta sin conocer asignación","Exclusivo de usados confirmado por nombre","Sin referencia directa identificada","ACTIVA_COMO_METADATA","Por determinar","No","Retrieve temporal Partial 2026-08-06: flexipages/Quote_Record_Page5.flexipage-meta.xml","ALTO","Asignación efectiva pendiente de consulta de activaciones; existencia no equivale a asignación."
"FlexiPage","Quote","Quote_Record_Page6","SI","NO","SI","Variante nominal solicitada; no se descarta sin conocer asignación","Exclusivo de usados confirmado por nombre","Sin referencia directa identificada","ACTIVA_COMO_METADATA","Por determinar","No","Retrieve temporal Partial 2026-08-06: flexipages/Quote_Record_Page6.flexipage-meta.xml","ALTO","Asignación efectiva pendiente de consulta de activaciones; existencia no equivale a asignación."
"FlexiPage","Quote","Quote_Record_Page_VN","SI","NO","SI","Variante nominal solicitada; no se descarta sin conocer asignación","Exclusivo de usados confirmado por nombre","RecordType","ACTIVA_COMO_METADATA","Por determinar","No","Retrieve temporal Partial 2026-08-06: flexipages/Quote_Record_Page_VN.flexipage-meta.xml","ALTO","Asignación efectiva pendiente de consulta de activaciones; existencia no equivale a asignación."
"FlexiPage","Quote","Quote_Record_Page_VU","SI","NO","NO","","Exclusivo de usados confirmado por nombre","Sin referencia directa identificada","ACTIVA_COMO_METADATA","No","Sí","Retrieve temporal Partial 2026-08-06: flexipages/Quote_Record_Page_VU.flexipage-meta.xml","ALTO","Asignación efectiva pendiente de consulta de activaciones; existencia no equivale a asignación."
"QuickAction","Global","Global.BMW_EnviarCorreoPresupuesto","SI","NO","SI","Acción nominal del bloque 7","","Referencia desde Layout/FlexiPage; contenido no recuperado en esta auditoría","SIN_ESTADO_PROPIO","Por determinar","No","Búsqueda de referencias XML en 62 Layouts y 25 FlexiPages, 2026-08-06","ALTO","Las cinco nominales no representan todas las acciones referenciadas; las adicionales se registran como universo, no como alcance autorizado."
"QuickAction","Global","Global.Enviar_correo_presupuesto_BETA","SI","NO","NO","","Acción adicional referenciada, fuera de las cinco nominales","Referencia desde Layout/FlexiPage; contenido no recuperado en esta auditoría","SIN_ESTADO_PROPIO","Por determinar","No","Búsqueda de referencias XML en 62 Layouts y 25 FlexiPages, 2026-08-06","ALTO","Las cinco nominales no representan todas las acciones referenciadas; las adicionales se registran como universo, no como alcance autorizado."
"QuickAction","Global","Global.NewEvent","SI","NO","NO","","Acción adicional referenciada, fuera de las cinco nominales","Referencia desde Layout/FlexiPage; contenido no recuperado en esta auditoría","SIN_ESTADO_PROPIO","Por determinar","No","Búsqueda de referencias XML en 62 Layouts y 25 FlexiPages, 2026-08-06","ALTO","Las cinco nominales no representan todas las acciones referenciadas; las adicionales se registran como universo, no como alcance autorizado."
"QuickAction","Global","Global.NewTask","SI","NO","NO","","Acción adicional referenciada, fuera de las cinco nominales","Referencia desde Layout/FlexiPage; contenido no recuperado en esta auditoría","SIN_ESTADO_PROPIO","Por determinar","No","Búsqueda de referencias XML en 62 Layouts y 25 FlexiPages, 2026-08-06","ALTO","Las cinco nominales no representan todas las acciones referenciadas; las adicionales se registran como universo, no como alcance autorizado."
"QuickAction","Opportunity","Opportunity.Agregar_vehiculo_aura","SI","NO","NO","","Acción adicional referenciada, fuera de las cinco nominales","Referencia desde Layout/FlexiPage; contenido no recuperado en esta auditoría","SIN_ESTADO_PROPIO","Por determinar","No","Búsqueda de referencias XML en 62 Layouts y 25 FlexiPages, 2026-08-06","ALTO","Las cinco nominales no representan todas las acciones referenciadas; las adicionales se registran como universo, no como alcance autorizado."
"QuickAction","Opportunity","Opportunity.Agregar_vehiculo_usado","SI","NO","NO","","Acción adicional referenciada, fuera de las cinco nominales","Referencia desde Layout/FlexiPage; contenido no recuperado en esta auditoría","SIN_ESTADO_PROPIO","No","Sí","Búsqueda de referencias XML en 62 Layouts y 25 FlexiPages, 2026-08-06","ALTO","Las cinco nominales no representan todas las acciones referenciadas; las adicionales se registran como universo, no como alcance autorizado."
"QuickAction","Opportunity","Opportunity.Aval_o_de_Veh_culo_dev","SI","NO","NO","","Acción adicional referenciada, fuera de las cinco nominales","Referencia desde Layout/FlexiPage; contenido no recuperado en esta auditoría","SIN_ESTADO_PROPIO","Por determinar","No","Búsqueda de referencias XML en 62 Layouts y 25 FlexiPages, 2026-08-06","ALTO","Las cinco nominales no representan todas las acciones referenciadas; las adicionales se registran como universo, no como alcance autorizado."
"QuickAction","Opportunity","Opportunity.Cambiar_Vehiculo","SI","NO","NO","","Acción adicional referenciada, fuera de las cinco nominales","Referencia desde Layout/FlexiPage; contenido no recuperado en esta auditoría","SIN_ESTADO_PROPIO","Por determinar","No","Búsqueda de referencias XML en 62 Layouts y 25 FlexiPages, 2026-08-06","ALTO","Las cinco nominales no representan todas las acciones referenciadas; las adicionales se registran como universo, no como alcance autorizado."
"QuickAction","Opportunity","Opportunity.Eliminar_Asset","SI","NO","NO","","Acción adicional referenciada, fuera de las cinco nominales","Referencia desde Layout/FlexiPage; contenido no recuperado en esta auditoría","SIN_ESTADO_PROPIO","Por determinar","No","Búsqueda de referencias XML en 62 Layouts y 25 FlexiPages, 2026-08-06","ALTO","Las cinco nominales no representan todas las acciones referenciadas; las adicionales se registran como universo, no como alcance autorizado."
"QuickAction","Opportunity","Opportunity.Eliminar_Reserva","SI","NO","NO","","Acción adicional referenciada, fuera de las cinco nominales","Referencia desde Layout/FlexiPage; contenido no recuperado en esta auditoría","SIN_ESTADO_PROPIO","Por determinar","No","Búsqueda de referencias XML en 62 Layouts y 25 FlexiPages, 2026-08-06","ALTO","Las cinco nominales no representan todas las acciones referenciadas; las adicionales se registran como universo, no como alcance autorizado."
"QuickAction","Opportunity","Opportunity.Eliminar_reserva_usados","SI","NO","NO","","Acción adicional referenciada, fuera de las cinco nominales","Referencia desde Layout/FlexiPage; contenido no recuperado en esta auditoría","SIN_ESTADO_PROPIO","No","Sí","Búsqueda de referencias XML en 62 Layouts y 25 FlexiPages, 2026-08-06","ALTO","Las cinco nominales no representan todas las acciones referenciadas; las adicionales se registran como universo, no como alcance autorizado."
"QuickAction","Opportunity","Opportunity.Enviar_Correo_Formalizaci_n_usado","SI","NO","NO","","Acción adicional referenciada, fuera de las cinco nominales","Referencia desde Layout/FlexiPage; contenido no recuperado en esta auditoría","SIN_ESTADO_PROPIO","No","Sí","Búsqueda de referencias XML en 62 Layouts y 25 FlexiPages, 2026-08-06","ALTO","Las cinco nominales no representan todas las acciones referenciadas; las adicionales se registran como universo, no como alcance autorizado."
"QuickAction","Opportunity","Opportunity.Enviar_formalizaci_n_legal_Beta","SI","NO","NO","","Acción adicional referenciada, fuera de las cinco nominales","Referencia desde Layout/FlexiPage; contenido no recuperado en esta auditoría","SIN_ESTADO_PROPIO","Por determinar","No","Búsqueda de referencias XML en 62 Layouts y 25 FlexiPages, 2026-08-06","ALTO","Las cinco nominales no representan todas las acciones referenciadas; las adicionales se registran como universo, no como alcance autorizado."
"QuickAction","Opportunity","Opportunity.Enviar_link_de_pago","SI","NO","NO","","Acción adicional referenciada, fuera de las cinco nominales","Referencia desde Layout/FlexiPage; contenido no recuperado en esta auditoría","SIN_ESTADO_PROPIO","Por determinar","No","Búsqueda de referencias XML en 62 Layouts y 25 FlexiPages, 2026-08-06","ALTO","Las cinco nominales no representan todas las acciones referenciadas; las adicionales se registran como universo, no como alcance autorizado."
"QuickAction","Opportunity","Opportunity.Enviar_solicitud_de_descuento_usados","SI","NO","NO","","Acción adicional referenciada, fuera de las cinco nominales","Referencia desde Layout/FlexiPage; contenido no recuperado en esta auditoría","SIN_ESTADO_PROPIO","No","Sí","Búsqueda de referencias XML en 62 Layouts y 25 FlexiPages, 2026-08-06","ALTO","Las cinco nominales no representan todas las acciones referenciadas; las adicionales se registran como universo, no como alcance autorizado."
"QuickAction","Opportunity","Opportunity.Marcar_Formalizaci_n_Legal_como_No_Enviada","SI","NO","NO","","Acción adicional referenciada, fuera de las cinco nominales","Referencia desde Layout/FlexiPage; contenido no recuperado en esta auditoría","SIN_ESTADO_PROPIO","Por determinar","No","Búsqueda de referencias XML en 62 Layouts y 25 FlexiPages, 2026-08-06","ALTO","Las cinco nominales no representan todas las acciones referenciadas; las adicionales se registran como universo, no como alcance autorizado."
"QuickAction","Opportunity","Opportunity.Marcar_Vehiculo_Entregado","SI","NO","NO","","Acción adicional referenciada, fuera de las cinco nominales","Referencia desde Layout/FlexiPage; contenido no recuperado en esta auditoría","SIN_ESTADO_PROPIO","Por determinar","No","Búsqueda de referencias XML en 62 Layouts y 25 FlexiPages, 2026-08-06","ALTO","Las cinco nominales no representan todas las acciones referenciadas; las adicionales se registran como universo, no como alcance autorizado."
"QuickAction","Opportunity","Opportunity.Plan_de_Cliente_Usados_save_PDF","SI","NO","NO","","Acción adicional referenciada, fuera de las cinco nominales","Referencia desde Layout/FlexiPage; contenido no recuperado en esta auditoría","SIN_ESTADO_PROPIO","No","Sí","Búsqueda de referencias XML en 62 Layouts y 25 FlexiPages, 2026-08-06","ALTO","Las cinco nominales no representan todas las acciones referenciadas; las adicionales se registran como universo, no como alcance autorizado."
"QuickAction","Opportunity","Opportunity.Plan_de_cliente_save_PDF","SI","NO","NO","","Acción adicional referenciada, fuera de las cinco nominales","Referencia desde Layout/FlexiPage; contenido no recuperado en esta auditoría","SIN_ESTADO_PROPIO","Por determinar","No","Búsqueda de referencias XML en 62 Layouts y 25 FlexiPages, 2026-08-06","ALTO","Las cinco nominales no representan todas las acciones referenciadas; las adicionales se registran como universo, no como alcance autorizado."
"QuickAction","Opportunity","Opportunity.Plan_de_negocio_Usados_visualizador","SI","NO","NO","","Acción adicional referenciada, fuera de las cinco nominales","Referencia desde Layout/FlexiPage; contenido no recuperado en esta auditoría","SIN_ESTADO_PROPIO","No","Sí","Búsqueda de referencias XML en 62 Layouts y 25 FlexiPages, 2026-08-06","ALTO","Las cinco nominales no representan todas las acciones referenciadas; las adicionales se registran como universo, no como alcance autorizado."
"QuickAction","Opportunity","Opportunity.Plan_de_negocio_motos_beta","SI","NO","NO","","Acción adicional referenciada, fuera de las cinco nominales","Referencia desde Layout/FlexiPage; contenido no recuperado en esta auditoría","SIN_ESTADO_PROPIO","Por determinar","No","Búsqueda de referencias XML en 62 Layouts y 25 FlexiPages, 2026-08-06","ALTO","Las cinco nominales no representan todas las acciones referenciadas; las adicionales se registran como universo, no como alcance autorizado."
"QuickAction","Opportunity","Opportunity.Plan_de_negocio_visualizador","SI","NO","NO","","Acción adicional referenciada, fuera de las cinco nominales","Referencia desde Layout/FlexiPage; contenido no recuperado en esta auditoría","SIN_ESTADO_PROPIO","Por determinar","No","Búsqueda de referencias XML en 62 Layouts y 25 FlexiPages, 2026-08-06","ALTO","Las cinco nominales no representan todas las acciones referenciadas; las adicionales se registran como universo, no como alcance autorizado."
"QuickAction","Opportunity","Opportunity.Plan_del_cliente_save_PDF","SI","NO","NO","","Acción adicional referenciada, fuera de las cinco nominales","Referencia desde Layout/FlexiPage; contenido no recuperado en esta auditoría","SIN_ESTADO_PROPIO","Por determinar","No","Búsqueda de referencias XML en 62 Layouts y 25 FlexiPages, 2026-08-06","ALTO","Las cinco nominales no representan todas las acciones referenciadas; las adicionales se registran como universo, no como alcance autorizado."
"QuickAction","Opportunity","Opportunity.Proforma_de_ventas_BETA","SI","NO","NO","","Acción adicional referenciada, fuera de las cinco nominales","Referencia desde Layout/FlexiPage; contenido no recuperado en esta auditoría","SIN_ESTADO_PROPIO","Por determinar","No","Búsqueda de referencias XML en 62 Layouts y 25 FlexiPages, 2026-08-06","ALTO","Las cinco nominales no representan todas las acciones referenciadas; las adicionales se registran como universo, no como alcance autorizado."
"QuickAction","Opportunity","Opportunity.Proforma_de_ventas_Usados","SI","NO","NO","","Acción adicional referenciada, fuera de las cinco nominales","Referencia desde Layout/FlexiPage; contenido no recuperado en esta auditoría","SIN_ESTADO_PROPIO","No","Sí","Búsqueda de referencias XML en 62 Layouts y 25 FlexiPages, 2026-08-06","ALTO","Las cinco nominales no representan todas las acciones referenciadas; las adicionales se registran como universo, no como alcance autorizado."
"QuickAction","Opportunity","Opportunity.Proforma_de_ventas_motos","SI","NO","NO","","Acción adicional referenciada, fuera de las cinco nominales","Referencia desde Layout/FlexiPage; contenido no recuperado en esta auditoría","SIN_ESTADO_PROPIO","Por determinar","No","Búsqueda de referencias XML en 62 Layouts y 25 FlexiPages, 2026-08-06","ALTO","Las cinco nominales no representan todas las acciones referenciadas; las adicionales se registran como universo, no como alcance autorizado."
"QuickAction","Opportunity","Opportunity.Proforma_de_ventas_motos_usados","SI","NO","NO","","Acción adicional referenciada, fuera de las cinco nominales","Referencia desde Layout/FlexiPage; contenido no recuperado en esta auditoría","SIN_ESTADO_PROPIO","No","Sí","Búsqueda de referencias XML en 62 Layouts y 25 FlexiPages, 2026-08-06","ALTO","Las cinco nominales no representan todas las acciones referenciadas; las adicionales se registran como universo, no como alcance autorizado."
"QuickAction","Opportunity","Opportunity.Proforma_de_ventas_save_PDF","SI","NO","NO","","Acción adicional referenciada, fuera de las cinco nominales","Referencia desde Layout/FlexiPage; contenido no recuperado en esta auditoría","SIN_ESTADO_PROPIO","Por determinar","No","Búsqueda de referencias XML en 62 Layouts y 25 FlexiPages, 2026-08-06","ALTO","Las cinco nominales no representan todas las acciones referenciadas; las adicionales se registran como universo, no como alcance autorizado."
"QuickAction","Opportunity","Opportunity.Recibo_de_Usados","SI","NO","NO","","Acción adicional referenciada, fuera de las cinco nominales","Referencia desde Layout/FlexiPage; contenido no recuperado en esta auditoría","SIN_ESTADO_PROPIO","No","Sí","Búsqueda de referencias XML en 62 Layouts y 25 FlexiPages, 2026-08-06","ALTO","Las cinco nominales no representan todas las acciones referenciadas; las adicionales se registran como universo, no como alcance autorizado."
"QuickAction","Opportunity","Opportunity.Reenviar_Encuesta","SI","NO","NO","","Acción adicional referenciada, fuera de las cinco nominales","Referencia desde Layout/FlexiPage; contenido no recuperado en esta auditoría","SIN_ESTADO_PROPIO","Por determinar","No","Búsqueda de referencias XML en 62 Layouts y 25 FlexiPages, 2026-08-06","ALTO","Las cinco nominales no representan todas las acciones referenciadas; las adicionales se registran como universo, no como alcance autorizado."
"QuickAction","Opportunity","Opportunity.Registrar_anticipo","SI","NO","NO","","Acción adicional referenciada, fuera de las cinco nominales","Referencia desde Layout/FlexiPage; contenido no recuperado en esta auditoría","SIN_ESTADO_PROPIO","Por determinar","No","Búsqueda de referencias XML en 62 Layouts y 25 FlexiPages, 2026-08-06","ALTO","Las cinco nominales no representan todas las acciones referenciadas; las adicionales se registran como universo, no como alcance autorizado."
"QuickAction","Opportunity","Opportunity.Registrar_anticipo_Usados","SI","NO","NO","","Acción adicional referenciada, fuera de las cinco nominales","Referencia desde Layout/FlexiPage; contenido no recuperado en esta auditoría","SIN_ESTADO_PROPIO","No","Sí","Búsqueda de referencias XML en 62 Layouts y 25 FlexiPages, 2026-08-06","ALTO","Las cinco nominales no representan todas las acciones referenciadas; las adicionales se registran como universo, no como alcance autorizado."
"QuickAction","Opportunity","Opportunity.Reservar","SI","NO","NO","","Acción adicional referenciada, fuera de las cinco nominales","Referencia desde Layout/FlexiPage; contenido no recuperado en esta auditoría","SIN_ESTADO_PROPIO","Por determinar","No","Búsqueda de referencias XML en 62 Layouts y 25 FlexiPages, 2026-08-06","ALTO","Las cinco nominales no representan todas las acciones referenciadas; las adicionales se registran como universo, no como alcance autorizado."
"QuickAction","Opportunity","Opportunity.Reservar_vehiculo_usados","SI","NO","NO","","Acción adicional referenciada, fuera de las cinco nominales","Referencia desde Layout/FlexiPage; contenido no recuperado en esta auditoría","SIN_ESTADO_PROPIO","No","Sí","Búsqueda de referencias XML en 62 Layouts y 25 FlexiPages, 2026-08-06","ALTO","Las cinco nominales no representan todas las acciones referenciadas; las adicionales se registran como universo, no como alcance autorizado."
"QuickAction","Opportunity","Opportunity.Solicitud_de_descuento_BETA","SI","NO","NO","","Acción adicional referenciada, fuera de las cinco nominales","Referencia desde Layout/FlexiPage; contenido no recuperado en esta auditoría","SIN_ESTADO_PROPIO","Por determinar","No","Búsqueda de referencias XML en 62 Layouts y 25 FlexiPages, 2026-08-06","ALTO","Las cinco nominales no representan todas las acciones referenciadas; las adicionales se registran como universo, no como alcance autorizado."
"QuickAction","Opportunity","Opportunity.VN_RQ106_Registrar_Ingreso_Anticipo","SI","NO","NO","","Acción adicional referenciada, fuera de las cinco nominales","Referencia desde Layout/FlexiPage; contenido no recuperado en esta auditoría","SIN_ESTADO_PROPIO","Por determinar","No","Búsqueda de referencias XML en 62 Layouts y 25 FlexiPages, 2026-08-06","ALTO","Las cinco nominales no representan todas las acciones referenciadas; las adicionales se registran como universo, no como alcance autorizado."
"QuickAction","Opportunity","Opportunity.VN_RQ106_Solicitudes_Anticipos","SI","NO","NO","","Acción adicional referenciada, fuera de las cinco nominales","Referencia desde Layout/FlexiPage; contenido no recuperado en esta auditoría","SIN_ESTADO_PROPIO","Por determinar","No","Búsqueda de referencias XML en 62 Layouts y 25 FlexiPages, 2026-08-06","ALTO","Las cinco nominales no representan todas las acciones referenciadas; las adicionales se registran como universo, no como alcance autorizado."
"QuickAction","Opportunity","Opportunity.Ver_inventario","SI","NO","NO","","Acción adicional referenciada, fuera de las cinco nominales","Referencia desde Layout/FlexiPage; contenido no recuperado en esta auditoría","SIN_ESTADO_PROPIO","Por determinar","No","Búsqueda de referencias XML en 62 Layouts y 25 FlexiPages, 2026-08-06","ALTO","Las cinco nominales no representan todas las acciones referenciadas; las adicionales se registran como universo, no como alcance autorizado."
"QuickAction","Opportunity","Opportunity.Visualizar_costeo_beta","SI","NO","NO","","Acción adicional referenciada, fuera de las cinco nominales","Referencia desde Layout/FlexiPage; contenido no recuperado en esta auditoría","SIN_ESTADO_PROPIO","Por determinar","No","Búsqueda de referencias XML en 62 Layouts y 25 FlexiPages, 2026-08-06","ALTO","Las cinco nominales no representan todas las acciones referenciadas; las adicionales se registran como universo, no como alcance autorizado."
"QuickAction","Quote","Quote.BMW_Duplicar_Partidas_de_Presupuesto","SI","NO","SI","Acción nominal del bloque 7","","Referencia desde Layout/FlexiPage; contenido no recuperado en esta auditoría","SIN_ESTADO_PROPIO","Por determinar","No","Búsqueda de referencias XML en 62 Layouts y 25 FlexiPages, 2026-08-06","ALTO","Las cinco nominales no representan todas las acciones referenciadas; las adicionales se registran como universo, no como alcance autorizado."
"QuickAction","Quote","Quote.BMW_ImportarPlantilla","SI","NO","SI","Acción nominal del bloque 7","","Referencia desde Layout/FlexiPage; contenido no recuperado en esta auditoría","SIN_ESTADO_PROPIO","Por determinar","No","Búsqueda de referencias XML en 62 Layouts y 25 FlexiPages, 2026-08-06","ALTO","Las cinco nominales no representan todas las acciones referenciadas; las adicionales se registran como universo, no como alcance autorizado."
"QuickAction","Quote","Quote.Cancelar_Plan_de_Venta","SI","NO","NO","","Acción adicional referenciada, fuera de las cinco nominales","Referencia desde Layout/FlexiPage; contenido no recuperado en esta auditoría","SIN_ESTADO_PROPIO","Por determinar","No","Búsqueda de referencias XML en 62 Layouts y 25 FlexiPages, 2026-08-06","ALTO","Las cinco nominales no representan todas las acciones referenciadas; las adicionales se registran como universo, no como alcance autorizado."
"QuickAction","Quote","Quote.Crear_OT_de_reserva_BETA","SI","NO","NO","","Acción adicional referenciada, fuera de las cinco nominales","Referencia desde Layout/FlexiPage; contenido no recuperado en esta auditoría","SIN_ESTADO_PROPIO","Por determinar","No","Búsqueda de referencias XML en 62 Layouts y 25 FlexiPages, 2026-08-06","ALTO","Las cinco nominales no representan todas las acciones referenciadas; las adicionales se registran como universo, no como alcance autorizado."
"QuickAction","Quote","Quote.Crear_plan_de_venta","SI","NO","NO","","Acción adicional referenciada, fuera de las cinco nominales","Referencia desde Layout/FlexiPage; contenido no recuperado en esta auditoría","SIN_ESTADO_PROPIO","Por determinar","No","Búsqueda de referencias XML en 62 Layouts y 25 FlexiPages, 2026-08-06","ALTO","Las cinco nominales no representan todas las acciones referenciadas; las adicionales se registran como universo, no como alcance autorizado."
"QuickAction","Quote","Quote.Crear_y_editar_articulos","SI","NO","NO","","Acción adicional referenciada, fuera de las cinco nominales","Referencia desde Layout/FlexiPage; contenido no recuperado en esta auditoría","SIN_ESTADO_PROPIO","Por determinar","No","Búsqueda de referencias XML en 62 Layouts y 25 FlexiPages, 2026-08-06","ALTO","Las cinco nominales no representan todas las acciones referenciadas; las adicionales se registran como universo, no como alcance autorizado."
"QuickAction","Quote","Quote.Duplicar","SI","NO","NO","","Acción adicional referenciada, fuera de las cinco nominales","Referencia desde Layout/FlexiPage; contenido no recuperado en esta auditoría","SIN_ESTADO_PROPIO","Por determinar","No","Búsqueda de referencias XML en 62 Layouts y 25 FlexiPages, 2026-08-06","ALTO","Las cinco nominales no representan todas las acciones referenciadas; las adicionales se registran como universo, no como alcance autorizado."
"QuickAction","Quote","Quote.EnviarPresupuestoOrdenTrabajo","SI","NO","NO","","Acción adicional referenciada, fuera de las cinco nominales","Referencia desde Layout/FlexiPage; contenido no recuperado en esta auditoría","SIN_ESTADO_PROPIO","Por determinar","No","Búsqueda de referencias XML en 62 Layouts y 25 FlexiPages, 2026-08-06","ALTO","Las cinco nominales no representan todas las acciones referenciadas; las adicionales se registran como universo, no como alcance autorizado."
"QuickAction","Quote","Quote.Mostrar_Disponibles","SI","NO","NO","","Acción adicional referenciada, fuera de las cinco nominales","Referencia desde Layout/FlexiPage; contenido no recuperado en esta auditoría","SIN_ESTADO_PROPIO","Por determinar","No","Búsqueda de referencias XML en 62 Layouts y 25 FlexiPages, 2026-08-06","ALTO","Las cinco nominales no representan todas las acciones referenciadas; las adicionales se registran como universo, no como alcance autorizado."
"QuickAction","WorkOrder","WorkOrder.BMW_CambiarMoneda","SI","NO","SI","Acción nominal del bloque 7","","Referencia desde Layout/FlexiPage; contenido no recuperado en esta auditoría","SIN_ESTADO_PROPIO","Por determinar","No","Búsqueda de referencias XML en 62 Layouts y 25 FlexiPages, 2026-08-06","ALTO","Las cinco nominales no representan todas las acciones referenciadas; las adicionales se registran como universo, no como alcance autorizado."
"QuickAction","WorkOrder","WorkOrder.BMW_ImportarPlantilla","SI","NO","SI","Acción nominal del bloque 7","","Referencia desde Layout/FlexiPage; contenido no recuperado en esta auditoría","SIN_ESTADO_PROPIO","Por determinar","No","Búsqueda de referencias XML en 62 Layouts y 25 FlexiPages, 2026-08-06","ALTO","Las cinco nominales no representan todas las acciones referenciadas; las adicionales se registran como universo, no como alcance autorizado."
"ValidationRule","Account","Account.Campo_Divocio_Obligatorio_Divorciado","SI","NO","NO","","Objeto fuera de Opportunity, Quote, WorkOrder y Product2","Sin coincidencia por objeto del bloque 9","INACTIVA","No","No","Tooling API lectura Partial 2026-08-06","ALTO","Las 383 reglas fueron registradas; 94 coinciden por objeto. Inactividad no equivale a eliminación del inventario."
"ValidationRule","Account","Account.Campo_Divocio_Obligatorio_Divorciado_leg","SI","NO","NO","","Objeto fuera de Opportunity, Quote, WorkOrder y Product2","Sin coincidencia por objeto del bloque 9","INACTIVA","No","No","Tooling API lectura Partial 2026-08-06","ALTO","Las 383 reglas fueron registradas; 94 coinciden por objeto. Inactividad no equivale a eliminación del inventario."
"ValidationRule","Account","Account.Campo_Matrimonio_Obligatorio_Casado","SI","NO","NO","","Objeto fuera de Opportunity, Quote, WorkOrder y Product2","Sin coincidencia por objeto del bloque 9","INACTIVA","No","No","Tooling API lectura Partial 2026-08-06","ALTO","Las 383 reglas fueron registradas; 94 coinciden por objeto. Inactividad no equivale a eliminación del inventario."
"ValidationRule","Account","Account.Campo_Matrimonio_Obligatorio_Casado_lega","SI","NO","NO","","Objeto fuera de Opportunity, Quote, WorkOrder y Product2","Sin coincidencia por objeto del bloque 9","INACTIVA","No","No","Tooling API lectura Partial 2026-08-06","ALTO","Las 383 reglas fueron registradas; 94 coinciden por objeto. Inactividad no equivale a eliminación del inventario."
"ValidationRule","Account","Account.First_Name_Required","SI","NO","NO","","Objeto fuera de Opportunity, Quote, WorkOrder y Product2","Sin coincidencia por objeto del bloque 9","INACTIVA","No","No","Tooling API lectura Partial 2026-08-06","ALTO","Las 383 reglas fueron registradas; 94 coinciden por objeto. Inactividad no equivale a eliminación del inventario."
"ValidationRule","Account","Account.FormatoCorreoPersonal","SI","NO","NO","","Objeto fuera de Opportunity, Quote, WorkOrder y Product2","Sin coincidencia por objeto del bloque 9","INACTIVA","No","No","Tooling API lectura Partial 2026-08-06","ALTO","Las 383 reglas fueron registradas; 94 coinciden por objeto. Inactividad no equivale a eliminación del inventario."
"ValidationRule","Account","Account.FormatoCorroElectronico","SI","NO","NO","","Objeto fuera de Opportunity, Quote, WorkOrder y Product2","Sin coincidencia por objeto del bloque 9","INACTIVA","No","No","Tooling API lectura Partial 2026-08-06","ALTO","Las 383 reglas fueron registradas; 94 coinciden por objeto. Inactividad no equivale a eliminación del inventario."
"ValidationRule","Account","Account.FormatoTelefono","SI","NO","NO","","Objeto fuera de Opportunity, Quote, WorkOrder y Product2","Sin coincidencia por objeto del bloque 9","INACTIVA","No","No","Tooling API lectura Partial 2026-08-06","ALTO","Las 383 reglas fueron registradas; 94 coinciden por objeto. Inactividad no equivale a eliminación del inventario."
"ValidationRule","Account","Account.Movil_altica_con_8_digitos_mumericos","SI","NO","NO","","Objeto fuera de Opportunity, Quote, WorkOrder y Product2","Sin coincidencia por objeto del bloque 9","INACTIVA","No","No","Tooling API lectura Partial 2026-08-06","ALTO","Las 383 reglas fueron registradas; 94 coinciden por objeto. Inactividad no equivale a eliminación del inventario."
"ValidationRule","Account","Account.NoCambiarCuentaBavarian","SI","NO","NO","","Objeto fuera de Opportunity, Quote, WorkOrder y Product2","Sin coincidencia por objeto del bloque 9","INACTIVA","No","No","Tooling API lectura Partial 2026-08-06","ALTO","Las 383 reglas fueron registradas; 94 coinciden por objeto. Inactividad no equivale a eliminación del inventario."
"ValidationRule","Account","Account.NoPuedeEditarCuentaNombreoCedula","SI","NO","NO","","Objeto fuera de Opportunity, Quote, WorkOrder y Product2","Sin coincidencia por objeto del bloque 9","ACTIVA","No","No","Tooling API lectura Partial 2026-08-06","ALTO","Las 383 reglas fueron registradas; 94 coinciden por objeto. Inactividad no equivale a eliminación del inventario."
"ValidationRule","Account","Account.RV10_Datos_demograficos","SI","NO","NO","","Objeto fuera de Opportunity, Quote, WorkOrder y Product2","Sin coincidencia por objeto del bloque 9","INACTIVA","No","No","Tooling API lectura Partial 2026-08-06","ALTO","Las 383 reglas fueron registradas; 94 coinciden por objeto. Inactividad no equivale a eliminación del inventario."
"ValidationRule","Account","Account.RV11_Datos_demograficos","SI","NO","NO","","Objeto fuera de Opportunity, Quote, WorkOrder y Product2","Sin coincidencia por objeto del bloque 9","INACTIVA","No","No","Tooling API lectura Partial 2026-08-06","ALTO","Las 383 reglas fueron registradas; 94 coinciden por objeto. Inactividad no equivale a eliminación del inventario."
"ValidationRule","Account","Account.RV12_Datos_demograficos","SI","NO","NO","","Objeto fuera de Opportunity, Quote, WorkOrder y Product2","Sin coincidencia por objeto del bloque 9","INACTIVA","No","No","Tooling API lectura Partial 2026-08-06","ALTO","Las 383 reglas fueron registradas; 94 coinciden por objeto. Inactividad no equivale a eliminación del inventario."
"ValidationRule","Account","Account.RV13_Datos_demograficos","SI","NO","NO","","Objeto fuera de Opportunity, Quote, WorkOrder y Product2","Sin coincidencia por objeto del bloque 9","INACTIVA","No","No","Tooling API lectura Partial 2026-08-06","ALTO","Las 383 reglas fueron registradas; 94 coinciden por objeto. Inactividad no equivale a eliminación del inventario."
"ValidationRule","Account","Account.RV18_Direccion","SI","NO","NO","","Objeto fuera de Opportunity, Quote, WorkOrder y Product2","Sin coincidencia por objeto del bloque 9","INACTIVA","No","No","Tooling API lectura Partial 2026-08-06","ALTO","Las 383 reglas fueron registradas; 94 coinciden por objeto. Inactividad no equivale a eliminación del inventario."
"ValidationRule","Account","Account.RV19_Direccion","SI","NO","NO","","Objeto fuera de Opportunity, Quote, WorkOrder y Product2","Sin coincidencia por objeto del bloque 9","INACTIVA","No","No","Tooling API lectura Partial 2026-08-06","ALTO","Las 383 reglas fueron registradas; 94 coinciden por objeto. Inactividad no equivale a eliminación del inventario."
"ValidationRule","Account","Account.RV20_Direccion","SI","NO","NO","","Objeto fuera de Opportunity, Quote, WorkOrder y Product2","Sin coincidencia por objeto del bloque 9","INACTIVA","No","No","Tooling API lectura Partial 2026-08-06","ALTO","Las 383 reglas fueron registradas; 94 coinciden por objeto. Inactividad no equivale a eliminación del inventario."
"ValidationRule","Account","Account.RV21_Direccion","SI","NO","NO","","Objeto fuera de Opportunity, Quote, WorkOrder y Product2","Sin coincidencia por objeto del bloque 9","INACTIVA","No","No","Tooling API lectura Partial 2026-08-06","ALTO","Las 383 reglas fueron registradas; 94 coinciden por objeto. Inactividad no equivale a eliminación del inventario."
"ValidationRule","Account","Account.RV22_Direccion","SI","NO","NO","","Objeto fuera de Opportunity, Quote, WorkOrder y Product2","Sin coincidencia por objeto del bloque 9","INACTIVA","No","No","Tooling API lectura Partial 2026-08-06","ALTO","Las 383 reglas fueron registradas; 94 coinciden por objeto. Inactividad no equivale a eliminación del inventario."
"ValidationRule","Account","Account.RV23_Direccion","SI","NO","NO","","Objeto fuera de Opportunity, Quote, WorkOrder y Product2","Sin coincidencia por objeto del bloque 9","INACTIVA","No","No","Tooling API lectura Partial 2026-08-06","ALTO","Las 383 reglas fueron registradas; 94 coinciden por objeto. Inactividad no equivale a eliminación del inventario."
"ValidationRule","Account","Account.RV27_Nombres","SI","NO","NO","","Objeto fuera de Opportunity, Quote, WorkOrder y Product2","Sin coincidencia por objeto del bloque 9","INACTIVA","No","No","Tooling API lectura Partial 2026-08-06","ALTO","Las 383 reglas fueron registradas; 94 coinciden por objeto. Inactividad no equivale a eliminación del inventario."
"ValidationRule","Account","Account.RV29_Nombres","SI","NO","NO","","Objeto fuera de Opportunity, Quote, WorkOrder y Product2","Sin coincidencia por objeto del bloque 9","INACTIVA","No","No","Tooling API lectura Partial 2026-08-06","ALTO","Las 383 reglas fueron registradas; 94 coinciden por objeto. Inactividad no equivale a eliminación del inventario."
"ValidationRule","Account","Account.RV2_Correos_Electronicos","SI","NO","NO","","Objeto fuera de Opportunity, Quote, WorkOrder y Product2","Sin coincidencia por objeto del bloque 9","INACTIVA","No","No","Tooling API lectura Partial 2026-08-06","ALTO","Las 383 reglas fueron registradas; 94 coinciden por objeto. Inactividad no equivale a eliminación del inventario."
"ValidationRule","Account","Account.RV30_Nombres","SI","NO","NO","","Objeto fuera de Opportunity, Quote, WorkOrder y Product2","Sin coincidencia por objeto del bloque 9","INACTIVA","No","No","Tooling API lectura Partial 2026-08-06","ALTO","Las 383 reglas fueron registradas; 94 coinciden por objeto. Inactividad no equivale a eliminación del inventario."
"ValidationRule","Account","Account.RV31_Nombres","SI","NO","NO","","Objeto fuera de Opportunity, Quote, WorkOrder y Product2","Sin coincidencia por objeto del bloque 9","INACTIVA","No","No","Tooling API lectura Partial 2026-08-06","ALTO","Las 383 reglas fueron registradas; 94 coinciden por objeto. Inactividad no equivale a eliminación del inventario."
"ValidationRule","Account","Account.RV32_Nombres","SI","NO","NO","","Objeto fuera de Opportunity, Quote, WorkOrder y Product2","Sin coincidencia por objeto del bloque 9","INACTIVA","No","No","Tooling API lectura Partial 2026-08-06","ALTO","Las 383 reglas fueron registradas; 94 coinciden por objeto. Inactividad no equivale a eliminación del inventario."
"ValidationRule","Account","Account.RV33_Nombres","SI","NO","NO","","Objeto fuera de Opportunity, Quote, WorkOrder y Product2","Sin coincidencia por objeto del bloque 9","INACTIVA","No","No","Tooling API lectura Partial 2026-08-06","ALTO","Las 383 reglas fueron registradas; 94 coinciden por objeto. Inactividad no equivale a eliminación del inventario."
"ValidationRule","Account","Account.RV34_Nombres","SI","NO","NO","","Objeto fuera de Opportunity, Quote, WorkOrder y Product2","Sin coincidencia por objeto del bloque 9","INACTIVA","No","No","Tooling API lectura Partial 2026-08-06","ALTO","Las 383 reglas fueron registradas; 94 coinciden por objeto. Inactividad no equivale a eliminación del inventario."
"ValidationRule","Account","Account.RV3_Correos_Electronicos","SI","NO","NO","","Objeto fuera de Opportunity, Quote, WorkOrder y Product2","Sin coincidencia por objeto del bloque 9","INACTIVA","No","No","Tooling API lectura Partial 2026-08-06","ALTO","Las 383 reglas fueron registradas; 94 coinciden por objeto. Inactividad no equivale a eliminación del inventario."
"ValidationRule","Account","Account.RV4_Correos_Electronicos","SI","NO","NO","","Objeto fuera de Opportunity, Quote, WorkOrder y Product2","Sin coincidencia por objeto del bloque 9","INACTIVA","No","No","Tooling API lectura Partial 2026-08-06","ALTO","Las 383 reglas fueron registradas; 94 coinciden por objeto. Inactividad no equivale a eliminación del inventario."
"ValidationRule","Account","Account.RV5_Correos_Electronicos","SI","NO","NO","","Objeto fuera de Opportunity, Quote, WorkOrder y Product2","Sin coincidencia por objeto del bloque 9","INACTIVA","No","No","Tooling API lectura Partial 2026-08-06","ALTO","Las 383 reglas fueron registradas; 94 coinciden por objeto. Inactividad no equivale a eliminación del inventario."
"ValidationRule","Account","Account.RV6_Correos_Electronicos","SI","NO","NO","","Objeto fuera de Opportunity, Quote, WorkOrder y Product2","Sin coincidencia por objeto del bloque 9","INACTIVA","No","No","Tooling API lectura Partial 2026-08-06","ALTO","Las 383 reglas fueron registradas; 94 coinciden por objeto. Inactividad no equivale a eliminación del inventario."
"ValidationRule","Account","Account.RV7_Correos_Electronicos","SI","NO","NO","","Objeto fuera de Opportunity, Quote, WorkOrder y Product2","Sin coincidencia por objeto del bloque 9","INACTIVA","No","No","Tooling API lectura Partial 2026-08-06","ALTO","Las 383 reglas fueron registradas; 94 coinciden por objeto. Inactividad no equivale a eliminación del inventario."
"ValidationRule","Account","Account.RV8_Correos_Electronicos","SI","NO","NO","","Objeto fuera de Opportunity, Quote, WorkOrder y Product2","Sin coincidencia por objeto del bloque 9","INACTIVA","No","No","Tooling API lectura Partial 2026-08-06","ALTO","Las 383 reglas fueron registradas; 94 coinciden por objeto. Inactividad no equivale a eliminación del inventario."
"ValidationRule","Account","Account.Telefono_Altica_con_8_digitos_numericos","SI","NO","NO","","Objeto fuera de Opportunity, Quote, WorkOrder y Product2","Sin coincidencia por objeto del bloque 9","INACTIVA","No","No","Tooling API lectura Partial 2026-08-06","ALTO","Las 383 reglas fueron registradas; 94 coinciden por objeto. Inactividad no equivale a eliminación del inventario."
"ValidationRule","Account","Account.ValidacionCorreoFacturacion","SI","NO","NO","","Objeto fuera de Opportunity, Quote, WorkOrder y Product2","Sin coincidencia por objeto del bloque 9","INACTIVA","No","No","Tooling API lectura Partial 2026-08-06","ALTO","Las 383 reglas fueron registradas; 94 coinciden por objeto. Inactividad no equivale a eliminación del inventario."
"ValidationRule","Account","Account.ValidacionTelefonoPersonal","SI","NO","NO","","Objeto fuera de Opportunity, Quote, WorkOrder y Product2","Sin coincidencia por objeto del bloque 9","INACTIVA","No","No","Tooling API lectura Partial 2026-08-06","ALTO","Las 383 reglas fueron registradas; 94 coinciden por objeto. Inactividad no equivale a eliminación del inventario."
"ValidationRule","Account","Account.Validacion_Formato_Celular","SI","NO","NO","","Objeto fuera de Opportunity, Quote, WorkOrder y Product2","Sin coincidencia por objeto del bloque 9","INACTIVA","No","No","Tooling API lectura Partial 2026-08-06","ALTO","Las 383 reglas fueron registradas; 94 coinciden por objeto. Inactividad no equivale a eliminación del inventario."
"ValidationRule","Account","Account.Validacion_Formato_Celular_Juridicio","SI","NO","NO","","Objeto fuera de Opportunity, Quote, WorkOrder y Product2","Sin coincidencia por objeto del bloque 9","INACTIVA","No","No","Tooling API lectura Partial 2026-08-06","ALTO","Las 383 reglas fueron registradas; 94 coinciden por objeto. Inactividad no equivale a eliminación del inventario."
"ValidationRule","Account","Account.Validacion_Formato_Telefono","SI","NO","NO","","Objeto fuera de Opportunity, Quote, WorkOrder y Product2","Sin coincidencia por objeto del bloque 9","INACTIVA","No","No","Tooling API lectura Partial 2026-08-06","ALTO","Las 383 reglas fueron registradas; 94 coinciden por objeto. Inactividad no equivale a eliminación del inventario."
"ValidationRule","Account","Account.Validacion_de_Cedula","SI","NO","NO","","Objeto fuera de Opportunity, Quote, WorkOrder y Product2","Sin coincidencia por objeto del bloque 9","INACTIVA","No","No","Tooling API lectura Partial 2026-08-06","ALTO","Las 383 reglas fueron registradas; 94 coinciden por objeto. Inactividad no equivale a eliminación del inventario."
"ValidationRule","Account","Account.Validacion_de_Cedula_juridica","SI","NO","NO","","Objeto fuera de Opportunity, Quote, WorkOrder y Product2","Sin coincidencia por objeto del bloque 9","INACTIVA","No","No","Tooling API lectura Partial 2026-08-06","ALTO","Las 383 reglas fueron registradas; 94 coinciden por objeto. Inactividad no equivale a eliminación del inventario."
"ValidationRule","Account","Account.Validacion_de_Numero","SI","NO","NO","","Objeto fuera de Opportunity, Quote, WorkOrder y Product2","Sin coincidencia por objeto del bloque 9","INACTIVA","No","No","Tooling API lectura Partial 2026-08-06","ALTO","Las 383 reglas fueron registradas; 94 coinciden por objeto. Inactividad no equivale a eliminación del inventario."
"ValidationRule","Account","Account.Validacion_de_Numero2","SI","NO","NO","","Objeto fuera de Opportunity, Quote, WorkOrder y Product2","Sin coincidencia por objeto del bloque 9","INACTIVA","No","No","Tooling API lectura Partial 2026-08-06","ALTO","Las 383 reglas fueron registradas; 94 coinciden por objeto. Inactividad no equivale a eliminación del inventario."
"ValidationRule","Account","Account.Validate_Account_Name","SI","NO","NO","","Objeto fuera de Opportunity, Quote, WorkOrder y Product2","Sin coincidencia por objeto del bloque 9","INACTIVA","No","No","Tooling API lectura Partial 2026-08-06","ALTO","Las 383 reglas fueron registradas; 94 coinciden por objeto. Inactividad no equivale a eliminación del inventario."
"ValidationRule","Account","Account.Validate_Identification","SI","NO","NO","","Objeto fuera de Opportunity, Quote, WorkOrder y Product2","Sin coincidencia por objeto del bloque 9","INACTIVA","No","No","Tooling API lectura Partial 2026-08-06","ALTO","Las 383 reglas fueron registradas; 94 coinciden por objeto. Inactividad no equivale a eliminación del inventario."
"ValidationRule","Account","Account.Validate_Mobile","SI","NO","NO","","Objeto fuera de Opportunity, Quote, WorkOrder y Product2","Sin coincidencia por objeto del bloque 9","INACTIVA","No","No","Tooling API lectura Partial 2026-08-06","ALTO","Las 383 reglas fueron registradas; 94 coinciden por objeto. Inactividad no equivale a eliminación del inventario."
"ValidationRule","Account","Account.Validate_Phone","SI","NO","NO","","Objeto fuera de Opportunity, Quote, WorkOrder y Product2","Sin coincidencia por objeto del bloque 9","INACTIVA","No","No","Tooling API lectura Partial 2026-08-06","ALTO","Las 383 reglas fueron registradas; 94 coinciden por objeto. Inactividad no equivale a eliminación del inventario."
"ValidationRule","Account","Account.tst_email_requerido","SI","NO","NO","","Objeto fuera de Opportunity, Quote, WorkOrder y Product2","Sin coincidencia por objeto del bloque 9","INACTIVA","No","No","Tooling API lectura Partial 2026-08-06","ALTO","Las 383 reglas fueron registradas; 94 coinciden por objeto. Inactividad no equivale a eliminación del inventario."
"ValidationRule","Anticipo__c","Anticipo__c.Estatus_No_Editable","SI","NO","NO","","Objeto fuera de Opportunity, Quote, WorkOrder y Product2","Sin coincidencia por objeto del bloque 9","INACTIVA","No","No","Tooling API lectura Partial 2026-08-06","ALTO","Las 383 reglas fueron registradas; 94 coinciden por objeto. Inactividad no equivale a eliminación del inventario."
"ValidationRule","Anticipo__c","Anticipo__c.Fields_Not_Editable","SI","NO","NO","","Objeto fuera de Opportunity, Quote, WorkOrder y Product2","Sin coincidencia por objeto del bloque 9","INACTIVA","No","No","Tooling API lectura Partial 2026-08-06","ALTO","Las 383 reglas fueron registradas; 94 coinciden por objeto. Inactividad no equivale a eliminación del inventario."
"ValidationRule","Anticipo__c","Anticipo__c.Oportunidad_No_Syncronizada","SI","NO","NO","","Objeto fuera de Opportunity, Quote, WorkOrder y Product2","Sin coincidencia por objeto del bloque 9","ACTIVA","No","No","Tooling API lectura Partial 2026-08-06","ALTO","Las 383 reglas fueron registradas; 94 coinciden por objeto. Inactividad no equivale a eliminación del inventario."
"ValidationRule","Anticipo__c","Anticipo__c.Producto_Requerido","SI","NO","NO","","Objeto fuera de Opportunity, Quote, WorkOrder y Product2","Sin coincidencia por objeto del bloque 9","INACTIVA","No","No","Tooling API lectura Partial 2026-08-06","ALTO","Las 383 reglas fueron registradas; 94 coinciden por objeto. Inactividad no equivale a eliminación del inventario."
"ValidationRule","Anticipo__c","Anticipo__c.Producto_Reservado","SI","NO","NO","","Objeto fuera de Opportunity, Quote, WorkOrder y Product2","Sin coincidencia por objeto del bloque 9","ACTIVA","No","No","Tooling API lectura Partial 2026-08-06","ALTO","Las 383 reglas fueron registradas; 94 coinciden por objeto. Inactividad no equivale a eliminación del inventario."
"ValidationRule","Anticipo__c","Anticipo__c.RM_ValidaMontoMinimoDiferenteMotosUsados","SI","NO","NO","","Objeto fuera de Opportunity, Quote, WorkOrder y Product2","Sin coincidencia por objeto del bloque 9","INACTIVA","No","No","Tooling API lectura Partial 2026-08-06","ALTO","Las 383 reglas fueron registradas; 94 coinciden por objeto. Inactividad no equivale a eliminación del inventario."
"ValidationRule","Anticipo__c","Anticipo__c.RM_ValidaMontoMinimoMotosUsados","SI","NO","NO","","Objeto fuera de Opportunity, Quote, WorkOrder y Product2","Sin coincidencia por objeto del bloque 9","INACTIVA","No","No","Tooling API lectura Partial 2026-08-06","ALTO","Las 383 reglas fueron registradas; 94 coinciden por objeto. Inactividad no equivale a eliminación del inventario."
"ValidationRule","Anticipo__c","Anticipo__c.Status_Update_Applied_Not_Allowed","SI","NO","NO","","Objeto fuera de Opportunity, Quote, WorkOrder y Product2","Sin coincidencia por objeto del bloque 9","INACTIVA","No","No","Tooling API lectura Partial 2026-08-06","ALTO","Las 383 reglas fueron registradas; 94 coinciden por objeto. Inactividad no equivale a eliminación del inventario."
"ValidationRule","Asset","Asset.KilometrajeNoMenorAAnterior","SI","NO","NO","","Objeto fuera de Opportunity, Quote, WorkOrder y Product2","Sin coincidencia por objeto del bloque 9","INACTIVA","No","No","Tooling API lectura Partial 2026-08-06","ALTO","Las 383 reglas fueron registradas; 94 coinciden por objeto. Inactividad no equivale a eliminación del inventario."
"ValidationRule","Asset","Asset.NoMasDe5NumerosIguales","SI","NO","NO","","Objeto fuera de Opportunity, Quote, WorkOrder y Product2","Sin coincidencia por objeto del bloque 9","INACTIVA","No","No","Tooling API lectura Partial 2026-08-06","ALTO","Las 383 reglas fueron registradas; 94 coinciden por objeto. Inactividad no equivale a eliminación del inventario."
"ValidationRule","Asset","Asset.Other_Marca","SI","NO","NO","","Objeto fuera de Opportunity, Quote, WorkOrder y Product2","Sin coincidencia por objeto del bloque 9","ACTIVA","No","No","Tooling API lectura Partial 2026-08-06","ALTO","Las 383 reglas fueron registradas; 94 coinciden por objeto. Inactividad no equivale a eliminación del inventario."
"ValidationRule","Asset","Asset.VINChasis_17caracteres","SI","NO","NO","","Objeto fuera de Opportunity, Quote, WorkOrder y Product2","Sin coincidencia por objeto del bloque 9","INACTIVA","No","No","Tooling API lectura Partial 2026-08-06","ALTO","Las 383 reglas fueron registradas; 94 coinciden por objeto. Inactividad no equivale a eliminación del inventario."
"ValidationRule","Asset","Asset.VINNoIniciaCon4Iguales","SI","NO","NO","","Objeto fuera de Opportunity, Quote, WorkOrder y Product2","Sin coincidencia por objeto del bloque 9","INACTIVA","No","No","Tooling API lectura Partial 2026-08-06","ALTO","Las 383 reglas fueron registradas; 94 coinciden por objeto. Inactividad no equivale a eliminación del inventario."
"ValidationRule","Asset","Asset.VIN_Solo_Letras_y_Numeros","SI","NO","NO","","Objeto fuera de Opportunity, Quote, WorkOrder y Product2","Sin coincidencia por objeto del bloque 9","ACTIVA","No","No","Tooling API lectura Partial 2026-08-06","ALTO","Las 383 reglas fueron registradas; 94 coinciden por objeto. Inactividad no equivale a eliminación del inventario."
"ValidationRule","Asset","Asset.VehiculoDebeTenerContacto","SI","NO","NO","","Objeto fuera de Opportunity, Quote, WorkOrder y Product2","Sin coincidencia por objeto del bloque 9","INACTIVA","No","No","Tooling API lectura Partial 2026-08-06","ALTO","Las 383 reglas fueron registradas; 94 coinciden por objeto. Inactividad no equivale a eliminación del inventario."
"ValidationRule","CMTD__EnhancedRelatedList__mdt","CMTD__EnhancedRelatedList__mdt.Colour_Populated_For_Badge","SI","NO","NO","","Objeto fuera de Opportunity, Quote, WorkOrder y Product2","Sin coincidencia por objeto del bloque 9","ACTIVA","No","No","Tooling API lectura Partial 2026-08-06","ALTO","Las 383 reglas fueron registradas; 94 coinciden por objeto. Inactividad no equivale a eliminación del inventario."
"ValidationRule","Case","Case.BMW_CasoCerrado","SI","NO","NO","","Objeto fuera de Opportunity, Quote, WorkOrder y Product2","Sin coincidencia por objeto del bloque 9","INACTIVA","No","No","Tooling API lectura Partial 2026-08-06","ALTO","Las 383 reglas fueron registradas; 94 coinciden por objeto. Inactividad no equivale a eliminación del inventario."
"ValidationRule","Case","Case.CambioAsignacionPruebaCarretera","SI","NO","NO","","Objeto fuera de Opportunity, Quote, WorkOrder y Product2","Sin coincidencia por objeto del bloque 9","ACTIVA","No","No","Tooling API lectura Partial 2026-08-06","ALTO","Las 383 reglas fueron registradas; 94 coinciden por objeto. Inactividad no equivale a eliminación del inventario."
"ValidationRule","Case","Case.CambioLavado","SI","NO","NO","","Objeto fuera de Opportunity, Quote, WorkOrder y Product2","Sin coincidencia por objeto del bloque 9","ACTIVA","No","No","Tooling API lectura Partial 2026-08-06","ALTO","Las 383 reglas fueron registradas; 94 coinciden por objeto. Inactividad no equivale a eliminación del inventario."
"ValidationRule","Case","Case.CambioListo","SI","NO","NO","","Objeto fuera de Opportunity, Quote, WorkOrder y Product2","Sin coincidencia por objeto del bloque 9","ACTIVA","No","No","Tooling API lectura Partial 2026-08-06","ALTO","Las 383 reglas fueron registradas; 94 coinciden por objeto. Inactividad no equivale a eliminación del inventario."
"ValidationRule","Case","Case.Etapa_Espera_Taller","SI","NO","NO","","Objeto fuera de Opportunity, Quote, WorkOrder y Product2","Sin coincidencia por objeto del bloque 9","ACTIVA","No","No","Tooling API lectura Partial 2026-08-06","ALTO","Las 383 reglas fueron registradas; 94 coinciden por objeto. Inactividad no equivale a eliminación del inventario."
"ValidationRule","Case","Case.Etapa_Lavado","SI","NO","NO","","Objeto fuera de Opportunity, Quote, WorkOrder y Product2","Sin coincidencia por objeto del bloque 9","INACTIVA","No","No","Tooling API lectura Partial 2026-08-06","ALTO","Las 383 reglas fueron registradas; 94 coinciden por objeto. Inactividad no equivale a eliminación del inventario."
"ValidationRule","Case","Case.Etapas_Presupuesto_Aprobacion_y_Listo","SI","NO","NO","","Objeto fuera de Opportunity, Quote, WorkOrder y Product2","Sin coincidencia por objeto del bloque 9","ACTIVA","No","No","Tooling API lectura Partial 2026-08-06","ALTO","Las 383 reglas fueron registradas; 94 coinciden por objeto. Inactividad no equivale a eliminación del inventario."
"ValidationRule","Case","Case.Etapas_Torre_y_Revision","SI","NO","NO","","Objeto fuera de Opportunity, Quote, WorkOrder y Product2","Sin coincidencia por objeto del bloque 9","ACTIVA","No","No","Tooling API lectura Partial 2026-08-06","ALTO","Las 383 reglas fueron registradas; 94 coinciden por objeto. Inactividad no equivale a eliminación del inventario."
"ValidationRule","Case","Case.Etapas_incrementables_Caso","SI","NO","NO","","Objeto fuera de Opportunity, Quote, WorkOrder y Product2","Sin coincidencia por objeto del bloque 9","ACTIVA","No","No","Tooling API lectura Partial 2026-08-06","ALTO","Las 383 reglas fueron registradas; 94 coinciden por objeto. Inactividad no equivale a eliminación del inventario."
"ValidationRule","Case","Case.Mecanico_No_Editable_Caso_Cerrado","SI","NO","NO","","Objeto fuera de Opportunity, Quote, WorkOrder y Product2","Sin coincidencia por objeto del bloque 9","ACTIVA","No","No","Tooling API lectura Partial 2026-08-06","ALTO","Las 383 reglas fueron registradas; 94 coinciden por objeto. Inactividad no equivale a eliminación del inventario."
"ValidationRule","Case","Case.NoPuedeIngresarPorcentajedeCarga","SI","NO","NO","","Objeto fuera de Opportunity, Quote, WorkOrder y Product2","Sin coincidencia por objeto del bloque 9","ACTIVA","No","No","Tooling API lectura Partial 2026-08-06","ALTO","Las 383 reglas fueron registradas; 94 coinciden por objeto. Inactividad no equivale a eliminación del inventario."
"ValidationRule","Case","Case.PorcentajeCargaIncorrecto","SI","NO","NO","","Objeto fuera de Opportunity, Quote, WorkOrder y Product2","Sin coincidencia por objeto del bloque 9","ACTIVA","No","No","Tooling API lectura Partial 2026-08-06","ALTO","Las 383 reglas fueron registradas; 94 coinciden por objeto. Inactividad no equivale a eliminación del inventario."
"ValidationRule","Case","Case.ValidaKilometrajeCasoConAsset","SI","NO","NO","","Objeto fuera de Opportunity, Quote, WorkOrder y Product2","Sin coincidencia por objeto del bloque 9","INACTIVA","No","No","Tooling API lectura Partial 2026-08-06","ALTO","Las 383 reglas fueron registradas; 94 coinciden por objeto. Inactividad no equivale a eliminación del inventario."
"ValidationRule","Case","Case.Validacion_Fecha_de_Resolucion","SI","NO","NO","","Objeto fuera de Opportunity, Quote, WorkOrder y Product2","Sin coincidencia por objeto del bloque 9","ACTIVA","No","No","Tooling API lectura Partial 2026-08-06","ALTO","Las 383 reglas fueron registradas; 94 coinciden por objeto. Inactividad no equivale a eliminación del inventario."
"ValidationRule","Case","Case.kilometraje_vacio_para_Admin","SI","NO","NO","","Objeto fuera de Opportunity, Quote, WorkOrder y Product2","Sin coincidencia por objeto del bloque 9","INACTIVA","No","No","Tooling API lectura Partial 2026-08-06","ALTO","Las 383 reglas fueron registradas; 94 coinciden por objeto. Inactividad no equivale a eliminación del inventario."
"ValidationRule","CodeBuilder__Workspace__c","CodeBuilder__Workspace__c.CannotChangeWorkspaceName","SI","NO","NO","","Objeto fuera de Opportunity, Quote, WorkOrder y Product2","Sin coincidencia por objeto del bloque 9","ACTIVA","No","No","Tooling API lectura Partial 2026-08-06","ALTO","Las 383 reglas fueron registradas; 94 coinciden por objeto. Inactividad no equivale a eliminación del inventario."
"ValidationRule","Contact","Contact.FormatoCorroElectronicoContacto","SI","NO","NO","","Objeto fuera de Opportunity, Quote, WorkOrder y Product2","Sin coincidencia por objeto del bloque 9","ACTIVA","No","No","Tooling API lectura Partial 2026-08-06","ALTO","Las 383 reglas fueron registradas; 94 coinciden por objeto. Inactividad no equivale a eliminación del inventario."
"ValidationRule","Contact","Contact.NoPuedeEditarContactoNombreoCedula","SI","NO","NO","","Objeto fuera de Opportunity, Quote, WorkOrder y Product2","Sin coincidencia por objeto del bloque 9","ACTIVA","No","No","Tooling API lectura Partial 2026-08-06","ALTO","Las 383 reglas fueron registradas; 94 coinciden por objeto. Inactividad no equivale a eliminación del inventario."
"ValidationRule","Contact","Contact.TelefonoFormatoCorrecto","SI","NO","NO","","Objeto fuera de Opportunity, Quote, WorkOrder y Product2","Sin coincidencia por objeto del bloque 9","INACTIVA","No","No","Tooling API lectura Partial 2026-08-06","ALTO","Las 383 reglas fueron registradas; 94 coinciden por objeto. Inactividad no equivale a eliminación del inventario."
"ValidationRule","Contact","Contact.Validacion_de_Cedula","SI","NO","NO","","Objeto fuera de Opportunity, Quote, WorkOrder y Product2","Sin coincidencia por objeto del bloque 9","ACTIVA","No","No","Tooling API lectura Partial 2026-08-06","ALTO","Las 383 reglas fueron registradas; 94 coinciden por objeto. Inactividad no equivale a eliminación del inventario."
"ValidationRule","Contact","Contact.Validacion_de_Cedula_juridica","SI","NO","NO","","Objeto fuera de Opportunity, Quote, WorkOrder y Product2","Sin coincidencia por objeto del bloque 9","ACTIVA","No","No","Tooling API lectura Partial 2026-08-06","ALTO","Las 383 reglas fueron registradas; 94 coinciden por objeto. Inactividad no equivale a eliminación del inventario."
"ValidationRule","Contact","Contact.Validate_Mobile","SI","NO","NO","","Objeto fuera de Opportunity, Quote, WorkOrder y Product2","Sin coincidencia por objeto del bloque 9","INACTIVA","No","No","Tooling API lectura Partial 2026-08-06","ALTO","Las 383 reglas fueron registradas; 94 coinciden por objeto. Inactividad no equivale a eliminación del inventario."
"ValidationRule","Contact","Contact.Validate_Phone","SI","NO","NO","","Objeto fuera de Opportunity, Quote, WorkOrder y Product2","Sin coincidencia por objeto del bloque 9","INACTIVA","No","No","Tooling API lectura Partial 2026-08-06","ALTO","Las 383 reglas fueron registradas; 94 coinciden por objeto. Inactividad no equivale a eliminación del inventario."
"ValidationRule","Correo__c","Correo__c.RV1_Correos_Electronicos","SI","NO","NO","","Objeto fuera de Opportunity, Quote, WorkOrder y Product2","Sin coincidencia por objeto del bloque 9","ACTIVA","No","No","Tooling API lectura Partial 2026-08-06","ALTO","Las 383 reglas fueron registradas; 94 coinciden por objeto. Inactividad no equivale a eliminación del inventario."
"ValidationRule","Correo__c","Correo__c.RV2_Correos_Electronicos","SI","NO","NO","","Objeto fuera de Opportunity, Quote, WorkOrder y Product2","Sin coincidencia por objeto del bloque 9","INACTIVA","No","No","Tooling API lectura Partial 2026-08-06","ALTO","Las 383 reglas fueron registradas; 94 coinciden por objeto. Inactividad no equivale a eliminación del inventario."
"ValidationRule","Correo__c","Correo__c.RV3_Correos_Electronicos","SI","NO","NO","","Objeto fuera de Opportunity, Quote, WorkOrder y Product2","Sin coincidencia por objeto del bloque 9","ACTIVA","No","No","Tooling API lectura Partial 2026-08-06","ALTO","Las 383 reglas fueron registradas; 94 coinciden por objeto. Inactividad no equivale a eliminación del inventario."
"ValidationRule","Correo__c","Correo__c.RV4_Correos_Electronicos","SI","NO","NO","","Objeto fuera de Opportunity, Quote, WorkOrder y Product2","Sin coincidencia por objeto del bloque 9","INACTIVA","No","No","Tooling API lectura Partial 2026-08-06","ALTO","Las 383 reglas fueron registradas; 94 coinciden por objeto. Inactividad no equivale a eliminación del inventario."
"ValidationRule","Correo__c","Correo__c.RV5_Correos_Electronicos","SI","NO","NO","","Objeto fuera de Opportunity, Quote, WorkOrder y Product2","Sin coincidencia por objeto del bloque 9","ACTIVA","No","No","Tooling API lectura Partial 2026-08-06","ALTO","Las 383 reglas fueron registradas; 94 coinciden por objeto. Inactividad no equivale a eliminación del inventario."
"ValidationRule","Correo__c","Correo__c.RV7_Correos_Electronicos","SI","NO","NO","","Objeto fuera de Opportunity, Quote, WorkOrder y Product2","Sin coincidencia por objeto del bloque 9","ACTIVA","No","No","Tooling API lectura Partial 2026-08-06","ALTO","Las 383 reglas fueron registradas; 94 coinciden por objeto. Inactividad no equivale a eliminación del inventario."
"ValidationRule","Correo__c","Correo__c.RV8_Correos_Electronicos","SI","NO","NO","","Objeto fuera de Opportunity, Quote, WorkOrder y Product2","Sin coincidencia por objeto del bloque 9","ACTIVA","No","No","Tooling API lectura Partial 2026-08-06","ALTO","Las 383 reglas fueron registradas; 94 coinciden por objeto. Inactividad no equivale a eliminación del inventario."
"ValidationRule","Direccion__c","Direccion__c.RV18_Direccion","SI","NO","NO","","Objeto fuera de Opportunity, Quote, WorkOrder y Product2","Sin coincidencia por objeto del bloque 9","ACTIVA","No","No","Tooling API lectura Partial 2026-08-06","ALTO","Las 383 reglas fueron registradas; 94 coinciden por objeto. Inactividad no equivale a eliminación del inventario."
"ValidationRule","Direccion__c","Direccion__c.RV19_Direccion","SI","NO","NO","","Objeto fuera de Opportunity, Quote, WorkOrder y Product2","Sin coincidencia por objeto del bloque 9","ACTIVA","No","No","Tooling API lectura Partial 2026-08-06","ALTO","Las 383 reglas fueron registradas; 94 coinciden por objeto. Inactividad no equivale a eliminación del inventario."
"ValidationRule","Direccion__c","Direccion__c.RV20_Direccion","SI","NO","NO","","Objeto fuera de Opportunity, Quote, WorkOrder y Product2","Sin coincidencia por objeto del bloque 9","INACTIVA","No","No","Tooling API lectura Partial 2026-08-06","ALTO","Las 383 reglas fueron registradas; 94 coinciden por objeto. Inactividad no equivale a eliminación del inventario."
"ValidationRule","Direccion__c","Direccion__c.RV21_Direccion","SI","NO","NO","","Objeto fuera de Opportunity, Quote, WorkOrder y Product2","Sin coincidencia por objeto del bloque 9","INACTIVA","No","No","Tooling API lectura Partial 2026-08-06","ALTO","Las 383 reglas fueron registradas; 94 coinciden por objeto. Inactividad no equivale a eliminación del inventario."
"ValidationRule","Direccion__c","Direccion__c.RV22_Direccion","SI","NO","NO","","Objeto fuera de Opportunity, Quote, WorkOrder y Product2","Sin coincidencia por objeto del bloque 9","INACTIVA","No","No","Tooling API lectura Partial 2026-08-06","ALTO","Las 383 reglas fueron registradas; 94 coinciden por objeto. Inactividad no equivale a eliminación del inventario."
"ValidationRule","Direccion__c","Direccion__c.RV23_Direccion","SI","NO","NO","","Objeto fuera de Opportunity, Quote, WorkOrder y Product2","Sin coincidencia por objeto del bloque 9","INACTIVA","No","No","Tooling API lectura Partial 2026-08-06","ALTO","Las 383 reglas fueron registradas; 94 coinciden por objeto. Inactividad no equivale a eliminación del inventario."
"ValidationRule","Event","Event.CalendarEvent","SI","NO","NO","","Objeto fuera de Opportunity, Quote, WorkOrder y Product2","Sin coincidencia por objeto del bloque 9","INACTIVA","No","No","Tooling API lectura Partial 2026-08-06","ALTO","Las 383 reglas fueron registradas; 94 coinciden por objeto. Inactividad no equivale a eliminación del inventario."
"ValidationRule","Event","Event.Is_Perfil_Observador_de_taller_y_ventas","SI","NO","NO","","Objeto fuera de Opportunity, Quote, WorkOrder y Product2","Sin coincidencia por objeto del bloque 9","ACTIVA","No","No","Tooling API lectura Partial 2026-08-06","ALTO","Las 383 reglas fueron registradas; 94 coinciden por objeto. Inactividad no equivale a eliminación del inventario."
"ValidationRule","Event","Event.Is_Perfil_Uruca","SI","NO","NO","","Objeto fuera de Opportunity, Quote, WorkOrder y Product2","Sin coincidencia por objeto del bloque 9","ACTIVA","No","No","Tooling API lectura Partial 2026-08-06","ALTO","Las 383 reglas fueron registradas; 94 coinciden por objeto. Inactividad no equivale a eliminación del inventario."
"ValidationRule","Event","Event.KilometrajeNoMenorAldelAsset","SI","NO","NO","","Objeto fuera de Opportunity, Quote, WorkOrder y Product2","Sin coincidencia por objeto del bloque 9","INACTIVA","No","No","Tooling API lectura Partial 2026-08-06","ALTO","Las 383 reglas fueron registradas; 94 coinciden por objeto. Inactividad no equivale a eliminación del inventario."
"ValidationRule","Event","Event.NO_MODIFICAR_CITAS","SI","NO","NO","","Objeto fuera de Opportunity, Quote, WorkOrder y Product2","Sin coincidencia por objeto del bloque 9","ACTIVA","No","No","Tooling API lectura Partial 2026-08-06","ALTO","Las 383 reglas fueron registradas; 94 coinciden por objeto. Inactividad no equivale a eliminación del inventario."
"ValidationRule","Event","Event.NoSePuedeCambiarUnCalenadarioPorAsesor","SI","NO","NO","","Objeto fuera de Opportunity, Quote, WorkOrder y Product2","Sin coincidencia por objeto del bloque 9","ACTIVA","No","No","Tooling API lectura Partial 2026-08-06","ALTO","Las 383 reglas fueron registradas; 94 coinciden por objeto. Inactividad no equivale a eliminación del inventario."
"ValidationRule","Event","Event.Prevent_Past_Events","SI","NO","NO","","Objeto fuera de Opportunity, Quote, WorkOrder y Product2","Sin coincidencia por objeto del bloque 9","INACTIVA","No","No","Tooling API lectura Partial 2026-08-06","ALTO","Las 383 reglas fueron registradas; 94 coinciden por objeto. Inactividad no equivale a eliminación del inventario."
"ValidationRule","Event","Event.Restrict_OrigenEvento_Change","SI","NO","NO","","Objeto fuera de Opportunity, Quote, WorkOrder y Product2","Sin coincidencia por objeto del bloque 9","ACTIVA","No","No","Tooling API lectura Partial 2026-08-06","ALTO","Las 383 reglas fueron registradas; 94 coinciden por objeto. Inactividad no equivale a eliminación del inventario."
"ValidationRule","Event","Event.Solo_asesor_crea_tiempo_no_productivo","SI","NO","NO","","Objeto fuera de Opportunity, Quote, WorkOrder y Product2","Sin coincidencia por objeto del bloque 9","ACTIVA","No","No","Tooling API lectura Partial 2026-08-06","ALTO","Las 383 reglas fueron registradas; 94 coinciden por objeto. Inactividad no equivale a eliminación del inventario."
"ValidationRule","Event","Event.tipos_de_cargo","SI","NO","NO","","Objeto fuera de Opportunity, Quote, WorkOrder y Product2","Sin coincidencia por objeto del bloque 9","INACTIVA","No","No","Tooling API lectura Partial 2026-08-06","ALTO","Las 383 reglas fueron registradas; 94 coinciden por objeto. Inactividad no equivale a eliminación del inventario."
"ValidationRule","FSL__GanttPalette__c","FSL__GanttPalette__c.Color_Level_validation","SI","NO","NO","","Objeto fuera de Opportunity, Quote, WorkOrder y Product2","Sin coincidencia por objeto del bloque 9","ACTIVA","No","No","Tooling API lectura Partial 2026-08-06","ALTO","Las 383 reglas fueron registradas; 94 coinciden por objeto. Inactividad no equivale a eliminación del inventario."
"ValidationRule","FSL__Polygon__c","FSL__Polygon__c.Polygon_Color_HEX_Format","SI","NO","NO","","Objeto fuera de Opportunity, Quote, WorkOrder y Product2","Sin coincidencia por objeto del bloque 9","ACTIVA","No","No","Tooling API lectura Partial 2026-08-06","ALTO","Las 383 reglas fueron registradas; 94 coinciden por objeto. Inactividad no equivale a eliminación del inventario."
"ValidationRule","FSL__Scheduling_Policy_Goal__c","FSL__Scheduling_Policy_Goal__c.Not_Zero","SI","NO","NO","","Objeto fuera de Opportunity, Quote, WorkOrder y Product2","Sin coincidencia por objeto del bloque 9","ACTIVA","No","No","Tooling API lectura Partial 2026-08-06","ALTO","Las 383 reglas fueron registradas; 94 coinciden por objeto. Inactividad no equivale a eliminación del inventario."
"ValidationRule","FSL__Scheduling_Policy__c","FSL__Scheduling_Policy__c.Deny_Objectives_Negative_Weight","SI","NO","NO","","Objeto fuera de Opportunity, Quote, WorkOrder y Product2","Sin coincidencia por objeto del bloque 9","ACTIVA","No","No","Tooling API lectura Partial 2026-08-06","ALTO","Las 383 reglas fueron registradas; 94 coinciden por objeto. Inactividad no equivale a eliminación del inventario."
"ValidationRule","FSL__Service_Goal__c","FSL__Service_Goal__c.Resource_Priority_Not_Null","SI","NO","NO","","Objeto fuera de Opportunity, Quote, WorkOrder y Product2","Sin coincidencia por objeto del bloque 9","ACTIVA","No","No","Tooling API lectura Partial 2026-08-06","ALTO","Las 383 reglas fueron registradas; 94 coinciden por objeto. Inactividad no equivale a eliminación del inventario."
"ValidationRule","FSL__Time_Dependency__c","FSL__Time_Dependency__c.Dependency_Is_Required","SI","NO","NO","","Objeto fuera de Opportunity, Quote, WorkOrder y Product2","Sin coincidencia por objeto del bloque 9","ACTIVA","No","No","Tooling API lectura Partial 2026-08-06","ALTO","Las 383 reglas fueron registradas; 94 coinciden por objeto. Inactividad no equivale a eliminación del inventario."
"ValidationRule","FSL__Time_Dependency__c","FSL__Time_Dependency__c.Root_Is_Required","SI","NO","NO","","Objeto fuera de Opportunity, Quote, WorkOrder y Product2","Sin coincidencia por objeto del bloque 9","ACTIVA","No","No","Tooling API lectura Partial 2026-08-06","ALTO","Las 383 reglas fueron registradas; 94 coinciden por objeto. Inactividad no equivale a eliminación del inventario."
"ValidationRule","FSL__Time_Dependency__c","FSL__Time_Dependency__c.Same_Resource_Required","SI","NO","NO","","Objeto fuera de Opportunity, Quote, WorkOrder y Product2","Sin coincidencia por objeto del bloque 9","ACTIVA","No","No","Tooling API lectura Partial 2026-08-06","ALTO","Las 383 reglas fueron registradas; 94 coinciden por objeto. Inactividad no equivale a eliminación del inventario."
"ValidationRule","FSL__Time_Dependency__c","FSL__Time_Dependency__c.Service_Appointment_2_Is_Required","SI","NO","NO","","Objeto fuera de Opportunity, Quote, WorkOrder y Product2","Sin coincidencia por objeto del bloque 9","ACTIVA","No","No","Tooling API lectura Partial 2026-08-06","ALTO","Las 383 reglas fueron registradas; 94 coinciden por objeto. Inactividad no equivale a eliminación del inventario."
"ValidationRule","FSL__Time_Dependency__c","FSL__Time_Dependency__c.Service_Appointment_2_Not_Changed","SI","NO","NO","","Objeto fuera de Opportunity, Quote, WorkOrder y Product2","Sin coincidencia por objeto del bloque 9","ACTIVA","No","No","Tooling API lectura Partial 2026-08-06","ALTO","Las 383 reglas fueron registradas; 94 coinciden por objeto. Inactividad no equivale a eliminación del inventario."
"ValidationRule","FSL__Work_Rule__c","FSL__Work_Rule__c.Check_time_rule","SI","NO","NO","","Objeto fuera de Opportunity, Quote, WorkOrder y Product2","Sin coincidencia por objeto del bloque 9","ACTIVA","No","No","Tooling API lectura Partial 2026-08-06","ALTO","Las 383 reglas fueron registradas; 94 coinciden por objeto. Inactividad no equivale a eliminación del inventario."
"ValidationRule","FSL__Work_Rule__c","FSL__Work_Rule__c.Greater_than_zero","SI","NO","NO","","Objeto fuera de Opportunity, Quote, WorkOrder y Product2","Sin coincidencia por objeto del bloque 9","ACTIVA","No","No","Tooling API lectura Partial 2026-08-06","ALTO","Las 383 reglas fueron registradas; 94 coinciden por objeto. Inactividad no equivale a eliminación del inventario."
"ValidationRule","FSL__Work_Rule__c","FSL__Work_Rule__c.Maximum_Travel_Must_Be_Positive","SI","NO","NO","","Objeto fuera de Opportunity, Quote, WorkOrder y Product2","Sin coincidencia por objeto del bloque 9","ACTIVA","No","No","Tooling API lectura Partial 2026-08-06","ALTO","Las 383 reglas fueron registradas; 94 coinciden por objeto. Inactividad no equivale a eliminación del inventario."
"ValidationRule","FSL__Work_Rule__c","FSL__Work_Rule__c.Minimum_Gap_Positive","SI","NO","NO","","Objeto fuera de Opportunity, Quote, WorkOrder y Product2","Sin coincidencia por objeto del bloque 9","ACTIVA","No","No","Tooling API lectura Partial 2026-08-06","ALTO","Las 383 reglas fueron registradas; 94 coinciden por objeto. Inactividad no equivale a eliminación del inventario."
"ValidationRule","FSL__Work_Rule__c","FSL__Work_Rule__c.Start_Of_Day_Time_Format","SI","NO","NO","","Objeto fuera de Opportunity, Quote, WorkOrder y Product2","Sin coincidencia por objeto del bloque 9","ACTIVA","No","No","Tooling API lectura Partial 2026-08-06","ALTO","Las 383 reglas fueron registradas; 94 coinciden por objeto. Inactividad no equivale a eliminación del inventario."
"ValidationRule","FSL__Work_Rule__c","FSL__Work_Rule__c.Time_Format","SI","NO","NO","","Objeto fuera de Opportunity, Quote, WorkOrder y Product2","Sin coincidencia por objeto del bloque 9","ACTIVA","No","No","Tooling API lectura Partial 2026-08-06","ALTO","Las 383 reglas fueron registradas; 94 coinciden por objeto. Inactividad no equivale a eliminación del inventario."
"ValidationRule","Gesti_n_ltica__c","Gesti_n_ltica__c.Estado_no_Cambia_de_Cancelado_Cerrado","SI","NO","NO","","Objeto fuera de Opportunity, Quote, WorkOrder y Product2","Sin coincidencia por objeto del bloque 9","ACTIVA","No","No","Tooling API lectura Partial 2026-08-06","ALTO","Las 383 reglas fueron registradas; 94 coinciden por objeto. Inactividad no equivale a eliminación del inventario."
"ValidationRule","Gesti_n_ltica__c","Gesti_n_ltica__c.Estado_no_Cambia_de_Cerrada","SI","NO","NO","","Objeto fuera de Opportunity, Quote, WorkOrder y Product2","Sin coincidencia por objeto del bloque 9","INACTIVA","No","No","Tooling API lectura Partial 2026-08-06","ALTO","Las 383 reglas fueron registradas; 94 coinciden por objeto. Inactividad no equivale a eliminación del inventario."
"ValidationRule","Hora_global__c","Hora_global__c.Rangos_Motos","SI","NO","NO","","Objeto fuera de Opportunity, Quote, WorkOrder y Product2","Sin coincidencia por objeto del bloque 9","ACTIVA","No","No","Tooling API lectura Partial 2026-08-06","ALTO","Las 383 reglas fueron registradas; 94 coinciden por objeto. Inactividad no equivale a eliminación del inventario."
"ValidationRule","Hora_global__c","Hora_global__c.Tiempo_Obligatorio","SI","NO","NO","","Objeto fuera de Opportunity, Quote, WorkOrder y Product2","Sin coincidencia por objeto del bloque 9","ACTIVA","No","No","Tooling API lectura Partial 2026-08-06","ALTO","Las 383 reglas fueron registradas; 94 coinciden por objeto. Inactividad no equivale a eliminación del inventario."
"ValidationRule","Hora_global__c","Hora_global__c.multiplos_de_30","SI","NO","NO","","Objeto fuera de Opportunity, Quote, WorkOrder y Product2","Sin coincidencia por objeto del bloque 9","ACTIVA","No","No","Tooling API lectura Partial 2026-08-06","ALTO","Las 383 reglas fueron registradas; 94 coinciden por objeto. Inactividad no equivale a eliminación del inventario."
"ValidationRule","Horas_improductivas_por_mec_nico__c","Horas_improductivas_por_mec_nico__c.FechaInicioMenorQue","SI","NO","NO","","Objeto fuera de Opportunity, Quote, WorkOrder y Product2","Sin coincidencia por objeto del bloque 9","INACTIVA","No","No","Tooling API lectura Partial 2026-08-06","ALTO","Las 383 reglas fueron registradas; 94 coinciden por objeto. Inactividad no equivale a eliminación del inventario."
"ValidationRule","Horas_improductivas_por_mec_nico__c","Horas_improductivas_por_mec_nico__c.HoraMayorQue","SI","NO","NO","","Objeto fuera de Opportunity, Quote, WorkOrder y Product2","Sin coincidencia por objeto del bloque 9","INACTIVA","No","No","Tooling API lectura Partial 2026-08-06","ALTO","Las 383 reglas fueron registradas; 94 coinciden por objeto. Inactividad no equivale a eliminación del inventario."
"ValidationRule","Horas_improductivas_por_mec_nico__c","Horas_improductivas_por_mec_nico__c.StartTime_Greater_Than_EndTime","SI","NO","NO","","Objeto fuera de Opportunity, Quote, WorkOrder y Product2","Sin coincidencia por objeto del bloque 9","ACTIVA","No","No","Tooling API lectura Partial 2026-08-06","ALTO","Las 383 reglas fueron registradas; 94 coinciden por objeto. Inactividad no equivale a eliminación del inventario."
"ValidationRule","Identificacion__c","Identificacion__c.Val_35_CedulaFisica_SoloNumeros","SI","NO","NO","","Objeto fuera de Opportunity, Quote, WorkOrder y Product2","Sin coincidencia por objeto del bloque 9","ACTIVA","No","No","Tooling API lectura Partial 2026-08-06","ALTO","Las 383 reglas fueron registradas; 94 coinciden por objeto. Inactividad no equivale a eliminación del inventario."
"ValidationRule","Identificacion__c","Identificacion__c.Val_36_CedulaJuridica_SoloNumeros","SI","NO","NO","","Objeto fuera de Opportunity, Quote, WorkOrder y Product2","Sin coincidencia por objeto del bloque 9","ACTIVA","No","No","Tooling API lectura Partial 2026-08-06","ALTO","Las 383 reglas fueron registradas; 94 coinciden por objeto. Inactividad no equivale a eliminación del inventario."
"ValidationRule","Identificacion__c","Identificacion__c.Val_37_NITE_SoloNumerosYLetras","SI","NO","NO","","Objeto fuera de Opportunity, Quote, WorkOrder y Product2","Sin coincidencia por objeto del bloque 9","ACTIVA","No","No","Tooling API lectura Partial 2026-08-06","ALTO","Las 383 reglas fueron registradas; 94 coinciden por objeto. Inactividad no equivale a eliminación del inventario."
"ValidationRule","Identificacion__c","Identificacion__c.Val_38_NITE_LargoCaracteres","SI","NO","NO","","Objeto fuera de Opportunity, Quote, WorkOrder y Product2","Sin coincidencia por objeto del bloque 9","ACTIVA","No","No","Tooling API lectura Partial 2026-08-06","ALTO","Las 383 reglas fueron registradas; 94 coinciden por objeto. Inactividad no equivale a eliminación del inventario."
"ValidationRule","Identificacion__c","Identificacion__c.Val_39_DIMEX_SoloNumeros","SI","NO","NO","","Objeto fuera de Opportunity, Quote, WorkOrder y Product2","Sin coincidencia por objeto del bloque 9","ACTIVA","No","No","Tooling API lectura Partial 2026-08-06","ALTO","Las 383 reglas fueron registradas; 94 coinciden por objeto. Inactividad no equivale a eliminación del inventario."
"ValidationRule","Identificacion__c","Identificacion__c.Val_40_CedulaFisica_LargoIncorrecto","SI","NO","NO","","Objeto fuera de Opportunity, Quote, WorkOrder y Product2","Sin coincidencia por objeto del bloque 9","ACTIVA","No","No","Tooling API lectura Partial 2026-08-06","ALTO","Las 383 reglas fueron registradas; 94 coinciden por objeto. Inactividad no equivale a eliminación del inventario."
"ValidationRule","Identificacion__c","Identificacion__c.Val_41_CedulaJuridica_LargoIncorrecto","SI","NO","NO","","Objeto fuera de Opportunity, Quote, WorkOrder y Product2","Sin coincidencia por objeto del bloque 9","ACTIVA","No","No","Tooling API lectura Partial 2026-08-06","ALTO","Las 383 reglas fueron registradas; 94 coinciden por objeto. Inactividad no equivale a eliminación del inventario."
"ValidationRule","Identificacion__c","Identificacion__c.Val_42_Pasaporte_SoloNumerosYLetras","SI","NO","NO","","Objeto fuera de Opportunity, Quote, WorkOrder y Product2","Sin coincidencia por objeto del bloque 9","ACTIVA","No","No","Tooling API lectura Partial 2026-08-06","ALTO","Las 383 reglas fueron registradas; 94 coinciden por objeto. Inactividad no equivale a eliminación del inventario."
"ValidationRule","Lead","Lead.Bloquear_Cambio_Owner_Perfiles_Online","SI","NO","NO","","Objeto fuera de Opportunity, Quote, WorkOrder y Product2","Sin coincidencia por objeto del bloque 9","ACTIVA","No","No","Tooling API lectura Partial 2026-08-06","ALTO","Las 383 reglas fueron registradas; 94 coinciden por objeto. Inactividad no equivale a eliminación del inventario."
"ValidationRule","Lead","Lead.Bloquear_conversion_estandar","SI","NO","NO","","Objeto fuera de Opportunity, Quote, WorkOrder y Product2","Sin coincidencia por objeto del bloque 9","ACTIVA","No","No","Tooling API lectura Partial 2026-08-06","ALTO","Las 383 reglas fueron registradas; 94 coinciden por objeto. Inactividad no equivale a eliminación del inventario."
"ValidationRule","Lead","Lead.Campo_Entidad_Obligatorio_Financiado","SI","NO","NO","","Objeto fuera de Opportunity, Quote, WorkOrder y Product2","Sin coincidencia por objeto del bloque 9","ACTIVA","No","No","Tooling API lectura Partial 2026-08-06","ALTO","Las 383 reglas fueron registradas; 94 coinciden por objeto. Inactividad no equivale a eliminación del inventario."
"ValidationRule","Lead","Lead.Campo_accion_obligatorio_en_walkin","SI","NO","NO","","Objeto fuera de Opportunity, Quote, WorkOrder y Product2","Sin coincidencia por objeto del bloque 9","INACTIVA","No","No","Tooling API lectura Partial 2026-08-06","ALTO","Las 383 reglas fueron registradas; 94 coinciden por objeto. Inactividad no equivale a eliminación del inventario."
"ValidationRule","Lead","Lead.Cedula_necesaria_para_convertir","SI","NO","NO","","Objeto fuera de Opportunity, Quote, WorkOrder y Product2","Sin coincidencia por objeto del bloque 9","ACTIVA","No","No","Tooling API lectura Partial 2026-08-06","ALTO","Las 383 reglas fueron registradas; 94 coinciden por objeto. Inactividad no equivale a eliminación del inventario."
"ValidationRule","Lead","Lead.Validacion_de_Cedula","SI","NO","NO","","Objeto fuera de Opportunity, Quote, WorkOrder y Product2","Sin coincidencia por objeto del bloque 9","ACTIVA","No","No","Tooling API lectura Partial 2026-08-06","ALTO","Las 383 reglas fueron registradas; 94 coinciden por objeto. Inactividad no equivale a eliminación del inventario."
"ValidationRule","Lead","Lead.Validacion_de_Cedula_juridica","SI","NO","NO","","Objeto fuera de Opportunity, Quote, WorkOrder y Product2","Sin coincidencia por objeto del bloque 9","ACTIVA","No","No","Tooling API lectura Partial 2026-08-06","ALTO","Las 383 reglas fueron registradas; 94 coinciden por objeto. Inactividad no equivale a eliminación del inventario."
"ValidationRule","Lead","Lead.Validacion_de_Numero","SI","NO","NO","","Objeto fuera de Opportunity, Quote, WorkOrder y Product2","Sin coincidencia por objeto del bloque 9","ACTIVA","No","No","Tooling API lectura Partial 2026-08-06","ALTO","Las 383 reglas fueron registradas; 94 coinciden por objeto. Inactividad no equivale a eliminación del inventario."
"ValidationRule","Lead","Lead.Validacion_de_Numero2","SI","NO","NO","","Objeto fuera de Opportunity, Quote, WorkOrder y Product2","Sin coincidencia por objeto del bloque 9","ACTIVA","No","No","Tooling API lectura Partial 2026-08-06","ALTO","Las 383 reglas fueron registradas; 94 coinciden por objeto. Inactividad no equivale a eliminación del inventario."
"ValidationRule","Lead","Lead.Validar_Campanna","SI","NO","NO","","Objeto fuera de Opportunity, Quote, WorkOrder y Product2","Sin coincidencia por objeto del bloque 9","ACTIVA","No","No","Tooling API lectura Partial 2026-08-06","ALTO","Las 383 reglas fueron registradas; 94 coinciden por objeto. Inactividad no equivale a eliminación del inventario."
"ValidationRule","Lead","Lead.Validar_Origen","SI","NO","NO","","Objeto fuera de Opportunity, Quote, WorkOrder y Product2","Sin coincidencia por objeto del bloque 9","ACTIVA","No","No","Tooling API lectura Partial 2026-08-06","ALTO","Las 383 reglas fueron registradas; 94 coinciden por objeto. Inactividad no equivale a eliminación del inventario."
"ValidationRule","Lead","Lead.Validar_Origen_asesor_bmw_mini","SI","NO","NO","","Objeto fuera de Opportunity, Quote, WorkOrder y Product2","Sin coincidencia por objeto del bloque 9","ACTIVA","No","No","Tooling API lectura Partial 2026-08-06","ALTO","Las 383 reglas fueron registradas; 94 coinciden por objeto. Inactividad no equivale a eliminación del inventario."
"ValidationRule","Lead","Lead.Validar_Telefono_Y_Celular","SI","NO","NO","","Objeto fuera de Opportunity, Quote, WorkOrder y Product2","Sin coincidencia por objeto del bloque 9","INACTIVA","No","No","Tooling API lectura Partial 2026-08-06","ALTO","Las 383 reglas fueron registradas; 94 coinciden por objeto. Inactividad no equivale a eliminación del inventario."
"ValidationRule","NoDisponibilidad_Servicio__c","NoDisponibilidad_Servicio__c.tiene_eventos","SI","NO","NO","","Objeto fuera de Opportunity, Quote, WorkOrder y Product2","Sin coincidencia por objeto del bloque 9","ACTIVA","No","No","Tooling API lectura Partial 2026-08-06","ALTO","Las 383 reglas fueron registradas; 94 coinciden por objeto. Inactividad no equivale a eliminación del inventario."
"ValidationRule","Oportunidad_de_Financiamiento__c","Oportunidad_de_Financiamiento__c.Estado_Aprobado","SI","NO","NO","","Objeto fuera de Opportunity, Quote, WorkOrder y Product2","Sin coincidencia por objeto del bloque 9","INACTIVA","No","No","Tooling API lectura Partial 2026-08-06","ALTO","Las 383 reglas fueron registradas; 94 coinciden por objeto. Inactividad no equivale a eliminación del inventario."
"ValidationRule","Oportunidad_de_Financiamiento__c","Oportunidad_de_Financiamiento__c.Estado_Condicionada","SI","NO","NO","","Objeto fuera de Opportunity, Quote, WorkOrder y Product2","Sin coincidencia por objeto del bloque 9","ACTIVA","No","No","Tooling API lectura Partial 2026-08-06","ALTO","Las 383 reglas fueron registradas; 94 coinciden por objeto. Inactividad no equivale a eliminación del inventario."
"ValidationRule","Oportunidad_de_Financiamiento__c","Oportunidad_de_Financiamiento__c.Estado_Denegado","SI","NO","NO","","Objeto fuera de Opportunity, Quote, WorkOrder y Product2","Sin coincidencia por objeto del bloque 9","ACTIVA","No","No","Tooling API lectura Partial 2026-08-06","ALTO","Las 383 reglas fueron registradas; 94 coinciden por objeto. Inactividad no equivale a eliminación del inventario."
"ValidationRule","Oportunidad_de_Financiamiento__c","Oportunidad_de_Financiamiento__c.Etapa_Cotizado_OF_Ano","SI","NO","NO","","Objeto fuera de Opportunity, Quote, WorkOrder y Product2","Sin coincidencia por objeto del bloque 9","ACTIVA","No","No","Tooling API lectura Partial 2026-08-06","ALTO","Las 383 reglas fueron registradas; 94 coinciden por objeto. Inactividad no equivale a eliminación del inventario."
"ValidationRule","Oportunidad_de_Financiamiento__c","Oportunidad_de_Financiamiento__c.Etapa_Cotizado_OF_Cilindrada","SI","NO","NO","","Objeto fuera de Opportunity, Quote, WorkOrder y Product2","Sin coincidencia por objeto del bloque 9","ACTIVA","No","No","Tooling API lectura Partial 2026-08-06","ALTO","Las 383 reglas fueron registradas; 94 coinciden por objeto. Inactividad no equivale a eliminación del inventario."
"ValidationRule","Oportunidad_de_Financiamiento__c","Oportunidad_de_Financiamiento__c.Etapa_Cotizado_OF_Combustible","SI","NO","NO","","Objeto fuera de Opportunity, Quote, WorkOrder y Product2","Sin coincidencia por objeto del bloque 9","ACTIVA","No","No","Tooling API lectura Partial 2026-08-06","ALTO","Las 383 reglas fueron registradas; 94 coinciden por objeto. Inactividad no equivale a eliminación del inventario."
"ValidationRule","Oportunidad_de_Financiamiento__c","Oportunidad_de_Financiamiento__c.Etapa_Cotizado_OF_Distribuidor","SI","NO","NO","","Objeto fuera de Opportunity, Quote, WorkOrder y Product2","Sin coincidencia por objeto del bloque 9","ACTIVA","No","No","Tooling API lectura Partial 2026-08-06","ALTO","Las 383 reglas fueron registradas; 94 coinciden por objeto. Inactividad no equivale a eliminación del inventario."
"ValidationRule","Oportunidad_de_Financiamiento__c","Oportunidad_de_Financiamiento__c.Etapa_Cotizado_OF_Marca","SI","NO","NO","","Objeto fuera de Opportunity, Quote, WorkOrder y Product2","Sin coincidencia por objeto del bloque 9","ACTIVA","No","No","Tooling API lectura Partial 2026-08-06","ALTO","Las 383 reglas fueron registradas; 94 coinciden por objeto. Inactividad no equivale a eliminación del inventario."
"ValidationRule","Oportunidad_de_Financiamiento__c","Oportunidad_de_Financiamiento__c.Etapa_Cotizado_OF_Modelo","SI","NO","NO","","Objeto fuera de Opportunity, Quote, WorkOrder y Product2","Sin coincidencia por objeto del bloque 9","ACTIVA","No","No","Tooling API lectura Partial 2026-08-06","ALTO","Las 383 reglas fueron registradas; 94 coinciden por objeto. Inactividad no equivale a eliminación del inventario."
"ValidationRule","Oportunidad_de_Financiamiento__c","Oportunidad_de_Financiamiento__c.Etapa_Cotizado_OF_Subcategoria","SI","NO","NO","","Objeto fuera de Opportunity, Quote, WorkOrder y Product2","Sin coincidencia por objeto del bloque 9","ACTIVA","No","No","Tooling API lectura Partial 2026-08-06","ALTO","Las 383 reglas fueron registradas; 94 coinciden por objeto. Inactividad no equivale a eliminación del inventario."
"ValidationRule","Oportunidad_de_Financiamiento__c","Oportunidad_de_Financiamiento__c.Etapa_formalizado","SI","NO","NO","","Objeto fuera de Opportunity, Quote, WorkOrder y Product2","Sin coincidencia por objeto del bloque 9","ACTIVA","No","No","Tooling API lectura Partial 2026-08-06","ALTO","Las 383 reglas fueron registradas; 94 coinciden por objeto. Inactividad no equivale a eliminación del inventario."
"ValidationRule","Oportunidad_de_Financiamiento__c","Oportunidad_de_Financiamiento__c.Etapa_formalizado_CamposFormulario","SI","NO","NO","","Objeto fuera de Opportunity, Quote, WorkOrder y Product2","Sin coincidencia por objeto del bloque 9","ACTIVA","No","No","Tooling API lectura Partial 2026-08-06","ALTO","Las 383 reglas fueron registradas; 94 coinciden por objeto. Inactividad no equivale a eliminación del inventario."
"ValidationRule","Oportunidad_de_Financiamiento__c","Oportunidad_de_Financiamiento__c.Etapa_formalizado_TIRTasaUsura","SI","NO","NO","","Objeto fuera de Opportunity, Quote, WorkOrder y Product2","Sin coincidencia por objeto del bloque 9","ACTIVA","No","No","Tooling API lectura Partial 2026-08-06","ALTO","Las 383 reglas fueron registradas; 94 coinciden por objeto. Inactividad no equivale a eliminación del inventario."
"ValidationRule","Oportunidad_de_Financiamiento__c","Oportunidad_de_Financiamiento__c.Etapa_formalizado_clienteFisico_DireResi","SI","NO","NO","","Objeto fuera de Opportunity, Quote, WorkOrder y Product2","Sin coincidencia por objeto del bloque 9","INACTIVA","No","No","Tooling API lectura Partial 2026-08-06","ALTO","Las 383 reglas fueron registradas; 94 coinciden por objeto. Inactividad no equivale a eliminación del inventario."
"ValidationRule","Oportunidad_de_Financiamiento__c","Oportunidad_de_Financiamiento__c.Etapa_formalizado_clienteFisico_Profesio","SI","NO","NO","","Objeto fuera de Opportunity, Quote, WorkOrder y Product2","Sin coincidencia por objeto del bloque 9","INACTIVA","No","No","Tooling API lectura Partial 2026-08-06","ALTO","Las 383 reglas fueron registradas; 94 coinciden por objeto. Inactividad no equivale a eliminación del inventario."
"ValidationRule","Oportunidad_de_Financiamiento__c","Oportunidad_de_Financiamiento__c.Etapa_formalizado_clienteFisico_estadoCi","SI","NO","NO","","Objeto fuera de Opportunity, Quote, WorkOrder y Product2","Sin coincidencia por objeto del bloque 9","INACTIVA","No","No","Tooling API lectura Partial 2026-08-06","ALTO","Las 383 reglas fueron registradas; 94 coinciden por objeto. Inactividad no equivale a eliminación del inventario."
"ValidationRule","Oportunidad_de_Financiamiento__c","Oportunidad_de_Financiamiento__c.Etapa_formalizado_clienteJurid_Canton","SI","NO","NO","","Objeto fuera de Opportunity, Quote, WorkOrder y Product2","Sin coincidencia por objeto del bloque 9","INACTIVA","No","No","Tooling API lectura Partial 2026-08-06","ALTO","Las 383 reglas fueron registradas; 94 coinciden por objeto. Inactividad no equivale a eliminación del inventario."
"ValidationRule","Oportunidad_de_Financiamiento__c","Oportunidad_de_Financiamiento__c.Etapa_formalizado_clienteJurid_DireRepLe","SI","NO","NO","","Objeto fuera de Opportunity, Quote, WorkOrder y Product2","Sin coincidencia por objeto del bloque 9","ACTIVA","No","No","Tooling API lectura Partial 2026-08-06","ALTO","Las 383 reglas fueron registradas; 94 coinciden por objeto. Inactividad no equivale a eliminación del inventario."
"ValidationRule","Oportunidad_de_Financiamiento__c","Oportunidad_de_Financiamiento__c.Etapa_formalizado_clienteJurid_Distrito","SI","NO","NO","","Objeto fuera de Opportunity, Quote, WorkOrder y Product2","Sin coincidencia por objeto del bloque 9","INACTIVA","No","No","Tooling API lectura Partial 2026-08-06","ALTO","Las 383 reglas fueron registradas; 94 coinciden por objeto. Inactividad no equivale a eliminación del inventario."
"ValidationRule","Oportunidad_de_Financiamiento__c","Oportunidad_de_Financiamiento__c.Etapa_formalizado_clienteJurid_EstaCivRe","SI","NO","NO","","Objeto fuera de Opportunity, Quote, WorkOrder y Product2","Sin coincidencia por objeto del bloque 9","ACTIVA","No","No","Tooling API lectura Partial 2026-08-06","ALTO","Las 383 reglas fueron registradas; 94 coinciden por objeto. Inactividad no equivale a eliminación del inventario."
"ValidationRule","Oportunidad_de_Financiamiento__c","Oportunidad_de_Financiamiento__c.Etapa_formalizado_clienteJurid_NombRepLe","SI","NO","NO","","Objeto fuera de Opportunity, Quote, WorkOrder y Product2","Sin coincidencia por objeto del bloque 9","ACTIVA","No","No","Tooling API lectura Partial 2026-08-06","ALTO","Las 383 reglas fueron registradas; 94 coinciden por objeto. Inactividad no equivale a eliminación del inventario."
"ValidationRule","Oportunidad_de_Financiamiento__c","Oportunidad_de_Financiamiento__c.Etapa_formalizado_clienteJurid_NumCeduRe","SI","NO","NO","","Objeto fuera de Opportunity, Quote, WorkOrder y Product2","Sin coincidencia por objeto del bloque 9","INACTIVA","No","No","Tooling API lectura Partial 2026-08-06","ALTO","Las 383 reglas fueron registradas; 94 coinciden por objeto. Inactividad no equivale a eliminación del inventario."
"ValidationRule","Oportunidad_de_Financiamiento__c","Oportunidad_de_Financiamiento__c.Etapa_formalizado_clienteJurid_OtrasSena","SI","NO","NO","","Objeto fuera de Opportunity, Quote, WorkOrder y Product2","Sin coincidencia por objeto del bloque 9","ACTIVA","No","No","Tooling API lectura Partial 2026-08-06","ALTO","Las 383 reglas fueron registradas; 94 coinciden por objeto. Inactividad no equivale a eliminación del inventario."
"ValidationRule","Oportunidad_de_Financiamiento__c","Oportunidad_de_Financiamiento__c.Etapa_formalizado_clienteJurid_ProfRepLe","SI","NO","NO","","Objeto fuera de Opportunity, Quote, WorkOrder y Product2","Sin coincidencia por objeto del bloque 9","ACTIVA","No","No","Tooling API lectura Partial 2026-08-06","ALTO","Las 383 reglas fueron registradas; 94 coinciden por objeto. Inactividad no equivale a eliminación del inventario."
"ValidationRule","Oportunidad_de_Financiamiento__c","Oportunidad_de_Financiamiento__c.Etapa_formalizado_clienteJurid_Provincia","SI","NO","NO","","Objeto fuera de Opportunity, Quote, WorkOrder y Product2","Sin coincidencia por objeto del bloque 9","INACTIVA","No","No","Tooling API lectura Partial 2026-08-06","ALTO","Las 383 reglas fueron registradas; 94 coinciden por objeto. Inactividad no equivale a eliminación del inventario."
"ValidationRule","Oportunidad_de_Financiamiento__c","Oportunidad_de_Financiamiento__c.Etapa_formalizado_cliente_NumIdent","SI","NO","NO","","Objeto fuera de Opportunity, Quote, WorkOrder y Product2","Sin coincidencia por objeto del bloque 9","ACTIVA","No","No","Tooling API lectura Partial 2026-08-06","ALTO","Las 383 reglas fueron registradas; 94 coinciden por objeto. Inactividad no equivale a eliminación del inventario."
"ValidationRule","Oportunidad_de_Financiamiento__c","Oportunidad_de_Financiamiento__c.Etapa_formalizado_cliente_moneda_I","SI","NO","NO","","Objeto fuera de Opportunity, Quote, WorkOrder y Product2","Sin coincidencia por objeto del bloque 9","ACTIVA","No","No","Tooling API lectura Partial 2026-08-06","ALTO","Las 383 reglas fueron registradas; 94 coinciden por objeto. Inactividad no equivale a eliminación del inventario."
"ValidationRule","Oportunidad_de_Financiamiento__c","Oportunidad_de_Financiamiento__c.Etapa_formalizado_fecha_de_nacimiento","SI","NO","NO","","Objeto fuera de Opportunity, Quote, WorkOrder y Product2","Sin coincidencia por objeto del bloque 9","ACTIVA","No","No","Tooling API lectura Partial 2026-08-06","ALTO","Las 383 reglas fueron registradas; 94 coinciden por objeto. Inactividad no equivale a eliminación del inventario."
"ValidationRule","Oportunidad_de_Financiamiento__c","Oportunidad_de_Financiamiento__c.Formato_Numero_operacion_Altica","SI","NO","NO","","Objeto fuera de Opportunity, Quote, WorkOrder y Product2","Sin coincidencia por objeto del bloque 9","INACTIVA","No","No","Tooling API lectura Partial 2026-08-06","ALTO","Las 383 reglas fueron registradas; 94 coinciden por objeto. Inactividad no equivale a eliminación del inventario."
"ValidationRule","Oportunidad_de_Financiamiento__c","Oportunidad_de_Financiamiento__c.No_puede_aprobar_OF_arriba_de_USD_75000","SI","NO","NO","","Objeto fuera de Opportunity, Quote, WorkOrder y Product2","Sin coincidencia por objeto del bloque 9","ACTIVA","No","No","Tooling API lectura Partial 2026-08-06","ALTO","Las 383 reglas fueron registradas; 94 coinciden por objeto. Inactividad no equivale a eliminación del inventario."
"ValidationRule","Oportunidad_de_Financiamiento__c","Oportunidad_de_Financiamiento__c.OP_estado_formalizadocombustible_no_nul","SI","NO","NO","","Objeto fuera de Opportunity, Quote, WorkOrder y Product2","Sin coincidencia por objeto del bloque 9","INACTIVA","No","No","Tooling API lectura Partial 2026-08-06","ALTO","Las 383 reglas fueron registradas; 94 coinciden por objeto. Inactividad no equivale a eliminación del inventario."
"ValidationRule","Oportunidad_de_Financiamiento__c","Oportunidad_de_Financiamiento__c.Telefono_debe_de_tener_8_digitos_numerio","SI","NO","NO","","Objeto fuera de Opportunity, Quote, WorkOrder y Product2","Sin coincidencia por objeto del bloque 9","ACTIVA","No","No","Tooling API lectura Partial 2026-08-06","ALTO","Las 383 reglas fueron registradas; 94 coinciden por objeto. Inactividad no equivale a eliminación del inventario."
"ValidationRule","Oportunidad_de_Financiamiento__c","Oportunidad_de_Financiamiento__c.Valida_check_de_Benvenida","SI","NO","NO","","Objeto fuera de Opportunity, Quote, WorkOrder y Product2","Sin coincidencia por objeto del bloque 9","ACTIVA","No","No","Tooling API lectura Partial 2026-08-06","ALTO","Las 383 reglas fueron registradas; 94 coinciden por objeto. Inactividad no equivale a eliminación del inventario."
"ValidationRule","Oportunidad_de_Financiamiento__c","Oportunidad_de_Financiamiento__c.ValidacionCampoEtapa","SI","NO","NO","","Objeto fuera de Opportunity, Quote, WorkOrder y Product2","Sin coincidencia por objeto del bloque 9","INACTIVA","No","No","Tooling API lectura Partial 2026-08-06","ALTO","Las 383 reglas fueron registradas; 94 coinciden por objeto. Inactividad no equivale a eliminación del inventario."
"ValidationRule","Oportunidad_de_Financiamiento__c","Oportunidad_de_Financiamiento__c.Validacion_Campo_Excepcion","SI","NO","NO","","Objeto fuera de Opportunity, Quote, WorkOrder y Product2","Sin coincidencia por objeto del bloque 9","ACTIVA","No","No","Tooling API lectura Partial 2026-08-06","ALTO","Las 383 reglas fueron registradas; 94 coinciden por objeto. Inactividad no equivale a eliminación del inventario."
"ValidationRule","Oportunidad_de_Financiamiento__c","Oportunidad_de_Financiamiento__c.Validacion_Cancelacion","SI","NO","NO","","Objeto fuera de Opportunity, Quote, WorkOrder y Product2","Sin coincidencia por objeto del bloque 9","ACTIVA","No","No","Tooling API lectura Partial 2026-08-06","ALTO","Las 383 reglas fueron registradas; 94 coinciden por objeto. Inactividad no equivale a eliminación del inventario."
"ValidationRule","Oportunidad_de_Financiamiento__c","Oportunidad_de_Financiamiento__c.Validacion_Cilindrada","SI","NO","NO","","Objeto fuera de Opportunity, Quote, WorkOrder y Product2","Sin coincidencia por objeto del bloque 9","ACTIVA","No","No","Tooling API lectura Partial 2026-08-06","ALTO","Las 383 reglas fueron registradas; 94 coinciden por objeto. Inactividad no equivale a eliminación del inventario."
"ValidationRule","Oportunidad_de_Financiamiento__c","Oportunidad_de_Financiamiento__c.Validacion_Fecha_financiamiento","SI","NO","NO","","Objeto fuera de Opportunity, Quote, WorkOrder y Product2","Sin coincidencia por objeto del bloque 9","INACTIVA","No","No","Tooling API lectura Partial 2026-08-06","ALTO","Las 383 reglas fueron registradas; 94 coinciden por objeto. Inactividad no equivale a eliminación del inventario."
"ValidationRule","Oportunidad_de_Financiamiento__c","Oportunidad_de_Financiamiento__c.Validacion_Ingreso_Minimo","SI","NO","NO","","Objeto fuera de Opportunity, Quote, WorkOrder y Product2","Sin coincidencia por objeto del bloque 9","ACTIVA","No","No","Tooling API lectura Partial 2026-08-06","ALTO","Las 383 reglas fueron registradas; 94 coinciden por objeto. Inactividad no equivale a eliminación del inventario."
"ValidationRule","Oportunidad_de_Financiamiento__c","Oportunidad_de_Financiamiento__c.Validacion_Moneda_Ingreso","SI","NO","NO","","Objeto fuera de Opportunity, Quote, WorkOrder y Product2","Sin coincidencia por objeto del bloque 9","INACTIVA","No","No","Tooling API lectura Partial 2026-08-06","ALTO","Las 383 reglas fueron registradas; 94 coinciden por objeto. Inactividad no equivale a eliminación del inventario."
"ValidationRule","Oportunidad_de_Financiamiento__c","Oportunidad_de_Financiamiento__c.Validacion_Score","SI","NO","NO","","Objeto fuera de Opportunity, Quote, WorkOrder y Product2","Sin coincidencia por objeto del bloque 9","ACTIVA","No","No","Tooling API lectura Partial 2026-08-06","ALTO","Las 383 reglas fueron registradas; 94 coinciden por objeto. Inactividad no equivale a eliminación del inventario."
"ValidationRule","Oportunidad_de_Financiamiento__c","Oportunidad_de_Financiamiento__c.Validacion_Score_Multiple","SI","NO","NO","","Objeto fuera de Opportunity, Quote, WorkOrder y Product2","Sin coincidencia por objeto del bloque 9","ACTIVA","No","No","Tooling API lectura Partial 2026-08-06","ALTO","Las 383 reglas fueron registradas; 94 coinciden por objeto. Inactividad no equivale a eliminación del inventario."
"ValidationRule","Oportunidad_de_Financiamiento__c","Oportunidad_de_Financiamiento__c.Validacion_cambio_de_etapa","SI","NO","NO","","Objeto fuera de Opportunity, Quote, WorkOrder y Product2","Sin coincidencia por objeto del bloque 9","INACTIVA","No","No","Tooling API lectura Partial 2026-08-06","ALTO","Las 383 reglas fueron registradas; 94 coinciden por objeto. Inactividad no equivale a eliminación del inventario."
"ValidationRule","Oportunidad_de_Financiamiento__c","Oportunidad_de_Financiamiento__c.Validacion_de_cambio_de_Estado","SI","NO","NO","","Objeto fuera de Opportunity, Quote, WorkOrder y Product2","Sin coincidencia por objeto del bloque 9","INACTIVA","No","No","Tooling API lectura Partial 2026-08-06","ALTO","Las 383 reglas fueron registradas; 94 coinciden por objeto. Inactividad no equivale a eliminación del inventario."
"ValidationRule","Oportunidad_de_Financiamiento__c","Oportunidad_de_Financiamiento__c.Validar_Formato_Telefono","SI","NO","NO","","Objeto fuera de Opportunity, Quote, WorkOrder y Product2","Sin coincidencia por objeto del bloque 9","INACTIVA","No","No","Tooling API lectura Partial 2026-08-06","ALTO","Las 383 reglas fueron registradas; 94 coinciden por objeto. Inactividad no equivale a eliminación del inventario."
"ValidationRule","Oportunidad_de_Financiamiento__c","Oportunidad_de_Financiamiento__c.fecha_formalizacion","SI","NO","NO","","Objeto fuera de Opportunity, Quote, WorkOrder y Product2","Sin coincidencia por objeto del bloque 9","ACTIVA","No","No","Tooling API lectura Partial 2026-08-06","ALTO","Las 383 reglas fueron registradas; 94 coinciden por objeto. Inactividad no equivale a eliminación del inventario."
"ValidationRule","Oportunidad_de_Financiamiento__c","Oportunidad_de_Financiamiento__c.opFVigente","SI","NO","NO","","Objeto fuera de Opportunity, Quote, WorkOrder y Product2","Sin coincidencia por objeto del bloque 9","INACTIVA","No","No","Tooling API lectura Partial 2026-08-06","ALTO","Las 383 reglas fueron registradas; 94 coinciden por objeto. Inactividad no equivale a eliminación del inventario."
"ValidationRule","Opportunity","Opportunity.AprobadorModificaDescuento","SI","NO","SI","Objeto expresamente solicitado para selección del bloque 9","Objeto fuera de Opportunity, Quote, WorkOrder y Product2","Coincidencia por objeto Opportunity","INACTIVA","Por determinar","No","Tooling API lectura Partial 2026-08-06","MEDIO","Las 383 reglas fueron registradas; 94 coinciden por objeto. Inactividad no equivale a eliminación del inventario."
"ValidationRule","Opportunity","Opportunity.Avoid_opp_owner_change","SI","NO","SI","Objeto expresamente solicitado para selección del bloque 9","Objeto fuera de Opportunity, Quote, WorkOrder y Product2","Coincidencia por objeto Opportunity","INACTIVA","Por determinar","No","Tooling API lectura Partial 2026-08-06","MEDIO","Las 383 reglas fueron registradas; 94 coinciden por objeto. Inactividad no equivale a eliminación del inventario."
"ValidationRule","Opportunity","Opportunity.BMW_OportunidadCerradaGanada","SI","NO","SI","Objeto expresamente solicitado para selección del bloque 9","Objeto fuera de Opportunity, Quote, WorkOrder y Product2","Coincidencia por objeto Opportunity","INACTIVA","Por determinar","No","Tooling API lectura Partial 2026-08-06","MEDIO","Las 383 reglas fueron registradas; 94 coinciden por objeto. Inactividad no equivale a eliminación del inventario."
"ValidationRule","Opportunity","Opportunity.Bloquear_Cambio_Owner_Perfiles_Online","SI","NO","SI","Objeto expresamente solicitado para selección del bloque 9","Objeto fuera de Opportunity, Quote, WorkOrder y Product2","Coincidencia por objeto Opportunity","ACTIVA","Por determinar","No","Tooling API lectura Partial 2026-08-06","MEDIO","Las 383 reglas fueron registradas; 94 coinciden por objeto. Inactividad no equivale a eliminación del inventario."
"ValidationRule","Opportunity","Opportunity.Bodega_Vehiculos_Nuevos_Uruca","SI","NO","SI","Objeto expresamente solicitado para selección del bloque 9","Objeto fuera de Opportunity, Quote, WorkOrder y Product2","Coincidencia por objeto Opportunity","ACTIVA","Por determinar","No","Tooling API lectura Partial 2026-08-06","MEDIO","Las 383 reglas fueron registradas; 94 coinciden por objeto. Inactividad no equivale a eliminación del inventario."
"ValidationRule","Opportunity","Opportunity.Cambiar_Oportunidad_a_Finalizado_VH","SI","NO","SI","Objeto expresamente solicitado para selección del bloque 9","Objeto fuera de Opportunity, Quote, WorkOrder y Product2","Coincidencia por objeto Opportunity","ACTIVA","Por determinar","No","Tooling API lectura Partial 2026-08-06","MEDIO","Las 383 reglas fueron registradas; 94 coinciden por objeto. Inactividad no equivale a eliminación del inventario."
"ValidationRule","Opportunity","Opportunity.Cambiar_a_Cerrada_Ganada","SI","NO","SI","Objeto expresamente solicitado para selección del bloque 9","Objeto fuera de Opportunity, Quote, WorkOrder y Product2","Coincidencia por objeto Opportunity","ACTIVA","Por determinar","No","Tooling API lectura Partial 2026-08-06","MEDIO","Las 383 reglas fueron registradas; 94 coinciden por objeto. Inactividad no equivale a eliminación del inventario."
"ValidationRule","Opportunity","Opportunity.Cambiar_a_Finalizado_Descuento","SI","NO","SI","Objeto expresamente solicitado para selección del bloque 9","Objeto fuera de Opportunity, Quote, WorkOrder y Product2","Coincidencia por objeto Opportunity","ACTIVA","Por determinar","No","Tooling API lectura Partial 2026-08-06","MEDIO","Las 383 reglas fueron registradas; 94 coinciden por objeto. Inactividad no equivale a eliminación del inventario."
"ValidationRule","Opportunity","Opportunity.Cambiar_a_Finalizado_Formalizacion","SI","NO","SI","Objeto expresamente solicitado para selección del bloque 9","Objeto fuera de Opportunity, Quote, WorkOrder y Product2","Coincidencia por objeto Opportunity","ACTIVA","Por determinar","No","Tooling API lectura Partial 2026-08-06","MEDIO","Las 383 reglas fueron registradas; 94 coinciden por objeto. Inactividad no equivale a eliminación del inventario."
"ValidationRule","Opportunity","Opportunity.Campo_Ano_del_vehiculo_actual","SI","NO","SI","Objeto expresamente solicitado para selección del bloque 9","Objeto fuera de Opportunity, Quote, WorkOrder y Product2","Coincidencia por objeto Opportunity","ACTIVA","Por determinar","No","Tooling API lectura Partial 2026-08-06","MEDIO","Las 383 reglas fueron registradas; 94 coinciden por objeto. Inactividad no equivale a eliminación del inventario."
"ValidationRule","Opportunity","Opportunity.Campo_EngancheMonto_Obligatorio","SI","NO","SI","Objeto expresamente solicitado para selección del bloque 9","Objeto fuera de Opportunity, Quote, WorkOrder y Product2","Coincidencia por objeto Opportunity","ACTIVA","Por determinar","No","Tooling API lectura Partial 2026-08-06","MEDIO","Las 383 reglas fueron registradas; 94 coinciden por objeto. Inactividad no equivale a eliminación del inventario."
"ValidationRule","Opportunity","Opportunity.Campo_EngancheRecibo_Obligatorio","SI","NO","SI","Objeto expresamente solicitado para selección del bloque 9","Objeto fuera de Opportunity, Quote, WorkOrder y Product2","Coincidencia por objeto Opportunity","ACTIVA","Por determinar","No","Tooling API lectura Partial 2026-08-06","MEDIO","Las 383 reglas fueron registradas; 94 coinciden por objeto. Inactividad no equivale a eliminación del inventario."
"ValidationRule","Opportunity","Opportunity.Campo_Entidad_Obligatorio_Financiado","SI","NO","SI","Objeto expresamente solicitado para selección del bloque 9","Objeto fuera de Opportunity, Quote, WorkOrder y Product2","Coincidencia por objeto Opportunity","INACTIVA","Por determinar","No","Tooling API lectura Partial 2026-08-06","MEDIO","Las 383 reglas fueron registradas; 94 coinciden por objeto. Inactividad no equivale a eliminación del inventario."
"ValidationRule","Opportunity","Opportunity.Campo_Entidad_Obligatorio_Leasing","SI","NO","SI","Objeto expresamente solicitado para selección del bloque 9","Objeto fuera de Opportunity, Quote, WorkOrder y Product2","Coincidencia por objeto Opportunity","INACTIVA","Por determinar","No","Tooling API lectura Partial 2026-08-06","MEDIO","Las 383 reglas fueron registradas; 94 coinciden por objeto. Inactividad no equivale a eliminación del inventario."
"ValidationRule","Opportunity","Opportunity.Campo_Fecha_Posible_Compra_Obligatorio","SI","NO","SI","Objeto expresamente solicitado para selección del bloque 9","Objeto fuera de Opportunity, Quote, WorkOrder y Product2","Coincidencia por objeto Opportunity","ACTIVA","Por determinar","No","Tooling API lectura Partial 2026-08-06","MEDIO","Las 383 reglas fueron registradas; 94 coinciden por objeto. Inactividad no equivale a eliminación del inventario."
"ValidationRule","Opportunity","Opportunity.Campo_Gustos_y_aficiones_Obligatorio","SI","NO","SI","Objeto expresamente solicitado para selección del bloque 9","Objeto fuera de Opportunity, Quote, WorkOrder y Product2","Coincidencia por objeto Opportunity","ACTIVA","Por determinar","No","Tooling API lectura Partial 2026-08-06","MEDIO","Las 383 reglas fueron registradas; 94 coinciden por objeto. Inactividad no equivale a eliminación del inventario."
"ValidationRule","Opportunity","Opportunity.Campo_PlazoMeses_Obligatorio","SI","NO","SI","Objeto expresamente solicitado para selección del bloque 9","Objeto fuera de Opportunity, Quote, WorkOrder y Product2","Coincidencia por objeto Opportunity","ACTIVA","Por determinar","No","Tooling API lectura Partial 2026-08-06","MEDIO","Las 383 reglas fueron registradas; 94 coinciden por objeto. Inactividad no equivale a eliminación del inventario."
"ValidationRule","Opportunity","Opportunity.Campo_Prima_Obligatorio","SI","NO","SI","Objeto expresamente solicitado para selección del bloque 9","Objeto fuera de Opportunity, Quote, WorkOrder y Product2","Coincidencia por objeto Opportunity","ACTIVA","Por determinar","No","Tooling API lectura Partial 2026-08-06","MEDIO","Las 383 reglas fueron registradas; 94 coinciden por objeto. Inactividad no equivale a eliminación del inventario."
"ValidationRule","Opportunity","Opportunity.Campo_Sucursal_Obligatorio","SI","NO","SI","Objeto expresamente solicitado para selección del bloque 9","Objeto fuera de Opportunity, Quote, WorkOrder y Product2","Coincidencia por objeto Opportunity","ACTIVA","Por determinar","No","Tooling API lectura Partial 2026-08-06","MEDIO","Las 383 reglas fueron registradas; 94 coinciden por objeto. Inactividad no equivale a eliminación del inventario."
"ValidationRule","Opportunity","Opportunity.Campo_Tipo_de_Cliente","SI","NO","SI","Objeto expresamente solicitado para selección del bloque 9","Objeto fuera de Opportunity, Quote, WorkOrder y Product2","Coincidencia por objeto Opportunity","ACTIVA","Por determinar","No","Tooling API lectura Partial 2026-08-06","MEDIO","Las 383 reglas fueron registradas; 94 coinciden por objeto. Inactividad no equivale a eliminación del inventario."
"ValidationRule","Opportunity","Opportunity.Campo_Tipo_de_uso_de_Vehiculo","SI","NO","SI","Objeto expresamente solicitado para selección del bloque 9","Objeto fuera de Opportunity, Quote, WorkOrder y Product2","Coincidencia por objeto Opportunity","ACTIVA","Por determinar","No","Tooling API lectura Partial 2026-08-06","MEDIO","Las 383 reglas fueron registradas; 94 coinciden por objeto. Inactividad no equivale a eliminación del inventario."
"ValidationRule","Opportunity","Opportunity.Campo_Tipodefinanciamiento_Leasing","SI","NO","SI","Objeto expresamente solicitado para selección del bloque 9","Objeto fuera de Opportunity, Quote, WorkOrder y Product2","Coincidencia por objeto Opportunity","INACTIVA","Por determinar","No","Tooling API lectura Partial 2026-08-06","MEDIO","Las 383 reglas fueron registradas; 94 coinciden por objeto. Inactividad no equivale a eliminación del inventario."
"ValidationRule","Opportunity","Opportunity.Colocar_Aseguradora","SI","NO","SI","Objeto expresamente solicitado para selección del bloque 9","Objeto fuera de Opportunity, Quote, WorkOrder y Product2","Coincidencia por objeto Opportunity","ACTIVA","Por determinar","No","Tooling API lectura Partial 2026-08-06","MEDIO","Las 383 reglas fueron registradas; 94 coinciden por objeto. Inactividad no equivale a eliminación del inventario."
"ValidationRule","Opportunity","Opportunity.ContactoCorreo_Facturacion_Obligatorios","SI","NO","SI","Objeto expresamente solicitado para selección del bloque 9","Objeto fuera de Opportunity, Quote, WorkOrder y Product2","Coincidencia por objeto Opportunity","ACTIVA","Por determinar","No","Tooling API lectura Partial 2026-08-06","MEDIO","Las 383 reglas fueron registradas; 94 coinciden por objeto. Inactividad no equivale a eliminación del inventario."
"ValidationRule","Opportunity","Opportunity.Etapa_Oferta_Para_pasar_a_cerrada_ganada","SI","NO","SI","Objeto expresamente solicitado para selección del bloque 9","Objeto fuera de Opportunity, Quote, WorkOrder y Product2","Coincidencia por objeto Opportunity","ACTIVA","Por determinar","No","Tooling API lectura Partial 2026-08-06","MEDIO","Las 383 reglas fueron registradas; 94 coinciden por objeto. Inactividad no equivale a eliminación del inventario."
"ValidationRule","Opportunity","Opportunity.Fecha_de_entrega_menor","SI","NO","SI","Objeto expresamente solicitado para selección del bloque 9","Objeto fuera de Opportunity, Quote, WorkOrder y Product2","Coincidencia por objeto Opportunity","ACTIVA","Por determinar","No","Tooling API lectura Partial 2026-08-06","MEDIO","Las 383 reglas fueron registradas; 94 coinciden por objeto. Inactividad no equivale a eliminación del inventario."
"ValidationRule","Opportunity","Opportunity.Ganada_sin_contacto","SI","NO","SI","Objeto expresamente solicitado para selección del bloque 9","Objeto fuera de Opportunity, Quote, WorkOrder y Product2","Coincidencia por objeto Opportunity","ACTIVA","Por determinar","No","Tooling API lectura Partial 2026-08-06","MEDIO","Las 383 reglas fueron registradas; 94 coinciden por objeto. Inactividad no equivale a eliminación del inventario."
"ValidationRule","Opportunity","Opportunity.Justificacion_Cerrada_Perdida","SI","NO","SI","Objeto expresamente solicitado para selección del bloque 9","Objeto fuera de Opportunity, Quote, WorkOrder y Product2","Coincidencia por objeto Opportunity","ACTIVA","Por determinar","No","Tooling API lectura Partial 2026-08-06","MEDIO","Las 383 reglas fueron registradas; 94 coinciden por objeto. Inactividad no equivale a eliminación del inventario."
"ValidationRule","Opportunity","Opportunity.MusthaveActivity","SI","NO","SI","Objeto expresamente solicitado para selección del bloque 9","Objeto fuera de Opportunity, Quote, WorkOrder y Product2","Coincidencia por objeto Opportunity","ACTIVA","Por determinar","No","Tooling API lectura Partial 2026-08-06","MEDIO","Las 383 reglas fueron registradas; 94 coinciden por objeto. Inactividad no equivale a eliminación del inventario."
"ValidationRule","Opportunity","Opportunity.NoCerradaGanadaFormalizacionNoEnviada","SI","NO","SI","Objeto expresamente solicitado para selección del bloque 9","Objeto fuera de Opportunity, Quote, WorkOrder y Product2","Coincidencia por objeto Opportunity","ACTIVA","Por determinar","No","Tooling API lectura Partial 2026-08-06","MEDIO","Las 383 reglas fueron registradas; 94 coinciden por objeto. Inactividad no equivale a eliminación del inventario."
"ValidationRule","Opportunity","Opportunity.NoCuentaBavarianMotors","SI","NO","SI","Objeto expresamente solicitado para selección del bloque 9","Objeto fuera de Opportunity, Quote, WorkOrder y Product2","Coincidencia por objeto Opportunity","INACTIVA","Por determinar","No","Tooling API lectura Partial 2026-08-06","MEDIO","Las 383 reglas fueron registradas; 94 coinciden por objeto. Inactividad no equivale a eliminación del inventario."
"ValidationRule","Opportunity","Opportunity.NoModificaAprobador","SI","NO","SI","Objeto expresamente solicitado para selección del bloque 9","Objeto fuera de Opportunity, Quote, WorkOrder y Product2","Coincidencia por objeto Opportunity","INACTIVA","Por determinar","No","Tooling API lectura Partial 2026-08-06","MEDIO","Las 383 reglas fueron registradas; 94 coinciden por objeto. Inactividad no equivale a eliminación del inventario."
"ValidationRule","Opportunity","Opportunity.NoSelecCierreAutomatico","SI","NO","SI","Objeto expresamente solicitado para selección del bloque 9","Objeto fuera de Opportunity, Quote, WorkOrder y Product2","Coincidencia por objeto Opportunity","ACTIVA","Por determinar","No","Tooling API lectura Partial 2026-08-06","MEDIO","Las 383 reglas fueron registradas; 94 coinciden por objeto. Inactividad no equivale a eliminación del inventario."
"ValidationRule","Opportunity","Opportunity.OfertaDescuentoNoAprobado","SI","NO","SI","Objeto expresamente solicitado para selección del bloque 9","Objeto fuera de Opportunity, Quote, WorkOrder y Product2","Coincidencia por objeto Opportunity","INACTIVA","Por determinar","No","Tooling API lectura Partial 2026-08-06","MEDIO","Las 383 reglas fueron registradas; 94 coinciden por objeto. Inactividad no equivale a eliminación del inventario."
"ValidationRule","Opportunity","Opportunity.Oportunidad_IsLocked","SI","NO","SI","Objeto expresamente solicitado para selección del bloque 9","Objeto fuera de Opportunity, Quote, WorkOrder y Product2","Coincidencia por objeto Opportunity","INACTIVA","Por determinar","No","Tooling API lectura Partial 2026-08-06","MEDIO","Las 383 reglas fueron registradas; 94 coinciden por objeto. Inactividad no equivale a eliminación del inventario."
"ValidationRule","Opportunity","Opportunity.PlanMantenimientoFinalizado","SI","NO","SI","Objeto expresamente solicitado para selección del bloque 9","Objeto fuera de Opportunity, Quote, WorkOrder y Product2","Coincidencia por objeto Opportunity","INACTIVA","Por determinar","No","Tooling API lectura Partial 2026-08-06","MEDIO","Las 383 reglas fueron registradas; 94 coinciden por objeto. Inactividad no equivale a eliminación del inventario."
"ValidationRule","Opportunity","Opportunity.RM_ValidaOppRelacionadaBavarianMotors","SI","NO","SI","Objeto expresamente solicitado para selección del bloque 9","Objeto fuera de Opportunity, Quote, WorkOrder y Product2","Coincidencia por objeto Opportunity","INACTIVA","Por determinar","No","Tooling API lectura Partial 2026-08-06","MEDIO","Las 383 reglas fueron registradas; 94 coinciden por objeto. Inactividad no equivale a eliminación del inventario."
"ValidationRule","Opportunity","Opportunity.Razon_de_Venta_perdida","SI","NO","SI","Objeto expresamente solicitado para selección del bloque 9","Objeto fuera de Opportunity, Quote, WorkOrder y Product2","Coincidencia por objeto Opportunity","INACTIVA","Por determinar","No","Tooling API lectura Partial 2026-08-06","MEDIO","Las 383 reglas fueron registradas; 94 coinciden por objeto. Inactividad no equivale a eliminación del inventario."
"ValidationRule","Opportunity","Opportunity.Tipo_de_Cliente_obligatorio","SI","NO","SI","Objeto expresamente solicitado para selección del bloque 9","Objeto fuera de Opportunity, Quote, WorkOrder y Product2","Coincidencia por objeto Opportunity","ACTIVA","Por determinar","No","Tooling API lectura Partial 2026-08-06","MEDIO","Las 383 reglas fueron registradas; 94 coinciden por objeto. Inactividad no equivale a eliminación del inventario."
"ValidationRule","Opportunity","Opportunity.ValidacionContactoPersonalCuandoCuentaE","SI","NO","SI","Objeto expresamente solicitado para selección del bloque 9","Objeto fuera de Opportunity, Quote, WorkOrder y Product2","Coincidencia por objeto Opportunity","INACTIVA","Por determinar","No","Tooling API lectura Partial 2026-08-06","MEDIO","Las 383 reglas fueron registradas; 94 coinciden por objeto. Inactividad no equivale a eliminación del inventario."
"ValidationRule","Opportunity","Opportunity.Validacion_Campo_entregado","SI","NO","SI","Objeto expresamente solicitado para selección del bloque 9","Objeto fuera de Opportunity, Quote, WorkOrder y Product2","Coincidencia por objeto Opportunity","INACTIVA","Por determinar","No","Tooling API lectura Partial 2026-08-06","MEDIO","Las 383 reglas fueron registradas; 94 coinciden por objeto. Inactividad no equivale a eliminación del inventario."
"ValidationRule","Opportunity","Opportunity.Validacion_Campo_entregado_fechaentrega","SI","NO","SI","Objeto expresamente solicitado para selección del bloque 9","Objeto fuera de Opportunity, Quote, WorkOrder y Product2","Coincidencia por objeto Opportunity","INACTIVA","Por determinar","No","Tooling API lectura Partial 2026-08-06","MEDIO","Las 383 reglas fueron registradas; 94 coinciden por objeto. Inactividad no equivale a eliminación del inventario."
"ValidationRule","Opportunity","Opportunity.Validacion_Campo_fechafactura","SI","NO","SI","Objeto expresamente solicitado para selección del bloque 9","Objeto fuera de Opportunity, Quote, WorkOrder y Product2","Coincidencia por objeto Opportunity","INACTIVA","Por determinar","No","Tooling API lectura Partial 2026-08-06","MEDIO","Las 383 reglas fueron registradas; 94 coinciden por objeto. Inactividad no equivale a eliminación del inventario."
"ValidationRule","Opportunity","Opportunity.Validacion_Fecha_de_pedido","SI","NO","SI","Objeto expresamente solicitado para selección del bloque 9","Objeto fuera de Opportunity, Quote, WorkOrder y Product2","Coincidencia por objeto Opportunity","ACTIVA","Por determinar","No","Tooling API lectura Partial 2026-08-06","MEDIO","Las 383 reglas fueron registradas; 94 coinciden por objeto. Inactividad no equivale a eliminación del inventario."
"ValidationRule","Opportunity","Opportunity.Validacion_RT_Lead","SI","NO","SI","Objeto expresamente solicitado para selección del bloque 9","Objeto fuera de Opportunity, Quote, WorkOrder y Product2","Coincidencia por objeto Opportunity","INACTIVA","Por determinar","No","Tooling API lectura Partial 2026-08-06","MEDIO","Las 383 reglas fueron registradas; 94 coinciden por objeto. Inactividad no equivale a eliminación del inventario."
"ValidationRule","Opportunity","Opportunity.Validacion_deOportunidad_cerrada_perdida","SI","NO","SI","Objeto expresamente solicitado para selección del bloque 9","Objeto fuera de Opportunity, Quote, WorkOrder y Product2","Coincidencia por objeto Opportunity","ACTIVA","Por determinar","No","Tooling API lectura Partial 2026-08-06","MEDIO","Las 383 reglas fueron registradas; 94 coinciden por objeto. Inactividad no equivale a eliminación del inventario."
"ValidationRule","Opportunity","Opportunity.Validacion_de_Test_Drive","SI","NO","SI","Objeto expresamente solicitado para selección del bloque 9","Objeto fuera de Opportunity, Quote, WorkOrder y Product2","RecordType","INACTIVA","Por determinar","No","Tooling API lectura Partial 2026-08-06; retrieve temporal Validacion_de_Test_Drive2.validationRule-meta.xml","ALTO","Las 383 reglas fueron registradas; 94 coinciden por objeto. Inactividad no equivale a eliminación del inventario."
"ValidationRule","Opportunity","Opportunity.Validacion_de_Test_Drive2","SI","NO","SI","Objeto expresamente solicitado para selección del bloque 9","Objeto fuera de Opportunity, Quote, WorkOrder y Product2","Coincidencia por objeto Opportunity","ACTIVA","Por determinar","No","Tooling API lectura Partial 2026-08-06","MEDIO","Las 383 reglas fueron registradas; 94 coinciden por objeto. Inactividad no equivale a eliminación del inventario."
"ValidationRule","Opportunity","Opportunity.ValidarCamposCerradaGanada","SI","NO","SI","Objeto expresamente solicitado para selección del bloque 9","Objeto fuera de Opportunity, Quote, WorkOrder y Product2","Coincidencia por objeto Opportunity","INACTIVA","Por determinar","No","Tooling API lectura Partial 2026-08-06","MEDIO","Las 383 reglas fueron registradas; 94 coinciden por objeto. Inactividad no equivale a eliminación del inventario."
"ValidationRule","Opportunity","Opportunity.ValidarCamposConsentimientoFinanciero","SI","NO","SI","Objeto expresamente solicitado para selección del bloque 9","Objeto fuera de Opportunity, Quote, WorkOrder y Product2","Coincidencia por objeto Opportunity","ACTIVA","Por determinar","No","Tooling API lectura Partial 2026-08-06","MEDIO","Las 383 reglas fueron registradas; 94 coinciden por objeto. Inactividad no equivale a eliminación del inventario."
"ValidationRule","Opportunity","Opportunity.ValidarPrima","SI","NO","SI","Objeto expresamente solicitado para selección del bloque 9","Objeto fuera de Opportunity, Quote, WorkOrder y Product2","Coincidencia por objeto Opportunity","INACTIVA","Por determinar","No","Tooling API lectura Partial 2026-08-06","MEDIO","Las 383 reglas fueron registradas; 94 coinciden por objeto. Inactividad no equivale a eliminación del inventario."
"ValidationRule","Opportunity","Opportunity.Validar_Origen","SI","NO","SI","Objeto expresamente solicitado para selección del bloque 9","Objeto fuera de Opportunity, Quote, WorkOrder y Product2","Coincidencia por objeto Opportunity","INACTIVA","Por determinar","No","Tooling API lectura Partial 2026-08-06","MEDIO","Las 383 reglas fueron registradas; 94 coinciden por objeto. Inactividad no equivale a eliminación del inventario."
"ValidationRule","OpportunityLineItem","OpportunityLineItem.Descuento_Maximo","SI","NO","NO","","Objeto fuera de Opportunity, Quote, WorkOrder y Product2","Sin coincidencia por objeto del bloque 9","ACTIVA","No","No","Tooling API lectura Partial 2026-08-06","ALTO","Las 383 reglas fueron registradas; 94 coinciden por objeto. Inactividad no equivale a eliminación del inventario."
"ValidationRule","OpportunityLineItem","OpportunityLineItem.NoModificaSalesPriceEnCerradaGanada","SI","NO","NO","","Objeto fuera de Opportunity, Quote, WorkOrder y Product2","Sin coincidencia por objeto del bloque 9","ACTIVA","No","No","Tooling API lectura Partial 2026-08-06","ALTO","Las 383 reglas fueron registradas; 94 coinciden por objeto. Inactividad no equivale a eliminación del inventario."
"ValidationRule","OpportunityLineItem","OpportunityLineItem.PendienteAprobacionDescuento","SI","NO","NO","","Objeto fuera de Opportunity, Quote, WorkOrder y Product2","Sin coincidencia por objeto del bloque 9","ACTIVA","No","No","Tooling API lectura Partial 2026-08-06","ALTO","Las 383 reglas fueron registradas; 94 coinciden por objeto. Inactividad no equivale a eliminación del inventario."
"ValidationRule","Order","Order.BMW_No_Modificar_CompletadoOrd","SI","NO","NO","","Objeto fuera de Opportunity, Quote, WorkOrder y Product2","Sin coincidencia por objeto del bloque 9","INACTIVA","No","No","Tooling API lectura Partial 2026-08-06","ALTO","Las 383 reglas fueron registradas; 94 coinciden por objeto. Inactividad no equivale a eliminación del inventario."
"ValidationRule","Order","Order.VerificaCuenta","SI","NO","NO","","Objeto fuera de Opportunity, Quote, WorkOrder y Product2","Sin coincidencia por objeto del bloque 9","INACTIVA","No","No","Tooling API lectura Partial 2026-08-06","ALTO","Las 383 reglas fueron registradas; 94 coinciden por objeto. Inactividad no equivale a eliminación del inventario."
"ValidationRule","Order","Order.no_aprobar_pedido_sin_confirm_adelantos","SI","NO","NO","","Objeto fuera de Opportunity, Quote, WorkOrder y Product2","Sin coincidencia por objeto del bloque 9","ACTIVA","No","No","Tooling API lectura Partial 2026-08-06","ALTO","Las 383 reglas fueron registradas; 94 coinciden por objeto. Inactividad no equivale a eliminación del inventario."
"ValidationRule","OrderItem","OrderItem.Descuento_maximo","SI","NO","NO","","Objeto fuera de Opportunity, Quote, WorkOrder y Product2","Sin coincidencia por objeto del bloque 9","INACTIVA","No","No","Tooling API lectura Partial 2026-08-06","ALTO","Las 383 reglas fueron registradas; 94 coinciden por objeto. Inactividad no equivale a eliminación del inventario."
"ValidationRule","OrderItem","OrderItem.No_permite_sumar_mas_del_100_porciento","SI","NO","NO","","Objeto fuera de Opportunity, Quote, WorkOrder y Product2","Sin coincidencia por objeto del bloque 9","INACTIVA","No","No","Tooling API lectura Partial 2026-08-06","ALTO","Las 383 reglas fueron registradas; 94 coinciden por objeto. Inactividad no equivale a eliminación del inventario."
"ValidationRule","Pedido_Especial__c","Pedido_Especial__c.Anio_Validate_Format","SI","NO","NO","","Objeto fuera de Opportunity, Quote, WorkOrder y Product2","Sin coincidencia por objeto del bloque 9","ACTIVA","No","No","Tooling API lectura Partial 2026-08-06","ALTO","Las 383 reglas fueron registradas; 94 coinciden por objeto. Inactividad no equivale a eliminación del inventario."
"ValidationRule","Plan_de_mantenimiento__c","Plan_de_mantenimiento__c.NoPuedeCrearPlanDeMantenimiento","SI","NO","NO","","Objeto fuera de Opportunity, Quote, WorkOrder y Product2","Sin coincidencia por objeto del bloque 9","INACTIVA","No","No","Tooling API lectura Partial 2026-08-06","ALTO","Las 383 reglas fueron registradas; 94 coinciden por objeto. Inactividad no equivale a eliminación del inventario."
"ValidationRule","Product2","Product2.CamposEditables","SI","NO","SI","Objeto expresamente solicitado para selección del bloque 9","Objeto fuera de Opportunity, Quote, WorkOrder y Product2","Coincidencia por objeto Product2","INACTIVA","Por determinar","No","Tooling API lectura Partial 2026-08-06","MEDIO","Las 383 reglas fueron registradas; 94 coinciden por objeto. Inactividad no equivale a eliminación del inventario."
"ValidationRule","Product2","Product2.Campos_no_editables_por_asesores","SI","NO","SI","Objeto expresamente solicitado para selección del bloque 9","Objeto fuera de Opportunity, Quote, WorkOrder y Product2","Coincidencia por objeto Product2","ACTIVA","Por determinar","No","Tooling API lectura Partial 2026-08-06","MEDIO","Las 383 reglas fueron registradas; 94 coinciden por objeto. Inactividad no equivale a eliminación del inventario."
"ValidationRule","Product2","Product2.No_permita_mas_del_descuento_maximo","SI","NO","SI","Objeto expresamente solicitado para selección del bloque 9","Objeto fuera de Opportunity, Quote, WorkOrder y Product2","Coincidencia por objeto Product2","INACTIVA","Por determinar","No","Tooling API lectura Partial 2026-08-06","MEDIO","Las 383 reglas fueron registradas; 94 coinciden por objeto. Inactividad no equivale a eliminación del inventario."
"ValidationRule","Product2","Product2.VINNoMasDe5Iguales","SI","NO","SI","Objeto expresamente solicitado para selección del bloque 9","Objeto fuera de Opportunity, Quote, WorkOrder y Product2","Coincidencia por objeto Product2","INACTIVA","Por determinar","No","Tooling API lectura Partial 2026-08-06","MEDIO","Las 383 reglas fueron registradas; 94 coinciden por objeto. Inactividad no equivale a eliminación del inventario."
"ValidationRule","Quote","Quote.BMW_PresupuestoVencido","SI","NO","SI","Objeto expresamente solicitado para selección del bloque 9","Objeto fuera de Opportunity, Quote, WorkOrder y Product2","Coincidencia por objeto Quote","ACTIVA","Por determinar","No","Tooling API lectura Partial 2026-08-06","MEDIO","Las 383 reglas fueron registradas; 94 coinciden por objeto. Inactividad no equivale a eliminación del inventario."
"ValidationRule","Quote","Quote.CentrodeCostoLlenoCuandoCostoFijo","SI","NO","SI","Objeto expresamente solicitado para selección del bloque 9","Objeto fuera de Opportunity, Quote, WorkOrder y Product2","Coincidencia por objeto Quote","ACTIVA","Por determinar","No","Tooling API lectura Partial 2026-08-06","MEDIO","Las 383 reglas fueron registradas; 94 coinciden por objeto. Inactividad no equivale a eliminación del inventario."
"ValidationRule","Quote","Quote.NoCambioCuentaFacturacion","SI","NO","SI","Objeto expresamente solicitado para selección del bloque 9","Objeto fuera de Opportunity, Quote, WorkOrder y Product2","Coincidencia por objeto Quote","ACTIVA","Por determinar","No","Tooling API lectura Partial 2026-08-06","MEDIO","Las 383 reglas fueron registradas; 94 coinciden por objeto. Inactividad no equivale a eliminación del inventario."
"ValidationRule","Quote","Quote.PresupuestoCostoFijoEmpleado","SI","NO","SI","Objeto expresamente solicitado para selección del bloque 9","Objeto fuera de Opportunity, Quote, WorkOrder y Product2","Coincidencia por objeto Quote","ACTIVA","Por determinar","No","Tooling API lectura Partial 2026-08-06","MEDIO","Las 383 reglas fueron registradas; 94 coinciden por objeto. Inactividad no equivale a eliminación del inventario."
"ValidationRule","QuoteLineItem","QuoteLineItem.No_modificar_SalesPrice_para_oportunidad","SI","NO","NO","","Objeto fuera de Opportunity, Quote, WorkOrder y Product2","Sin coincidencia por objeto del bloque 9","INACTIVA","No","No","Tooling API lectura Partial 2026-08-06","ALTO","Las 383 reglas fueron registradas; 94 coinciden por objeto. Inactividad no equivale a eliminación del inventario."
"ValidationRule","ReciboUsado__c","ReciboUsado__c.NoMasDe5NumerosIgualesVIN","SI","NO","NO","","Objeto fuera de Opportunity, Quote, WorkOrder y Product2","Sin coincidencia por objeto del bloque 9","INACTIVA","No","No","Tooling API lectura Partial 2026-08-06","ALTO","Las 383 reglas fueron registradas; 94 coinciden por objeto. Inactividad no equivale a eliminación del inventario."
"ValidationRule","ReciboUsado__c","ReciboUsado__c.PendienteAprobacionDescuento","SI","NO","NO","","Objeto fuera de Opportunity, Quote, WorkOrder y Product2","Sin coincidencia por objeto del bloque 9","ACTIVA","No","No","Tooling API lectura Partial 2026-08-06","ALTO","Las 383 reglas fueron registradas; 94 coinciden por objeto. Inactividad no equivale a eliminación del inventario."
"ValidationRule","ReciboUsado__c","ReciboUsado__c.Producto_de_la_oportunidad_incorrecto","SI","NO","NO","","Objeto fuera de Opportunity, Quote, WorkOrder y Product2","Sin coincidencia por objeto del bloque 9","INACTIVA","No","No","Tooling API lectura Partial 2026-08-06","ALTO","Las 383 reglas fueron registradas; 94 coinciden por objeto. Inactividad no equivale a eliminación del inventario."
"ValidationRule","ReciboUsado__c","ReciboUsado__c.VINChasis_17caracteres","SI","NO","NO","","Objeto fuera de Opportunity, Quote, WorkOrder y Product2","Sin coincidencia por objeto del bloque 9","INACTIVA","No","No","Tooling API lectura Partial 2026-08-06","ALTO","Las 383 reglas fueron registradas; 94 coinciden por objeto. Inactividad no equivale a eliminación del inventario."
"ValidationRule","ReciboUsado__c","ReciboUsado__c.Validar_Npuertas","SI","NO","NO","","Objeto fuera de Opportunity, Quote, WorkOrder y Product2","Sin coincidencia por objeto del bloque 9","INACTIVA","No","No","Tooling API lectura Partial 2026-08-06","ALTO","Las 383 reglas fueron registradas; 94 coinciden por objeto. Inactividad no equivale a eliminación del inventario."
"ValidationRule","ReciboUsado__c","ReciboUsado__c.Validar_Npuertas_autos","SI","NO","NO","","Objeto fuera de Opportunity, Quote, WorkOrder y Product2","Sin coincidencia por objeto del bloque 9","ACTIVA","No","No","Tooling API lectura Partial 2026-08-06","ALTO","Las 383 reglas fueron registradas; 94 coinciden por objeto. Inactividad no equivale a eliminación del inventario."
"ValidationRule","ReciboUsado__c","ReciboUsado__c.Validar_Placa","SI","NO","NO","","Objeto fuera de Opportunity, Quote, WorkOrder y Product2","Sin coincidencia por objeto del bloque 9","ACTIVA","No","No","Tooling API lectura Partial 2026-08-06","ALTO","Las 383 reglas fueron registradas; 94 coinciden por objeto. Inactividad no equivale a eliminación del inventario."
"ValidationRule","ReciboUsado__c","ReciboUsado__c.Validar_mayorIgual_Valor_recibo_cliente","SI","NO","NO","","Objeto fuera de Opportunity, Quote, WorkOrder y Product2","Sin coincidencia por objeto del bloque 9","ACTIVA","No","No","Tooling API lectura Partial 2026-08-06","ALTO","Las 383 reglas fueron registradas; 94 coinciden por objeto. Inactividad no equivale a eliminación del inventario."
"ValidationRule","ReciboUsado__c","ReciboUsado__c.Validar_recibido_mayor_fecha_actual","SI","NO","NO","","Objeto fuera de Opportunity, Quote, WorkOrder y Product2","Sin coincidencia por objeto del bloque 9","INACTIVA","No","No","Tooling API lectura Partial 2026-08-06","ALTO","Las 383 reglas fueron registradas; 94 coinciden por objeto. Inactividad no equivale a eliminación del inventario."
"ValidationRule","ReciboUsado__c","ReciboUsado__c.Validar_valorInicial_mayorCero","SI","NO","NO","","Objeto fuera de Opportunity, Quote, WorkOrder y Product2","Sin coincidencia por objeto del bloque 9","ACTIVA","No","No","Tooling API lectura Partial 2026-08-06","ALTO","Las 383 reglas fueron registradas; 94 coinciden por objeto. Inactividad no equivale a eliminación del inventario."
"ValidationRule","ReciboUsado__c","ReciboUsado__c.Validar_venta_mayor_fecha_ingreso","SI","NO","NO","","Objeto fuera de Opportunity, Quote, WorkOrder y Product2","Sin coincidencia por objeto del bloque 9","ACTIVA","No","No","Tooling API lectura Partial 2026-08-06","ALTO","Las 383 reglas fueron registradas; 94 coinciden por objeto. Inactividad no equivale a eliminación del inventario."
"ValidationRule","ResourceAbsence","ResourceAbsence.Absence_Color_HEX_Format","SI","NO","NO","","Objeto fuera de Opportunity, Quote, WorkOrder y Product2","Sin coincidencia por objeto del bloque 9","ACTIVA","No","No","Tooling API lectura Partial 2026-08-06","ALTO","Las 383 reglas fueron registradas; 94 coinciden por objeto. Inactividad no equivale a eliminación del inventario."
"ValidationRule","ResourceAbsence","ResourceAbsence.startShouldPrecedeEnd","SI","NO","NO","","Objeto fuera de Opportunity, Quote, WorkOrder y Product2","Sin coincidencia por objeto del bloque 9","ACTIVA","No","No","Tooling API lectura Partial 2026-08-06","ALTO","Las 383 reglas fueron registradas; 94 coinciden por objeto. Inactividad no equivale a eliminación del inventario."
"ValidationRule","ServiceAppointment","ServiceAppointment.Dont_allow_scheduled_or_dispatched","SI","NO","NO","","Objeto fuera de Opportunity, Quote, WorkOrder y Product2","Sin coincidencia por objeto del bloque 9","INACTIVA","No","No","Tooling API lectura Partial 2026-08-06","ALTO","Las 383 reglas fueron registradas; 94 coinciden por objeto. Inactividad no equivale a eliminación del inventario."
"ValidationRule","ServiceAppointment","ServiceAppointment.Related_Service_with_time_dependency","SI","NO","NO","","Objeto fuera de Opportunity, Quote, WorkOrder y Product2","Sin coincidencia por objeto del bloque 9","ACTIVA","No","No","Tooling API lectura Partial 2026-08-06","ALTO","Las 383 reglas fueron registradas; 94 coinciden por objeto. Inactividad no equivale a eliminación del inventario."
"ValidationRule","ServiceAppointment","ServiceAppointment.Same_Resource_Same_Start","SI","NO","NO","","Objeto fuera de Opportunity, Quote, WorkOrder y Product2","Sin coincidencia por objeto del bloque 9","ACTIVA","No","No","Tooling API lectura Partial 2026-08-06","ALTO","Las 383 reglas fueron registradas; 94 coinciden por objeto. Inactividad no equivale a eliminación del inventario."
"ValidationRule","ServiceAppointment","ServiceAppointment.Schedule_End_Required","SI","NO","NO","","Objeto fuera de Opportunity, Quote, WorkOrder y Product2","Sin coincidencia por objeto del bloque 9","ACTIVA","No","No","Tooling API lectura Partial 2026-08-06","ALTO","Las 383 reglas fueron registradas; 94 coinciden por objeto. Inactividad no equivale a eliminación del inventario."
"ValidationRule","ServiceAppointment","ServiceAppointment.Schedule_Start_Required","SI","NO","NO","","Objeto fuera de Opportunity, Quote, WorkOrder y Product2","Sin coincidencia por objeto del bloque 9","ACTIVA","No","No","Tooling API lectura Partial 2026-08-06","ALTO","Las 383 reglas fueron registradas; 94 coinciden por objeto. Inactividad no equivale a eliminación del inventario."
"ValidationRule","ServiceAppointment","ServiceAppointment.Service_Color_HEX_Format","SI","NO","NO","","Objeto fuera de Opportunity, Quote, WorkOrder y Product2","Sin coincidencia por objeto del bloque 9","ACTIVA","No","No","Tooling API lectura Partial 2026-08-06","ALTO","Las 383 reglas fueron registradas; 94 coinciden por objeto. Inactividad no equivale a eliminación del inventario."
"ValidationRule","ServiceAppointment","ServiceAppointment.Tiempo_Reconocido_No_Negativo","SI","NO","NO","","Objeto fuera de Opportunity, Quote, WorkOrder y Product2","Sin coincidencia por objeto del bloque 9","ACTIVA","No","No","Tooling API lectura Partial 2026-08-06","ALTO","Las 383 reglas fueron registradas; 94 coinciden por objeto. Inactividad no equivale a eliminación del inventario."
"ValidationRule","ServiceAppointment","ServiceAppointment.Time_dependency_with_related_service","SI","NO","NO","","Objeto fuera de Opportunity, Quote, WorkOrder y Product2","Sin coincidencia por objeto del bloque 9","ACTIVA","No","No","Tooling API lectura Partial 2026-08-06","ALTO","Las 383 reglas fueron registradas; 94 coinciden por objeto. Inactividad no equivale a eliminación del inventario."
"ValidationRule","ServiceAppointment","ServiceAppointment.isDueDateExist","SI","NO","NO","","Objeto fuera de Opportunity, Quote, WorkOrder y Product2","Sin coincidencia por objeto del bloque 9","INACTIVA","No","No","Tooling API lectura Partial 2026-08-06","ALTO","Las 383 reglas fueron registradas; 94 coinciden por objeto. Inactividad no equivale a eliminación del inventario."
"ValidationRule","ServiceAppointment","ServiceAppointment.isDurationExist","SI","NO","NO","","Objeto fuera de Opportunity, Quote, WorkOrder y Product2","Sin coincidencia por objeto del bloque 9","INACTIVA","No","No","Tooling API lectura Partial 2026-08-06","ALTO","Las 383 reglas fueron registradas; 94 coinciden por objeto. Inactividad no equivale a eliminación del inventario."
"ValidationRule","ServiceAppointment","ServiceAppointment.isEarliestStartTimeExist","SI","NO","NO","","Objeto fuera de Opportunity, Quote, WorkOrder y Product2","Sin coincidencia por objeto del bloque 9","INACTIVA","No","No","Tooling API lectura Partial 2026-08-06","ALTO","Las 383 reglas fueron registradas; 94 coinciden por objeto. Inactividad no equivale a eliminación del inventario."
"ValidationRule","ServiceAppointment","ServiceAppointment.startTimeShouldPrecedeEndTime","SI","NO","NO","","Objeto fuera de Opportunity, Quote, WorkOrder y Product2","Sin coincidencia por objeto del bloque 9","INACTIVA","No","No","Tooling API lectura Partial 2026-08-06","ALTO","Las 383 reglas fueron registradas; 94 coinciden por objeto. Inactividad no equivale a eliminación del inventario."
"ValidationRule","ServiceCrewMember","ServiceCrewMember.Prevent_Crew_Allocation_For_Contractors","SI","NO","NO","","Objeto fuera de Opportunity, Quote, WorkOrder y Product2","Sin coincidencia por objeto del bloque 9","ACTIVA","No","No","Tooling API lectura Partial 2026-08-06","ALTO","Las 383 reglas fueron registradas; 94 coinciden por objeto. Inactividad no equivale a eliminación del inventario."
"ValidationRule","ServiceResource","ServiceResource.Capacity_Resource_of_Type_Crew","SI","NO","NO","","Objeto fuera de Opportunity, Quote, WorkOrder y Product2","Sin coincidencia por objeto del bloque 9","ACTIVA","No","No","Tooling API lectura Partial 2026-08-06","ALTO","Las 383 reglas fueron registradas; 94 coinciden por objeto. Inactividad no equivale a eliminación del inventario."
"ValidationRule","ServiceResource","ServiceResource.Resource_travel","SI","NO","NO","","Objeto fuera de Opportunity, Quote, WorkOrder y Product2","Sin coincidencia por objeto del bloque 9","ACTIVA","No","No","Tooling API lectura Partial 2026-08-06","ALTO","Las 383 reglas fueron registradas; 94 coinciden por objeto. Inactividad no equivale a eliminación del inventario."
"ValidationRule","ServiceTerritoryMember","ServiceTerritoryMember.Limit_STM_End_Date","SI","NO","NO","","Objeto fuera de Opportunity, Quote, WorkOrder y Product2","Sin coincidencia por objeto del bloque 9","ACTIVA","No","No","Tooling API lectura Partial 2026-08-06","ALTO","Las 383 reglas fueron registradas; 94 coinciden por objeto. Inactividad no equivale a eliminación del inventario."
"ValidationRule","ServiceTerritoryMember","ServiceTerritoryMember.Secondary_STM","SI","NO","NO","","Objeto fuera de Opportunity, Quote, WorkOrder y Product2","Sin coincidencia por objeto del bloque 9","ACTIVA","No","No","Tooling API lectura Partial 2026-08-06","ALTO","Las 383 reglas fueron registradas; 94 coinciden por objeto. Inactividad no equivale a eliminación del inventario."
"ValidationRule","Subtipo_de_trabajo_del_caso__c","Subtipo_de_trabajo_del_caso__c.BMW_No_Modificar_CompletadoTDT","SI","NO","NO","","Objeto fuera de Opportunity, Quote, WorkOrder y Product2","Sin coincidencia por objeto del bloque 9","INACTIVA","No","No","Tooling API lectura Partial 2026-08-06","ALTO","Las 383 reglas fueron registradas; 94 coinciden por objeto. Inactividad no equivale a eliminación del inventario."
"ValidationRule","Task","Task.AsuntoNoPermitido","SI","NO","NO","","Objeto fuera de Opportunity, Quote, WorkOrder y Product2","Sin coincidencia por objeto del bloque 9","INACTIVA","No","No","Tooling API lectura Partial 2026-08-06","ALTO","Las 383 reglas fueron registradas; 94 coinciden por objeto. Inactividad no equivale a eliminación del inventario."
"ValidationRule","Tel_fono__c","Tel_fono__c.Val_51_TelefonoMovil_SoloNumeros","SI","NO","NO","","Objeto fuera de Opportunity, Quote, WorkOrder y Product2","Sin coincidencia por objeto del bloque 9","ACTIVA","No","No","Tooling API lectura Partial 2026-08-06","ALTO","Las 383 reglas fueron registradas; 94 coinciden por objeto. Inactividad no equivale a eliminación del inventario."
"ValidationRule","Tel_fono__c","Tel_fono__c.Val_52_TelefonoMovil_CR_LargoIncorrecto","SI","NO","NO","","Objeto fuera de Opportunity, Quote, WorkOrder y Product2","Sin coincidencia por objeto del bloque 9","ACTIVA","No","No","Tooling API lectura Partial 2026-08-06","ALTO","Las 383 reglas fueron registradas; 94 coinciden por objeto. Inactividad no equivale a eliminación del inventario."
"ValidationRule","Tel_fono__c","Tel_fono__c.Val_53_TelefonoMovil_CR_InicioIncorrecto","SI","NO","NO","","Objeto fuera de Opportunity, Quote, WorkOrder y Product2","Sin coincidencia por objeto del bloque 9","INACTIVA","No","No","Tooling API lectura Partial 2026-08-06","ALTO","Las 383 reglas fueron registradas; 94 coinciden por objeto. Inactividad no equivale a eliminación del inventario."
"ValidationRule","Tel_fono__c","Tel_fono__c.Val_54_TelefonoMovil_Requerido","SI","NO","NO","","Objeto fuera de Opportunity, Quote, WorkOrder y Product2","Sin coincidencia por objeto del bloque 9","ACTIVA","No","No","Tooling API lectura Partial 2026-08-06","ALTO","Las 383 reglas fueron registradas; 94 coinciden por objeto. Inactividad no equivale a eliminación del inventario."
"ValidationRule","Tel_fono__c","Tel_fono__c.Val_55_TelefonoFijo_SoloNumeros","SI","NO","NO","","Objeto fuera de Opportunity, Quote, WorkOrder y Product2","Sin coincidencia por objeto del bloque 9","ACTIVA","No","No","Tooling API lectura Partial 2026-08-06","ALTO","Las 383 reglas fueron registradas; 94 coinciden por objeto. Inactividad no equivale a eliminación del inventario."
"ValidationRule","Tel_fono__c","Tel_fono__c.Val_56_TelefonoFijo_LargoIncorrecto","SI","NO","NO","","Objeto fuera de Opportunity, Quote, WorkOrder y Product2","Sin coincidencia por objeto del bloque 9","ACTIVA","No","No","Tooling API lectura Partial 2026-08-06","ALTO","Las 383 reglas fueron registradas; 94 coinciden por objeto. Inactividad no equivale a eliminación del inventario."
"ValidationRule","Tel_fono__c","Tel_fono__c.Val_57_TelefonoFijo_InicioIncorrecto","SI","NO","NO","","Objeto fuera de Opportunity, Quote, WorkOrder y Product2","Sin coincidencia por objeto del bloque 9","ACTIVA","No","No","Tooling API lectura Partial 2026-08-06","ALTO","Las 383 reglas fueron registradas; 94 coinciden por objeto. Inactividad no equivale a eliminación del inventario."
"ValidationRule","Tel_fono__c","Tel_fono__c.Val_58_TelefonoFijo_Requerido","SI","NO","NO","","Objeto fuera de Opportunity, Quote, WorkOrder y Product2","Sin coincidencia por objeto del bloque 9","ACTIVA","No","No","Tooling API lectura Partial 2026-08-06","ALTO","Las 383 reglas fueron registradas; 94 coinciden por objeto. Inactividad no equivale a eliminación del inventario."
"ValidationRule","Tel_fono__c","Tel_fono__c.Val_59_TelefonoFijo_DigitosRepetidos","SI","NO","NO","","Objeto fuera de Opportunity, Quote, WorkOrder y Product2","Sin coincidencia por objeto del bloque 9","ACTIVA","No","No","Tooling API lectura Partial 2026-08-06","ALTO","Las 383 reglas fueron registradas; 94 coinciden por objeto. Inactividad no equivale a eliminación del inventario."
"ValidationRule","Tel_fono__c","Tel_fono__c.Val_60_TelefonoMovil_DigitosRepetidos","SI","NO","NO","","Objeto fuera de Opportunity, Quote, WorkOrder y Product2","Sin coincidencia por objeto del bloque 9","INACTIVA","No","No","Tooling API lectura Partial 2026-08-06","ALTO","Las 383 reglas fueron registradas; 94 coinciden por objeto. Inactividad no equivale a eliminación del inventario."
"ValidationRule","Tel_fono__c","Tel_fono__c.Val_61_TelefonoMovil_CodigoDeAreaRequeri","SI","NO","NO","","Objeto fuera de Opportunity, Quote, WorkOrder y Product2","Sin coincidencia por objeto del bloque 9","INACTIVA","No","No","Tooling API lectura Partial 2026-08-06","ALTO","Las 383 reglas fueron registradas; 94 coinciden por objeto. Inactividad no equivale a eliminación del inventario."
"ValidationRule","Tel_fono__c","Tel_fono__c.Val_62_TelefonoFijo_CodigoDeAreaRequerid","SI","NO","NO","","Objeto fuera de Opportunity, Quote, WorkOrder y Product2","Sin coincidencia por objeto del bloque 9","INACTIVA","No","No","Tooling API lectura Partial 2026-08-06","ALTO","Las 383 reglas fueron registradas; 94 coinciden por objeto. Inactividad no equivale a eliminación del inventario."
"ValidationRule","TimeSheet","TimeSheet.TS_No_Editar_Terminado","SI","NO","NO","","Objeto fuera de Opportunity, Quote, WorkOrder y Product2","Sin coincidencia por objeto del bloque 9","INACTIVA","No","No","Tooling API lectura Partial 2026-08-06","ALTO","Las 383 reglas fueron registradas; 94 coinciden por objeto. Inactividad no equivale a eliminación del inventario."
"ValidationRule","TimeSheet","TimeSheet.TS_Salida_Mayor_Ingreso","SI","NO","NO","","Objeto fuera de Opportunity, Quote, WorkOrder y Product2","Sin coincidencia por objeto del bloque 9","INACTIVA","No","No","Tooling API lectura Partial 2026-08-06","ALTO","Las 383 reglas fueron registradas; 94 coinciden por objeto. Inactividad no equivale a eliminación del inventario."
"ValidationRule","TimeSheet","TimeSheet.TS_Salida_Requiere_Ingreso","SI","NO","NO","","Objeto fuera de Opportunity, Quote, WorkOrder y Product2","Sin coincidencia por objeto del bloque 9","INACTIVA","No","No","Tooling API lectura Partial 2026-08-06","ALTO","Las 383 reglas fueron registradas; 94 coinciden por objeto. Inactividad no equivale a eliminación del inventario."
"ValidationRule","TimeSheet","TimeSheet.TS_Terminado_Requiere_Ambas_Horas","SI","NO","NO","","Objeto fuera de Opportunity, Quote, WorkOrder y Product2","Sin coincidencia por objeto del bloque 9","INACTIVA","No","No","Tooling API lectura Partial 2026-08-06","ALTO","Las 383 reglas fueron registradas; 94 coinciden por objeto. Inactividad no equivale a eliminación del inventario."
"ValidationRule","TimeSheetEntry","TimeSheetEntry.TSE_Fin_Mayor_Inicio","SI","NO","NO","","Objeto fuera de Opportunity, Quote, WorkOrder y Product2","Sin coincidencia por objeto del bloque 9","INACTIVA","No","No","Tooling API lectura Partial 2026-08-06","ALTO","Las 383 reglas fueron registradas; 94 coinciden por objeto. Inactividad no equivale a eliminación del inventario."
"ValidationRule","TimeSheetEntry","TimeSheetEntry.TSE_Motivo_Pausa_Requerido","SI","NO","NO","","Objeto fuera de Opportunity, Quote, WorkOrder y Product2","Sin coincidencia por objeto del bloque 9","INACTIVA","No","No","Tooling API lectura Partial 2026-08-06","ALTO","Las 383 reglas fueron registradas; 94 coinciden por objeto. Inactividad no equivale a eliminación del inventario."
"ValidationRule","TimeSheetEntry","TimeSheetEntry.TSE_No_Editar_TS_Terminado","SI","NO","NO","","Objeto fuera de Opportunity, Quote, WorkOrder y Product2","Sin coincidencia por objeto del bloque 9","INACTIVA","No","No","Tooling API lectura Partial 2026-08-06","ALTO","Las 383 reglas fueron registradas; 94 coinciden por objeto. Inactividad no equivale a eliminación del inventario."
"ValidationRule","WorkOrder","WorkOrder.Acepto_financiamiento_disponible","SI","NO","SI","Objeto expresamente solicitado para selección del bloque 9","Objeto fuera de Opportunity, Quote, WorkOrder y Product2","Coincidencia por objeto WorkOrder","INACTIVA","Por determinar","No","Tooling API lectura Partial 2026-08-06","MEDIO","Las 383 reglas fueron registradas; 94 coinciden por objeto. Inactividad no equivale a eliminación del inventario."
"ValidationRule","WorkOrder","WorkOrder.BMW_Aseguradora_Obligatoria","SI","NO","SI","Objeto expresamente solicitado para selección del bloque 9","Objeto fuera de Opportunity, Quote, WorkOrder y Product2","Coincidencia por objeto WorkOrder","ACTIVA","Por determinar","No","Tooling API lectura Partial 2026-08-06","MEDIO","Las 383 reglas fueron registradas; 94 coinciden por objeto. Inactividad no equivale a eliminación del inventario."
"ValidationRule","WorkOrder","WorkOrder.BMW_Centro_de_Costos_Obligatorio","SI","NO","SI","Objeto expresamente solicitado para selección del bloque 9","Objeto fuera de Opportunity, Quote, WorkOrder y Product2","Coincidencia por objeto WorkOrder","ACTIVA","Por determinar","No","Tooling API lectura Partial 2026-08-06","MEDIO","Las 383 reglas fueron registradas; 94 coinciden por objeto. Inactividad no equivale a eliminación del inventario."
"ValidationRule","WorkOrder","WorkOrder.BMW_No_Modificar_Completado","SI","NO","SI","Objeto expresamente solicitado para selección del bloque 9","Objeto fuera de Opportunity, Quote, WorkOrder y Product2","Coincidencia por objeto WorkOrder","INACTIVA","Por determinar","No","Tooling API lectura Partial 2026-08-06","MEDIO","Las 383 reglas fueron registradas; 94 coinciden por objeto. Inactividad no equivale a eliminación del inventario."
"ValidationRule","WorkOrder","WorkOrder.BMW_No_Modificar_CompletadoCWO","SI","NO","SI","Objeto expresamente solicitado para selección del bloque 9","Objeto fuera de Opportunity, Quote, WorkOrder y Product2","Coincidencia por objeto WorkOrder","INACTIVA","Por determinar","No","Tooling API lectura Partial 2026-08-06","MEDIO","Las 383 reglas fueron registradas; 94 coinciden por objeto. Inactividad no equivale a eliminación del inventario."
"ValidationRule","WorkOrder","WorkOrder.CambiarAFacturada","SI","NO","SI","Objeto expresamente solicitado para selección del bloque 9","Objeto fuera de Opportunity, Quote, WorkOrder y Product2","Coincidencia por objeto WorkOrder","INACTIVA","Por determinar","No","Tooling API lectura Partial 2026-08-06","MEDIO","Las 383 reglas fueron registradas; 94 coinciden por objeto. Inactividad no equivale a eliminación del inventario."
"ValidationRule","WorkOrder","WorkOrder.Cantidad_nula_en_financiamiento_aceptado","SI","NO","SI","Objeto expresamente solicitado para selección del bloque 9","Objeto fuera de Opportunity, Quote, WorkOrder y Product2","Coincidencia por objeto WorkOrder","INACTIVA","Por determinar","No","Tooling API lectura Partial 2026-08-06","MEDIO","Las 383 reglas fueron registradas; 94 coinciden por objeto. Inactividad no equivale a eliminación del inventario."
"ValidationRule","WorkOrder","WorkOrder.Detalle_de_Estado_Listo","SI","NO","SI","Objeto expresamente solicitado para selección del bloque 9","Objeto fuera de Opportunity, Quote, WorkOrder y Product2","Coincidencia por objeto WorkOrder","ACTIVA","Por determinar","No","Tooling API lectura Partial 2026-08-06","MEDIO","Las 383 reglas fueron registradas; 94 coinciden por objeto. Inactividad no equivale a eliminación del inventario."
"ValidationRule","WorkOrder","WorkOrder.Encuesta_Obligatoria","SI","NO","SI","Objeto expresamente solicitado para selección del bloque 9","Objeto fuera de Opportunity, Quote, WorkOrder y Product2","Coincidencia por objeto WorkOrder","ACTIVA","Por determinar","No","Tooling API lectura Partial 2026-08-06","MEDIO","Las 383 reglas fueron registradas; 94 coinciden por objeto. Inactividad no equivale a eliminación del inventario."
"ValidationRule","WorkOrder","WorkOrder.Enviar_a_Facturar","SI","NO","SI","Objeto expresamente solicitado para selección del bloque 9","Objeto fuera de Opportunity, Quote, WorkOrder y Product2","Coincidencia por objeto WorkOrder","ACTIVA","Por determinar","No","Tooling API lectura Partial 2026-08-06","MEDIO","Las 383 reglas fueron registradas; 94 coinciden por objeto. Inactividad no equivale a eliminación del inventario."
"ValidationRule","WorkOrder","WorkOrder.Etapa_Espera_Taller","SI","NO","SI","Objeto expresamente solicitado para selección del bloque 9","Objeto fuera de Opportunity, Quote, WorkOrder y Product2","Coincidencia por objeto WorkOrder","ACTIVA","Por determinar","No","Tooling API lectura Partial 2026-08-06","MEDIO","Las 383 reglas fueron registradas; 94 coinciden por objeto. Inactividad no equivale a eliminación del inventario."
"ValidationRule","WorkOrder","WorkOrder.Etapa_Lavado","SI","NO","SI","Objeto expresamente solicitado para selección del bloque 9","Objeto fuera de Opportunity, Quote, WorkOrder y Product2","Coincidencia por objeto WorkOrder","INACTIVA","Por determinar","No","Tooling API lectura Partial 2026-08-06","MEDIO","Las 383 reglas fueron registradas; 94 coinciden por objeto. Inactividad no equivale a eliminación del inventario."
"ValidationRule","WorkOrder","WorkOrder.Etapa_en_recepcion","SI","NO","SI","Objeto expresamente solicitado para selección del bloque 9","Objeto fuera de Opportunity, Quote, WorkOrder y Product2","Coincidencia por objeto WorkOrder","INACTIVA","Por determinar","No","Tooling API lectura Partial 2026-08-06","MEDIO","Las 383 reglas fueron registradas; 94 coinciden por objeto. Inactividad no equivale a eliminación del inventario."
"ValidationRule","WorkOrder","WorkOrder.Etapas_Presupuesto_Aprobacion_y_Listo","SI","NO","SI","Objeto expresamente solicitado para selección del bloque 9","Objeto fuera de Opportunity, Quote, WorkOrder y Product2","Coincidencia por objeto WorkOrder","ACTIVA","Por determinar","No","Tooling API lectura Partial 2026-08-06","MEDIO","Las 383 reglas fueron registradas; 94 coinciden por objeto. Inactividad no equivale a eliminación del inventario."
"ValidationRule","WorkOrder","WorkOrder.Etapas_Torre_y_Revision","SI","NO","SI","Objeto expresamente solicitado para selección del bloque 9","Objeto fuera de Opportunity, Quote, WorkOrder y Product2","Coincidencia por objeto WorkOrder","ACTIVA","Por determinar","No","Tooling API lectura Partial 2026-08-06","MEDIO","Las 383 reglas fueron registradas; 94 coinciden por objeto. Inactividad no equivale a eliminación del inventario."
"ValidationRule","WorkOrder","WorkOrder.Etapas_incrementables_OT","SI","NO","SI","Objeto expresamente solicitado para selección del bloque 9","Objeto fuera de Opportunity, Quote, WorkOrder y Product2","Coincidencia por objeto WorkOrder","INACTIVA","Por determinar","No","Tooling API lectura Partial 2026-08-06","MEDIO","Las 383 reglas fueron registradas; 94 coinciden por objeto. Inactividad no equivale a eliminación del inventario."
"ValidationRule","WorkOrder","WorkOrder.Facturada_solo_por_Admin","SI","NO","SI","Objeto expresamente solicitado para selección del bloque 9","Objeto fuera de Opportunity, Quote, WorkOrder y Product2","Coincidencia por objeto WorkOrder","ACTIVA","Por determinar","No","Tooling API lectura Partial 2026-08-06","MEDIO","Las 383 reglas fueron registradas; 94 coinciden por objeto. Inactividad no equivale a eliminación del inventario."
"ValidationRule","WorkOrder","WorkOrder.Kilometros_vacio_para_Admin","SI","NO","SI","Objeto expresamente solicitado para selección del bloque 9","Objeto fuera de Opportunity, Quote, WorkOrder y Product2","Coincidencia por objeto WorkOrder","INACTIVA","Por determinar","No","Tooling API lectura Partial 2026-08-06","MEDIO","Las 383 reglas fueron registradas; 94 coinciden por objeto. Inactividad no equivale a eliminación del inventario."
"ValidationRule","WorkOrder","WorkOrder.NoPuedeCambiarOrdenAFacturada","SI","NO","SI","Objeto expresamente solicitado para selección del bloque 9","Objeto fuera de Opportunity, Quote, WorkOrder y Product2","Coincidencia por objeto WorkOrder","ACTIVA","Por determinar","No","Tooling API lectura Partial 2026-08-06","MEDIO","Las 383 reglas fueron registradas; 94 coinciden por objeto. Inactividad no equivale a eliminación del inventario."
"ValidationRule","WorkOrder","WorkOrder.Opcion_de_financiamiento","SI","NO","SI","Objeto expresamente solicitado para selección del bloque 9","Objeto fuera de Opportunity, Quote, WorkOrder y Product2","Coincidencia por objeto WorkOrder","INACTIVA","Por determinar","No","Tooling API lectura Partial 2026-08-06","MEDIO","Las 383 reglas fueron registradas; 94 coinciden por objeto. Inactividad no equivale a eliminación del inventario."
"ValidationRule","WorkOrder","WorkOrder.OrdenFacturadaDebeTenerCategorizacion","SI","NO","SI","Objeto expresamente solicitado para selección del bloque 9","Objeto fuera de Opportunity, Quote, WorkOrder y Product2","Coincidencia por objeto WorkOrder","ACTIVA","Por determinar","No","Tooling API lectura Partial 2026-08-06","MEDIO","Las 383 reglas fueron registradas; 94 coinciden por objeto. Inactividad no equivale a eliminación del inventario."
"ValidationRule","WorkOrder","WorkOrder.OwnerDistinto","SI","NO","SI","Objeto expresamente solicitado para selección del bloque 9","Objeto fuera de Opportunity, Quote, WorkOrder y Product2","Coincidencia por objeto WorkOrder","ACTIVA","Por determinar","No","Tooling API lectura Partial 2026-08-06","MEDIO","Las 383 reglas fueron registradas; 94 coinciden por objeto. Inactividad no equivale a eliminación del inventario."
"ValidationRule","WorkOrder","WorkOrder.RealizarEncuestaNoDebeCategorizar","SI","NO","SI","Objeto expresamente solicitado para selección del bloque 9","Objeto fuera de Opportunity, Quote, WorkOrder y Product2","Coincidencia por objeto WorkOrder","ACTIVA","Por determinar","No","Tooling API lectura Partial 2026-08-06","MEDIO","Las 383 reglas fueron registradas; 94 coinciden por objeto. Inactividad no equivale a eliminación del inventario."
"ValidationRule","WorkOrder","WorkOrder.Realizar_encuesta_obligatorio_Kawa_Polar","SI","NO","SI","Objeto expresamente solicitado para selección del bloque 9","Objeto fuera de Opportunity, Quote, WorkOrder y Product2","Coincidencia por objeto WorkOrder","INACTIVA","Por determinar","No","Tooling API lectura Partial 2026-08-06","MEDIO","Las 383 reglas fueron registradas; 94 coinciden por objeto. Inactividad no equivale a eliminación del inventario."
"ValidationRule","WorkOrder","WorkOrder.Rechazo_financiamiento_disponible","SI","NO","SI","Objeto expresamente solicitado para selección del bloque 9","Objeto fuera de Opportunity, Quote, WorkOrder y Product2","Coincidencia por objeto WorkOrder","INACTIVA","Por determinar","No","Tooling API lectura Partial 2026-08-06","MEDIO","Las 383 reglas fueron registradas; 94 coinciden por objeto. Inactividad no equivale a eliminación del inventario."
"ValidationRule","WorkOrder","WorkOrder.Respuesta_financiamiento_disponible","SI","NO","SI","Objeto expresamente solicitado para selección del bloque 9","Objeto fuera de Opportunity, Quote, WorkOrder y Product2","Coincidencia por objeto WorkOrder","INACTIVA","Por determinar","No","Tooling API lectura Partial 2026-08-06","MEDIO","Las 383 reglas fueron registradas; 94 coinciden por objeto. Inactividad no equivale a eliminación del inventario."
"ValidationRule","WorkOrder","WorkOrder.SoloAseguradoraReprogramada","SI","NO","SI","Objeto expresamente solicitado para selección del bloque 9","Objeto fuera de Opportunity, Quote, WorkOrder y Product2","Coincidencia por objeto WorkOrder","ACTIVA","Por determinar","No","Tooling API lectura Partial 2026-08-06","MEDIO","Las 383 reglas fueron registradas; 94 coinciden por objeto. Inactividad no equivale a eliminación del inventario."
"ValidationRule","WorkOrder","WorkOrder.ValidaKilometrajeWOConAsset","SI","NO","SI","Objeto expresamente solicitado para selección del bloque 9","Objeto fuera de Opportunity, Quote, WorkOrder y Product2","Coincidencia por objeto WorkOrder","INACTIVA","Por determinar","No","Tooling API lectura Partial 2026-08-06","MEDIO","Las 383 reglas fueron registradas; 94 coinciden por objeto. Inactividad no equivale a eliminación del inventario."
"ValidationRule","WorkOrder","WorkOrder.ValidacionContactoPersonalCuandoCuentaWO","SI","NO","SI","Objeto expresamente solicitado para selección del bloque 9","Objeto fuera de Opportunity, Quote, WorkOrder y Product2","Coincidencia por objeto WorkOrder","INACTIVA","Por determinar","No","Tooling API lectura Partial 2026-08-06","MEDIO","Las 383 reglas fueron registradas; 94 coinciden por objeto. Inactividad no equivale a eliminación del inventario."
"ValidationRule","WorkOrder","WorkOrder.Validacion_Encuesta","SI","NO","SI","Objeto expresamente solicitado para selección del bloque 9","Objeto fuera de Opportunity, Quote, WorkOrder y Product2","Coincidencia por objeto WorkOrder","INACTIVA","Por determinar","No","Tooling API lectura Partial 2026-08-06","MEDIO","Las 383 reglas fueron registradas; 94 coinciden por objeto. Inactividad no equivale a eliminación del inventario."
"ValidationRule","WorkOrder","WorkOrder.Validacion_contribuyente_y_factura","SI","NO","SI","Objeto expresamente solicitado para selección del bloque 9","Objeto fuera de Opportunity, Quote, WorkOrder y Product2","Coincidencia por objeto WorkOrder","INACTIVA","Por determinar","No","Tooling API lectura Partial 2026-08-06","MEDIO","Las 383 reglas fueron registradas; 94 coinciden por objeto. Inactividad no equivale a eliminación del inventario."
"ValidationRule","WorkOrder","WorkOrder.Validacion_de_campos_cuenta","SI","NO","SI","Objeto expresamente solicitado para selección del bloque 9","Objeto fuera de Opportunity, Quote, WorkOrder y Product2","Coincidencia por objeto WorkOrder","INACTIVA","Por determinar","No","Tooling API lectura Partial 2026-08-06","MEDIO","Las 383 reglas fueron registradas; 94 coinciden por objeto. Inactividad no equivale a eliminación del inventario."
"ValidationRule","WorkOrder","WorkOrder.Validacion_que_impide_ir_a_otras_etapas","SI","NO","SI","Objeto expresamente solicitado para selección del bloque 9","Objeto fuera de Opportunity, Quote, WorkOrder y Product2","Coincidencia por objeto WorkOrder","INACTIVA","Por determinar","No","Tooling API lectura Partial 2026-08-06","MEDIO","Las 383 reglas fueron registradas; 94 coinciden por objeto. Inactividad no equivale a eliminación del inventario."
"ValidationRule","WorkOrder","WorkOrder.reglaaprobacioncentroDeCosto","SI","NO","SI","Objeto expresamente solicitado para selección del bloque 9","Objeto fuera de Opportunity, Quote, WorkOrder y Product2","Coincidencia por objeto WorkOrder","INACTIVA","Por determinar","No","Tooling API lectura Partial 2026-08-06","MEDIO","Las 383 reglas fueron registradas; 94 coinciden por objeto. Inactividad no equivale a eliminación del inventario."
"ValidationRule","WorkOrderLineItem","WorkOrderLineItem.BMW_No_Modificar_CompletadoWOLI","SI","NO","NO","","Objeto fuera de Opportunity, Quote, WorkOrder y Product2","Sin coincidencia por objeto del bloque 9","INACTIVA","No","No","Tooling API lectura Partial 2026-08-06","ALTO","Las 383 reglas fueron registradas; 94 coinciden por objeto. Inactividad no equivale a eliminación del inventario."
"ValidationRule","WorkOrderLineItem","WorkOrderLineItem.Cantidad_devolucion","SI","NO","NO","","Objeto fuera de Opportunity, Quote, WorkOrder y Product2","Sin coincidencia por objeto del bloque 9","INACTIVA","No","No","Tooling API lectura Partial 2026-08-06","ALTO","Las 383 reglas fueron registradas; 94 coinciden por objeto. Inactividad no equivale a eliminación del inventario."
"ValidationRule","WorkOrderLineItem","WorkOrderLineItem.Descuento_maximo","SI","NO","NO","","Objeto fuera de Opportunity, Quote, WorkOrder y Product2","Sin coincidencia por objeto del bloque 9","INACTIVA","No","No","Tooling API lectura Partial 2026-08-06","ALTO","Las 383 reglas fueron registradas; 94 coinciden por objeto. Inactividad no equivale a eliminación del inventario."
"ValidationRule","WorkOrderLineItem","WorkOrderLineItem.MaximoTipoDeCargo100","SI","NO","NO","","Objeto fuera de Opportunity, Quote, WorkOrder y Product2","Sin coincidencia por objeto del bloque 9","INACTIVA","No","No","Tooling API lectura Partial 2026-08-06","ALTO","Las 383 reglas fueron registradas; 94 coinciden por objeto. Inactividad no equivale a eliminación del inventario."
"ValidationRule","WorkOrderLineItem","WorkOrderLineItem.WOLI_Lock_When_Status_Finished","SI","NO","NO","","Objeto fuera de Opportunity, Quote, WorkOrder y Product2","Sin coincidencia por objeto del bloque 9","ACTIVA","No","No","Tooling API lectura Partial 2026-08-06","ALTO","Las 383 reglas fueron registradas; 94 coinciden por objeto. Inactividad no equivale a eliminación del inventario."
"ValidationRule","WorkOrderLineItem","WorkOrderLineItem.WOLI_Validate_Status_Transitions","SI","NO","NO","","Objeto fuera de Opportunity, Quote, WorkOrder y Product2","Sin coincidencia por objeto del bloque 9","ACTIVA","No","No","Tooling API lectura Partial 2026-08-06","ALTO","Las 383 reglas fueron registradas; 94 coinciden por objeto. Inactividad no equivale a eliminación del inventario."
"ValidationRule","WorkPlan","WorkPlan.BMW_No_Modificar_CompletadoWP","SI","NO","NO","","Objeto fuera de Opportunity, Quote, WorkOrder y Product2","Sin coincidencia por objeto del bloque 9","INACTIVA","No","No","Tooling API lectura Partial 2026-08-06","ALTO","Las 383 reglas fueron registradas; 94 coinciden por objeto. Inactividad no equivale a eliminación del inventario."
"ValidationRule","WorkStep","WorkStep.BMW_No_Modificar_CompletadoWS","SI","NO","NO","","Objeto fuera de Opportunity, Quote, WorkOrder y Product2","Sin coincidencia por objeto del bloque 9","INACTIVA","No","No","Tooling API lectura Partial 2026-08-06","ALTO","Las 383 reglas fueron registradas; 94 coinciden por objeto. Inactividad no equivale a eliminación del inventario."
"ValidationRule","WorkStep","WorkStep.IniciarSinMecanicoAsignado","SI","NO","NO","","Objeto fuera de Opportunity, Quote, WorkOrder y Product2","Sin coincidencia por objeto del bloque 9","INACTIVA","No","No","Tooling API lectura Partial 2026-08-06","ALTO","Las 383 reglas fueron registradas; 94 coinciden por objeto. Inactividad no equivale a eliminación del inventario."
"ValidationRule","WorkStep","WorkStep.MecanicoRequeridoEstatusCompletado","SI","NO","NO","","Objeto fuera de Opportunity, Quote, WorkOrder y Product2","Sin coincidencia por objeto del bloque 9","ACTIVA","No","No","Tooling API lectura Partial 2026-08-06","ALTO","Las 383 reglas fueron registradas; 94 coinciden por objeto. Inactividad no equivale a eliminación del inventario."
"ValidationRule","WorkStep","WorkStep.Owner","SI","NO","NO","","Objeto fuera de Opportunity, Quote, WorkOrder y Product2","Sin coincidencia por objeto del bloque 9","INACTIVA","No","No","Tooling API lectura Partial 2026-08-06","ALTO","Las 383 reglas fueron registradas; 94 coinciden por objeto. Inactividad no equivale a eliminación del inventario."
"ValidationRule","WorkStep","WorkStep.StartTime_Without_Mechanic","SI","NO","NO","","Objeto fuera de Opportunity, Quote, WorkOrder y Product2","Sin coincidencia por objeto del bloque 9","INACTIVA","No","No","Tooling API lectura Partial 2026-08-06","ALTO","Las 383 reglas fueron registradas; 94 coinciden por objeto. Inactividad no equivale a eliminación del inventario."
"ValidationRule","WorkStep","WorkStep.Status_Completado_Con_Mecanico","SI","NO","NO","","Objeto fuera de Opportunity, Quote, WorkOrder y Product2","Sin coincidencia por objeto del bloque 9","ACTIVA","No","No","Tooling API lectura Partial 2026-08-06","ALTO","Las 383 reglas fueron registradas; 94 coinciden por objeto. Inactividad no equivale a eliminación del inventario."
"ValidationRule","WorkStep","WorkStep.Status_Completado_Mecanico_Requerido","SI","NO","NO","","Objeto fuera de Opportunity, Quote, WorkOrder y Product2","Sin coincidencia por objeto del bloque 9","INACTIVA","No","No","Tooling API lectura Partial 2026-08-06","ALTO","Las 383 reglas fueron registradas; 94 coinciden por objeto. Inactividad no equivale a eliminación del inventario."
"ValidationRule","et4ae5__Automated_Send__c","et4ae5__Automated_Send__c.HoursDelayedMax","SI","NO","NO","","Objeto fuera de Opportunity, Quote, WorkOrder y Product2","Sin coincidencia por objeto del bloque 9","ACTIVA","No","No","Tooling API lectura Partial 2026-08-06","ALTO","Las 383 reglas fueron registradas; 94 coinciden por objeto. Inactividad no equivale a eliminación del inventario."
"ValidationRule","et4ae5__IndividualEmailResult__c","et4ae5__IndividualEmailResult__c.Prevent_Email_and_Triggered_Send_link","SI","NO","NO","","Objeto fuera de Opportunity, Quote, WorkOrder y Product2","Sin coincidencia por objeto del bloque 9","ACTIVA","No","No","Tooling API lectura Partial 2026-08-06","ALTO","Las 383 reglas fueron registradas; 94 coinciden por objeto. Inactividad no equivale a eliminación del inventario."
"ValidationRule","hora_extraordinaria__c","hora_extraordinaria__c.Rangos_Motos","SI","NO","NO","","Objeto fuera de Opportunity, Quote, WorkOrder y Product2","Sin coincidencia por objeto del bloque 9","ACTIVA","No","No","Tooling API lectura Partial 2026-08-06","ALTO","Las 383 reglas fueron registradas; 94 coinciden por objeto. Inactividad no equivale a eliminación del inventario."
"ValidationRule","hora_extraordinaria__c","hora_extraordinaria__c.Tiempo_Obligatorio","SI","NO","NO","","Objeto fuera de Opportunity, Quote, WorkOrder y Product2","Sin coincidencia por objeto del bloque 9","ACTIVA","No","No","Tooling API lectura Partial 2026-08-06","ALTO","Las 383 reglas fueron registradas; 94 coinciden por objeto. Inactividad no equivale a eliminación del inventario."
"ValidationRule","hora_extraordinaria__c","hora_extraordinaria__c.multiplos_de_30","SI","NO","NO","","Objeto fuera de Opportunity, Quote, WorkOrder y Product2","Sin coincidencia por objeto del bloque 9","ACTIVA","No","No","Tooling API lectura Partial 2026-08-06","ALTO","Las 383 reglas fueron registradas; 94 coinciden por objeto. Inactividad no equivale a eliminación del inventario."
"ValidationRule","hora_extraordinaria__c","hora_extraordinaria__c.orden_de_fecha","SI","NO","NO","","Objeto fuera de Opportunity, Quote, WorkOrder y Product2","Sin coincidencia por objeto del bloque 9","ACTIVA","No","No","Tooling API lectura Partial 2026-08-06","ALTO","Las 383 reglas fueron registradas; 94 coinciden por objeto. Inactividad no equivale a eliminación del inventario."
"ValidationRule","tipoCargo__c","tipoCargo__c.Currency_Validator","SI","NO","NO","","Objeto fuera de Opportunity, Quote, WorkOrder y Product2","Sin coincidencia por objeto del bloque 9","INACTIVA","No","No","Tooling API lectura Partial 2026-08-06","ALTO","Las 383 reglas fueron registradas; 94 coinciden por objeto. Inactividad no equivale a eliminación del inventario."
"ValidationRule","tipoCargo__c","tipoCargo__c.Validacion_tipo_de_cargo","SI","NO","NO","","Objeto fuera de Opportunity, Quote, WorkOrder y Product2","Sin coincidencia por objeto del bloque 9","INACTIVA","No","No","Tooling API lectura Partial 2026-08-06","ALTO","Las 383 reglas fueron registradas; 94 coinciden por objeto. Inactividad no equivale a eliminación del inventario."
"ApprovalProcess","AprobacionCentroCosto__c","AprobacionCentroCosto__c.Aprobacion_por_Centro_de_Costo","SI","NO","NO","","Objeto financiero/auxiliar fuera de los objetos del bloque 9","Criterios y pasos recuperados sin registrar identidades personales","ACTIVO_POR_CONFIRMAR","No","No","List/retrieve temporal de 18 Approval Processes en Partial 2026-08-06","ALTO","12 incluidos y 6 excluidos nominalmente."
"ApprovalProcess","Oportunidad_de_Financiamiento__c","Oportunidad_de_Financiamiento__c.Aprobacion_Oportunidad_de_Financiamiento","SI","NO","NO","","Objeto financiero/auxiliar fuera de los objetos del bloque 9","Criterios y pasos recuperados sin registrar identidades personales","ACTIVO_POR_CONFIRMAR","No","No","List/retrieve temporal de 18 Approval Processes en Partial 2026-08-06","ALTO","12 incluidos y 6 excluidos nominalmente."
"ApprovalProcess","Oportunidad_de_Financiamiento__c","Oportunidad_de_Financiamiento__c.PreAprobacionCoordinadorCreditoCobro","SI","NO","NO","","Objeto financiero/auxiliar fuera de los objetos del bloque 9","Criterios y pasos recuperados sin registrar identidades personales","ACTIVO_POR_CONFIRMAR","No","No","List/retrieve temporal de 18 Approval Processes en Partial 2026-08-06","ALTO","12 incluidos y 6 excluidos nominalmente."
"ApprovalProcess","Oportunidad_de_Financiamiento__c","Oportunidad_de_Financiamiento__c.aptobacionMontoFinanciar","SI","NO","NO","","Objeto financiero/auxiliar fuera de los objetos del bloque 9","Criterios y pasos recuperados sin registrar identidades personales","ACTIVO_POR_CONFIRMAR","No","No","List/retrieve temporal de 18 Approval Processes en Partial 2026-08-06","ALTO","12 incluidos y 6 excluidos nominalmente."
"ApprovalProcess","Oportunidad_de_Financiamiento__c","Oportunidad_de_Financiamiento__c.aptobacionMontoFinanciar2","SI","NO","NO","","Objeto financiero/auxiliar fuera de los objetos del bloque 9","Criterios y pasos recuperados sin registrar identidades personales","ACTIVO_POR_CONFIRMAR","No","No","List/retrieve temporal de 18 Approval Processes en Partial 2026-08-06","ALTO","12 incluidos y 6 excluidos nominalmente."
"ApprovalProcess","Oportunidad_de_Financiamiento__c","Oportunidad_de_Financiamiento__c.aptobacionMontoFinanciar_Clone","SI","NO","NO","","Objeto financiero/auxiliar fuera de los objetos del bloque 9","Criterios y pasos recuperados sin registrar identidades personales","ACTIVO_POR_CONFIRMAR","No","No","List/retrieve temporal de 18 Approval Processes en Partial 2026-08-06","ALTO","12 incluidos y 6 excluidos nominalmente."
"ApprovalProcess","Opportunity","Opportunity.Aprobacion_descuento_Director_Full_Team","SI","NO","SI","Coincide con descuento, centro de costo, garantía o Quote del alcance","Objeto financiero/auxiliar fuera de los objetos del bloque 9","Criterios y pasos recuperados sin registrar identidades personales","ACTIVO_POR_CONFIRMAR","Por determinar","No","List/retrieve temporal de 18 Approval Processes en Partial 2026-08-06","ALTO","12 incluidos y 6 excluidos nominalmente."
"ApprovalProcess","Opportunity","Opportunity.Aprobacion_descuento_Director_Gerente4","SI","NO","SI","Coincide con descuento, centro de costo, garantía o Quote del alcance","Objeto financiero/auxiliar fuera de los objetos del bloque 9","Criterios y pasos recuperados sin registrar identidades personales","ACTIVO_POR_CONFIRMAR","Por determinar","No","List/retrieve temporal de 18 Approval Processes en Partial 2026-08-06","ALTO","12 incluidos y 6 excluidos nominalmente."
"ApprovalProcess","Opportunity","Opportunity.Aprobacion_descuento_Director_con_Jefe","SI","NO","SI","Coincide con descuento, centro de costo, garantía o Quote del alcance","Objeto financiero/auxiliar fuera de los objetos del bloque 9","Criterios y pasos recuperados sin registrar identidades personales","ACTIVO_POR_CONFIRMAR","Por determinar","No","List/retrieve temporal de 18 Approval Processes en Partial 2026-08-06","ALTO","12 incluidos y 6 excluidos nominalmente."
"ApprovalProcess","Opportunity","Opportunity.Aprobacion_descuento_Gerente_sin_Gerente","SI","NO","SI","Coincide con descuento, centro de costo, garantía o Quote del alcance","Objeto financiero/auxiliar fuera de los objetos del bloque 9","Criterios y pasos recuperados sin registrar identidades personales","ACTIVO_POR_CONFIRMAR","Por determinar","No","List/retrieve temporal de 18 Approval Processes en Partial 2026-08-06","ALTO","12 incluidos y 6 excluidos nominalmente."
"ApprovalProcess","Opportunity","Opportunity.Aprobacion_descuento_Gerente_sin_jefe","SI","NO","SI","Coincide con descuento, centro de costo, garantía o Quote del alcance","Objeto financiero/auxiliar fuera de los objetos del bloque 9","Criterios y pasos recuperados sin registrar identidades personales","ACTIVO_POR_CONFIRMAR","Por determinar","No","List/retrieve temporal de 18 Approval Processes en Partial 2026-08-06","ALTO","12 incluidos y 6 excluidos nominalmente."
"ApprovalProcess","Opportunity","Opportunity.Aprobacion_descuento_Jefe_con_jefe","SI","NO","SI","Coincide con descuento, centro de costo, garantía o Quote del alcance","Objeto financiero/auxiliar fuera de los objetos del bloque 9","Criterios y pasos recuperados sin registrar identidades personales","ACTIVO_POR_CONFIRMAR","Por determinar","No","List/retrieve temporal de 18 Approval Processes en Partial 2026-08-06","ALTO","12 incluidos y 6 excluidos nominalmente."
"ApprovalProcess","Opportunity","Opportunity.Aprobacion_descuento_Jefe_sin_Jefe","SI","NO","SI","Coincide con descuento, centro de costo, garantía o Quote del alcance","Objeto financiero/auxiliar fuera de los objetos del bloque 9","Criterios y pasos recuperados sin registrar identidades personales","ACTIVO_POR_CONFIRMAR","Por determinar","No","List/retrieve temporal de 18 Approval Processes en Partial 2026-08-06","ALTO","12 incluidos y 6 excluidos nominalmente."
"ApprovalProcess","Opportunity","Opportunity.Aprobacion_descuento_gerente_con_Jefe","SI","NO","SI","Coincide con descuento, centro de costo, garantía o Quote del alcance","Objeto financiero/auxiliar fuera de los objetos del bloque 9","Criterios y pasos recuperados sin registrar identidades personales","ACTIVO_POR_CONFIRMAR","Por determinar","No","List/retrieve temporal de 18 Approval Processes en Partial 2026-08-06","ALTO","12 incluidos y 6 excluidos nominalmente."
"ApprovalProcess","Quote","Quote.CPAprobacionCargoInternoQuote","SI","NO","SI","Coincide con descuento, centro de costo, garantía o Quote del alcance","Objeto financiero/auxiliar fuera de los objetos del bloque 9","Criterios y pasos recuperados sin registrar identidades personales","ACTIVO_POR_CONFIRMAR","Por determinar","No","List/retrieve temporal de 18 Approval Processes en Partial 2026-08-06","ALTO","12 incluidos y 6 excluidos nominalmente."
"ApprovalProcess","WorkOrder","WorkOrder.AprobacionCentroDeCostos","SI","NO","SI","Coincide con descuento, centro de costo, garantía o Quote del alcance","Objeto financiero/auxiliar fuera de los objetos del bloque 9","Criterios y pasos recuperados sin registrar identidades personales","ACTIVO_POR_CONFIRMAR","Por determinar","No","List/retrieve temporal de 18 Approval Processes en Partial 2026-08-06","ALTO","12 incluidos y 6 excluidos nominalmente."
"ApprovalProcess","WorkOrder","WorkOrder.PROCESO_DE_APROB_GARANTIA","SI","NO","SI","Coincide con descuento, centro de costo, garantía o Quote del alcance","Objeto financiero/auxiliar fuera de los objetos del bloque 9","Criterios y pasos recuperados sin registrar identidades personales","ACTIVO_POR_CONFIRMAR","Por determinar","No","List/retrieve temporal de 18 Approval Processes en Partial 2026-08-06","ALTO","12 incluidos y 6 excluidos nominalmente."
"ApprovalProcess","WorkOrder","WorkOrder.PROCESO_DE_APROB_GARANTIA_CITA_TALLER","SI","NO","SI","Coincide con descuento, centro de costo, garantía o Quote del alcance","Objeto financiero/auxiliar fuera de los objetos del bloque 9","Criterios y pasos recuperados sin registrar identidades personales","ACTIVO_POR_CONFIRMAR","Por determinar","No","List/retrieve temporal de 18 Approval Processes en Partial 2026-08-06","ALTO","12 incluidos y 6 excluidos nominalmente."
"Role","UserRole","Asesores_y_Mecanicos_de_Servicio_Autos","SI","NO","SI","Los 15 roles son el universo completo devuelto por Partial; se conservan para evaluar cobertura organizacional","","No hay rol PEKING/Omoda/Jaecoo identificado","ACTIVO_COMO_METADATA","Por determinar","No","List/retrieve temporal de roles Partial 2026-08-06","ALTO","No se infieren ni crean roles PEKING."
"Role","UserRole","Asesores_y_Mecanicos_de_Servicio_Motos","SI","NO","SI","Los 15 roles son el universo completo devuelto por Partial; se conservan para evaluar cobertura organizacional","","No hay rol PEKING/Omoda/Jaecoo identificado","ACTIVO_COMO_METADATA","Por determinar","No","List/retrieve temporal de roles Partial 2026-08-06","ALTO","No se infieren ni crean roles PEKING."
"Role","UserRole","Call_Center_Asistente_de_Motos","SI","NO","SI","Los 15 roles son el universo completo devuelto por Partial; se conservan para evaluar cobertura organizacional","","No hay rol PEKING/Omoda/Jaecoo identificado","ACTIVO_COMO_METADATA","Por determinar","No","List/retrieve temporal de roles Partial 2026-08-06","ALTO","No se infieren ni crean roles PEKING."
"Role","UserRole","Call_Center_Asistente_de_ventas","SI","NO","SI","Los 15 roles son el universo completo devuelto por Partial; se conservan para evaluar cobertura organizacional","","No hay rol PEKING/Omoda/Jaecoo identificado","ACTIVO_COMO_METADATA","Por determinar","No","List/retrieve temporal de roles Partial 2026-08-06","ALTO","No se infieren ni crean roles PEKING."
"Role","UserRole","Direccion_de_Postventa_Autos","SI","NO","SI","Los 15 roles son el universo completo devuelto por Partial; se conservan para evaluar cobertura organizacional","","No hay rol PEKING/Omoda/Jaecoo identificado","ACTIVO_COMO_METADATA","Por determinar","No","List/retrieve temporal de roles Partial 2026-08-06","ALTO","No se infieren ni crean roles PEKING."
"Role","UserRole","Direccion_de_Postventa_Motos","SI","NO","SI","Los 15 roles son el universo completo devuelto por Partial; se conservan para evaluar cobertura organizacional","","No hay rol PEKING/Omoda/Jaecoo identificado","ACTIVO_COMO_METADATA","Por determinar","No","List/retrieve temporal de roles Partial 2026-08-06","ALTO","No se infieren ni crean roles PEKING."
"Role","UserRole","Direccion_de_Ventas_Autos","SI","NO","SI","Los 15 roles son el universo completo devuelto por Partial; se conservan para evaluar cobertura organizacional","","No hay rol PEKING/Omoda/Jaecoo identificado","ACTIVO_COMO_METADATA","Por determinar","No","List/retrieve temporal de roles Partial 2026-08-06","ALTO","No se infieren ni crean roles PEKING."
"Role","UserRole","Direccion_de_Ventas_Motos","SI","NO","SI","Los 15 roles son el universo completo devuelto por Partial; se conservan para evaluar cobertura organizacional","","No hay rol PEKING/Omoda/Jaecoo identificado","ACTIVO_COMO_METADATA","Por determinar","No","List/retrieve temporal de roles Partial 2026-08-06","ALTO","No se infieren ni crean roles PEKING."
"Role","UserRole","Jefatura_de_Postventa_Autos","SI","NO","SI","Los 15 roles son el universo completo devuelto por Partial; se conservan para evaluar cobertura organizacional","","No hay rol PEKING/Omoda/Jaecoo identificado","ACTIVO_COMO_METADATA","Por determinar","No","List/retrieve temporal de roles Partial 2026-08-06","ALTO","No se infieren ni crean roles PEKING."
"Role","UserRole","Jefatura_de_Postventa_Motos","SI","NO","SI","Los 15 roles son el universo completo devuelto por Partial; se conservan para evaluar cobertura organizacional","","No hay rol PEKING/Omoda/Jaecoo identificado","ACTIVO_COMO_METADATA","Por determinar","No","List/retrieve temporal de roles Partial 2026-08-06","ALTO","No se infieren ni crean roles PEKING."
"Role","UserRole","Jefe_de_Ventas_Autos","SI","NO","SI","Los 15 roles son el universo completo devuelto por Partial; se conservan para evaluar cobertura organizacional","","No hay rol PEKING/Omoda/Jaecoo identificado","ACTIVO_COMO_METADATA","Por determinar","No","List/retrieve temporal de roles Partial 2026-08-06","ALTO","No se infieren ni crean roles PEKING."
"Role","UserRole","Jefe_de_Ventas_Motos","SI","NO","SI","Los 15 roles son el universo completo devuelto por Partial; se conservan para evaluar cobertura organizacional","","No hay rol PEKING/Omoda/Jaecoo identificado","ACTIVO_COMO_METADATA","Por determinar","No","List/retrieve temporal de roles Partial 2026-08-06","ALTO","No se infieren ni crean roles PEKING."
"Role","UserRole","Vendedores_Autos","SI","NO","SI","Los 15 roles son el universo completo devuelto por Partial; se conservan para evaluar cobertura organizacional","","No hay rol PEKING/Omoda/Jaecoo identificado","ACTIVO_COMO_METADATA","Por determinar","No","List/retrieve temporal de roles Partial 2026-08-06","ALTO","No se infieren ni crean roles PEKING."
"Role","UserRole","Vendedores_Motos","SI","NO","SI","Los 15 roles son el universo completo devuelto por Partial; se conservan para evaluar cobertura organizacional","","No hay rol PEKING/Omoda/Jaecoo identificado","ACTIVO_COMO_METADATA","Por determinar","No","List/retrieve temporal de roles Partial 2026-08-06","ALTO","No se infieren ni crean roles PEKING."
"Role","UserRole","View_All","SI","NO","SI","Los 15 roles son el universo completo devuelto por Partial; se conservan para evaluar cobertura organizacional","","No hay rol PEKING/Omoda/Jaecoo identificado","ACTIVO_COMO_METADATA","Por determinar","No","List/retrieve temporal de roles Partial 2026-08-06","ALTO","No se infieren ni crean roles PEKING."
"NamedCredential","Configuración","AlticaServicioValorActivo","SI","NO","NO","","El nombre/tipo no demuestra ser el mecanismo autoritativo Softland","Sin referencia nominal a Softland verificable","NO_CONSULTADO_CONTENIDO","Por determinar","No","Inventario de tipos/nombres no sensibles en Partial 2026-08-06","MEDIO","No se leyeron valores, endpoints ni secretos."
"NamedCredential","Configuración","cisco_webex__U2C_WBX2","SI","NO","NO","","El nombre/tipo no demuestra ser el mecanismo autoritativo Softland","Sin referencia nominal a Softland verificable","NO_CONSULTADO_CONTENIDO","Por determinar","No","Inventario de tipos/nombres no sensibles en Partial 2026-08-06","MEDIO","No se leyeron valores, endpoints ni secretos."
"NamedCredential","Configuración","cisco_webex__Webex","SI","NO","NO","","El nombre/tipo no demuestra ser el mecanismo autoritativo Softland","Sin referencia nominal a Softland verificable","NO_CONSULTADO_CONTENIDO","Por determinar","No","Inventario de tipos/nombres no sensibles en Partial 2026-08-06","MEDIO","No se leyeron valores, endpoints ni secretos."
"NamedCredential","Configuración","Motorrad_Portal_Registro","SI","NO","NO","","El nombre/tipo no demuestra ser el mecanismo autoritativo Softland","Sin referencia nominal a Softland verificable","NO_CONSULTADO_CONTENIDO","Por determinar","No","Inventario de tipos/nombres no sensibles en Partial 2026-08-06","MEDIO","No se leyeron valores, endpoints ni secretos."
"NamedCredential","Configuración","Tooling_API_Credential","SI","NO","NO","","El nombre/tipo no demuestra ser el mecanismo autoritativo Softland","Sin referencia nominal a Softland verificable","NO_CONSULTADO_CONTENIDO","Por determinar","No","Inventario de tipos/nombres no sensibles en Partial 2026-08-06","MEDIO","No se leyeron valores, endpoints ni secretos."
"ExternalCredential","Configuración","Altica","SI","NO","NO","","El nombre/tipo no demuestra ser el mecanismo autoritativo Softland","Sin referencia nominal a Softland verificable","NO_CONSULTADO_CONTENIDO","Por determinar","No","Inventario de tipos/nombres no sensibles en Partial 2026-08-06","MEDIO","No se leyeron valores, endpoints ni secretos."
"ExternalCredential","Configuración","Motorrad_Portal_Registro_EC","SI","NO","NO","","El nombre/tipo no demuestra ser el mecanismo autoritativo Softland","Sin referencia nominal a Softland verificable","NO_CONSULTADO_CONTENIDO","Por determinar","No","Inventario de tipos/nombres no sensibles en Partial 2026-08-06","MEDIO","No se leyeron valores, endpoints ni secretos."
"ExternalCredential","Configuración","ToolingApi","SI","NO","NO","","El nombre/tipo no demuestra ser el mecanismo autoritativo Softland","Sin referencia nominal a Softland verificable","NO_CONSULTADO_CONTENIDO","Por determinar","No","Inventario de tipos/nombres no sensibles en Partial 2026-08-06","MEDIO","No se leyeron valores, endpoints ni secretos."
"CustomMetadataType","Configuración","RM_Config__mdt","SI","NO","NO","","El nombre/tipo no demuestra ser el mecanismo autoritativo Softland","Sin referencia nominal a Softland verificable","NO_CONSULTADO_CONTENIDO","Por determinar","No","Inventario de tipos/nombres no sensibles en Partial 2026-08-06","MEDIO","No se leyeron valores, endpoints ni secretos."
"CustomObject/CustomSetting","Configuración","Empresa__c","SI","NO","NO","","El nombre/tipo no demuestra ser el mecanismo autoritativo Softland","Sin referencia nominal a Softland verificable","NO_CONSULTADO_CONTENIDO","Por determinar","No","Inventario de tipos/nombres no sensibles en Partial 2026-08-06","MEDIO","No se leyeron valores, endpoints ni secretos."
"PlaceholderInvestigacion","Configuración","Mecanismo_configurable_endpoints_Softland","SI","NO","NO","","No es metadata nominal confirmada","Referencia documental sin componente API identificado","NO_APLICA","Por determinar","No","Limitación documentada 2026-08-06","ALTO","Clasificación: PENDIENTE_IDENTIFICAR_COMPONENTE_AUTORITATIVO; no contar nominal."
